-- MySQL dump 10.13  Distrib 5.6.19, for Win64 (x86_64)
--
-- Host: localhost    Database: oc
-- ------------------------------------------------------
-- Server version	5.6.19

/*!40101 SET @OLD_CHARACTER_SET_CLIENT=@@CHARACTER_SET_CLIENT */;
/*!40101 SET @OLD_CHARACTER_SET_RESULTS=@@CHARACTER_SET_RESULTS */;
/*!40101 SET @OLD_COLLATION_CONNECTION=@@COLLATION_CONNECTION */;
/*!40101 SET NAMES utf8 */;
/*!40103 SET @OLD_TIME_ZONE=@@TIME_ZONE */;
/*!40103 SET TIME_ZONE='+00:00' */;
/*!40014 SET @OLD_UNIQUE_CHECKS=@@UNIQUE_CHECKS, UNIQUE_CHECKS=0 */;
/*!40014 SET @OLD_FOREIGN_KEY_CHECKS=@@FOREIGN_KEY_CHECKS, FOREIGN_KEY_CHECKS=0 */;
/*!40101 SET @OLD_SQL_MODE=@@SQL_MODE, SQL_MODE='NO_AUTO_VALUE_ON_ZERO' */;
/*!40111 SET @OLD_SQL_NOTES=@@SQL_NOTES, SQL_NOTES=0 */;

--
-- Current Database: `octur`
--

CREATE DATABASE /*!32312 IF NOT EXISTS*/ `oc` /*!40100 DEFAULT CHARACTER SET utf8 */;

USE `octur`;

--
-- Table structure for table `aeroporto`
--

DROP TABLE IF EXISTS `aeroporto`;
/*!40101 SET @saved_cs_client     = @@character_set_client */;
/*!40101 SET character_set_client = utf8 */;
CREATE TABLE `aeroporto` (
  `id` int(11) NOT NULL AUTO_INCREMENT,
  `nome` varchar(255) DEFAULT NULL,
  `cidade` int(11) NOT NULL,
  `taxaembarque` double DEFAULT NULL,
  PRIMARY KEY (`id`),
  KEY `cidade_index` (`cidade`),
  CONSTRAINT `aeroporto_ibfk_1` FOREIGN KEY (`cidade`) REFERENCES `cidade` (`id`)
) ENGINE=InnoDB AUTO_INCREMENT=234 DEFAULT CHARSET=utf8;
/*!40101 SET character_set_client = @saved_cs_client */;

--
-- Dumping data for table `aeroporto`
--

LOCK TABLES `aeroporto` WRITE;
/*!40000 ALTER TABLE `aeroporto` DISABLE KEYS */;
INSERT INTO `aeroporto` VALUES (1,'Cruzeiro do Sul',1,32.83),(2,'Presidente Medici',2,38.58),(3,'Zumbi dos Palmares',3,14.67),(4,'Boa Vista',4,22.07),(5,'Eduardo Gomes',5,33.1),(6,'Maestro Wilson Fonseca',6,15.79),(7,'Alberto Alcolumbre',7,14.2),(8,'Deputado Luis Eduardo Magalhaes',8,30.86),(9,'Dois de Julho',8,43.52),(10,'Pinto Martins',9,44.85),(11,'Presidente Juscelino Kubitschek',10,45.55),(12,'Goiabeiras',11,48.02),(13,'Santa Genoveva',12,39.99),(14,'Marechal Cunha Machado',13,47.47),(15,'Pampulha',14,11.77),(16,'Tancredo Neves',14,41.24),(17,'Antônio João',15,39.72),(18,'Corumba',16,44.97),(19,'Ponta Porã',17,28.24),(20,'Marechal Rondon',18,21.6),(21,'Val de Cans',19,32.04),(22,'Presidente Castro Pinto',20,40.95),(23,'Gilberto Freyre',21,19.89),(24,'Senador Nilo Coelho',22,49.3),(25,'Afonso Pena',23,24.67),(26,'Cataratas',24,46.55),(27,'Afonso Pena',23,49.07),(28,'Antonio Carlos Jobim',25,11.6),(29,'Cabo Frio',26,46.06),(30,'Santos Dumont',27,29.96),(31,'Augusto Severo',28,48.72),(32,'Governador Jorge Teixeira de Oliveira',29,23.48),(33,'Comandante Gustavo Kraemer',30,12.48),(34,'Salgado Filho',31,39.01),(35,'Hercilio Luz',32,28.68),(36,'Lauro Carneiro de Loyola',33,10.98),(37,'Ministro Victor Konder',34,21.4),(38,'Viracopos',35,20.81),(39,'Congonhas',36,41.38),(40,'André Franco Montoro',37,45.1),(41,'Leite Lopes',38,23.31),(42,'Professor Urbano Ernesto Stumpf',39,12.05),(43,'Aachen Airport',43,31.46),(44,'Aalborg Airport AMBA',44,20.63),(45,'Abbotsford International Airport',45,35.29),(46,'Abdulaziz Airport',46,17.66),(47,'Aberdeen Airport',47,17.86),(48,'Abidjan International Airport',48,23.02),(49,'Abruzzo International Airport',49,34.67),(50,'Abu Dhabi International Airport',50,11.99),(51,'Abu Simbel Airport',51,46.26),(52,'Abuja - Nnamdi Azikwe International Airport',52,38.65),(53,'Acapulco - General Juan N Alvarez International',53,16.89),(54,'Accra - Kotoka International Airport',54,21.08),(55,'Adams Field',55,42.77),(56,'Adana - Sakirpasa Airport',56,21.54),(57,'Addis Ababa - Bole International Airport',57,16.87),(58,'Adelaide Airport',58,21.66),(59,'Aden International Airport',59,25.66),(60,'Adi Sucipto International Airport',60,35.47),(61,'Aerodrom Portoroz doo',61,26.91),(62,'Aéroport d´Annecy - Meythet',62,28.15),(63,'Aeroporto da Praia',63,44.06),(64,'Aeropuerto Central Ciudad Real',64,18.6),(65,'Agadir - Al Massira International Airport',65,35.66),(66,'Agra Airport',66,39.6),(67,'Aguadilla - Rafael Hernandez Airport',67,16.53),(68,'Aguenar Airport',68,33.76),(69,'Ahmadabad Airport',69,12.02),(70,'Aitutaki Airport',70,45.73),(71,'Akita Airport',71,26.39),(72,'Al Maktoum International Airport',72,39.07),(73,'Alderney Airport',73,42.75),(74,'Alejandro Velasco Astete Int´l Airport',74,17.39),(75,'Aleppo International Airport',75,22),(76,'Alexander the Great Airport',76,14.45),(77,'Alexandros Papadiamantis Airport',77,45.4),(78,'Alfonso Bonilla Aragon Airport',78,36.56),(79,'Ali - Gunsa Airport',79,29.38),(80,'Allama Iqbal International Airport',80,26.82),(81,'Allgäu Airport',81,46.07),(82,'Alma Ata',82,43.91),(83,'Alor Setar Airport',83,40.14),(84,'Alta Airport',84,21.71),(85,'Altenrhein - St Gallen Airport',85,11.67),(86,'Alykel Airport',86,42.92),(87,'Amata Kabua International Airport',87,42.7),(88,'Amborovy Airport',88,38.52),(89,'Ambouli Airport',89,15.4),(90,'Ambrosio L V Taravella',90,28.71),(91,'American Samoa Airport',91,34.48),(92,'Amman - Queen Alia International Airport',92,45.81),(93,'Andorra Airport',93,13.24),(94,'Angelholm - Helsingborg Airport',94,32.58),(95,'Anguilla Wallblake Airport',95,20.51),(96,'Antigua V C Bird International Airport',96,43.73),(97,'Antofagasta Airport- Cerro Moreno',97,37.51),(98,'Antonio Maceo Airport',98,38.03),(99,'Antonov',99,11.94),(100,'Antwerp Airport',100,18.49),(101,'Arad International Airport',101,31.65),(102,'Aruba - Queen Beatrix Airport',102,26.16),(103,'Arusha Airport',103,25.86),(104,'AS Sulaimaniyah West Airport',104,12.53),(105,'Ashkabad Airport',105,37.28),(106,'Asmara Int´l Airport',106,30.81),(107,'Asuncion - Silvio Pettirossi International Airport',107,22.74),(108,'Auckland International Airport',108,36.67),(109,'Augusto C Sandino International Airport',109,12.58),(110,'Babelthaup/Koror Airport',110,38.47),(111,'Badala Airport',111,34.51),(112,'Bagram Air Base',112,39.57),(113,'Bahrain International Airport',113,26.42),(114,'Baku - Heydar Aliyev Int´l Airport',114,41.9),(115,'Balice Airport',115,36.92),(116,'Ballasalla Airport',116,27.46),(117,'Bamako - Senou International Airport',117,24.62),(118,'Bandar Seri Begawan Airport',118,43.68),(119,'Bandaranaike International Airport',119,13.39),(120,'Bangkok International Airport',120,28.02),(121,'Bangui-M´Poko Airport',121,26.33),(122,'Banja Luka Airport',122,18.45),(123,'Banjul International Airport',123,21.89),(124,'Baotou Airport',124,40.99),(125,'Barahona - Aeropuerto Internacional Maria Montez',125,45.7),(126,'Bata Airport',126,29.3),(127,'Batumi Airport',127,24.68),(128,'Baucau - Cakung Airport',128,47.76),(129,'Bauerfield Airport',129,17.66),(130,'Beira International Airport',130,48.41),(131,'Beirut - Rafic Hariri International Airport',131,17.26),(132,'Belgrade - Nikola Tesla Airport',132,14.2),(133,'Belize - Phillip S W Goldson Airport',133,47.81),(134,'Ben Gurion International Airport',134,13.95),(135,'Benghazi - Benina International Airport',135,31.84),(136,'Berbera Airport',136,17.36),(137,'Bermuda International Airport',137,40.75),(138,'Bishkek - Manas International Airport',138,40.43),(139,'Bissau - Osvaldo Vieira International Airport',139,44.61),(140,'Blantyre - Chileka International Airport',140,33.15),(141,'Bloemfontein Airport',141,27.28),(142,'Blue Danube Airport',142,31.77),(143,'Bonaire - Flamingo Airport',143,40.96),(144,'Bonriki Int´l Airport',144,35.67),(145,'Boosaaso - Bender Qassim International Airport',145,29.61),(146,'Bora Bora Airport',146,35.74),(147,'Bourgas Airport',147,13.56),(148,'Brac Airport',148,38.73),(149,'Braganca Aerodrome',149,13.13),(150,'Bratislava - M R Stefanik Airport',150,45.48),(151,'Brazzaville - Maya Maya Airport',151,37.83),(152,'Brno-Turany Airport',152,36.02),(153,'Budapest Ferihegy International Airport',153,30.32),(154,'Bujumbura Airport',154,18.18),(155,'Bukhara International Airport',155,21.86),(156,'Bulawayo - JM Nkomo International Airport',156,32.82),(157,'Buon Ma Thuot Airport',157,12.68),(158,'Busan',158,42.86),(159,'Canefield Airport',159,48.8),(160,'Cap Haitien International Airport',160,17.23),(161,'Capitan Oriel Lea Plaza',161,42.39),(162,'Carrasco International Airport',162,49.74),(163,'Carthage International Airport',163,32.61),(164,'Castries - George FL Charles Airport',164,13.14),(165,'Cayenne - Rochambeau Airport',165,44.64),(166,'Changi Airport',166,14.36),(167,'Channel Islands - Jersey Airport',167,45.77),(168,'Chek Lap Kok Airport',168,23.31),(169,'Chiang Kai Shek International Airport',169,39.89),(170,'Chinita Airport',170,23.19),(171,'Chisinau International Airport',171,46.68),(172,'Chittagong - Shah Amanat Int´l Airport',172,30.47),(173,'Chuuk International Airport',173,43.95),(174,'Clark International Airport',174,12.32),(175,'Connaught Airport',175,16.41),(176,'Cotonou Cadjehoun Airport',176,37.6),(177,'Crown Point International Airport',177,41.08),(178,'Dakar-Yoff - Leopol Sedar Senghor International Airport',178,14.05),(179,'Diori Hamani Int´l Airport',179,17.15),(180,'Doha International Airport',180,43.36),(181,'Douala International Airport',181,46.37),(182,'Dushanbe Airport',182,26.34),(183,'Dzaoudzi Pamandzi Airport',183,21.71),(184,'Egilsstadir Airport',184,15.71),(185,'El Hierro Airport',185,15.14),(186,'El Salvador Int´l Airport',186,16.73),(187,'Eldoret International Airport',187,31.99),(188,'Enontekiö Airport',188,18.71),(189,'Entebbe Airport',189,14.65),(190,'Eros Airport',190,17.61),(191,'Exuma International Airport',191,21.8),(192,'Findel International Airport',192,12.92),(193,'Flores Airport',193,13.26),(194,'Flores International Airport',194,42.35),(195,'Franceville - Mvengue El Hadj Omar Bongo Ondimba International Airport',195,29.13),(196,'Francisco De Orellana Airport',196,49.16),(197,'Freetown-Lunghi International Airport',197,42.05),(198,'Fua´amotu Int´l Airport',198,46.07),(199,'Funafuti International Airport',199,12.66),(200,'Funchal - Madeira Airport',200,34.03),(201,'Gan International Airport',201,37.92),(202,'Gaza - Yaser Arafat International Airport',202,15.13),(203,'Gemena Airport',203,34.44),(204,'Georgetown - Cheddi Jagan International Airport',204,33.3),(205,'Gibraltar Airport',205,39.64),(206,'Gnassingbé Eyadéma International Airport',206,22.39),(207,'Golosón International Airport',207,26.05),(208,'Gyumri - Shirak Airport',208,33.48),(209,'Johan Adolf Pengel',209,11.46),(210,'Juan Santamaria Airport',210,18.54),(211,'Kärdla Airport',211,24.55),(212,'Kathmandu - Tribhuvan Airport',212,30.44),(213,'Kaunas Airport',213,41.9),(214,'Khartoum International Airport',214,19.54),(215,'Kigali International Airport',215,46.84),(216,'Kingston - Norman Manley International Airport',216,17.9),(217,'Liepaja International Airport',217,35.65),(218,'Livingstone International Airport',218,27.21),(219,'Luanda - 4 de Fevereiro Airport',219,12.75),(220,'Luqa - Malta International Airport',220,43.33),(221,'Macau International Airport',221,31.68),(222,'Mahe Seychelles Int´l Airport',222,48.36),(223,'Mandalay International Airport',223,30.83),(224,'Monaco Heliport',224,18.73),(225,'Nadi Airport',225,18.99),(226,'Nouadhibou International Airport',226,21.55),(227,'Ouagadougou Airport',227,21.71),(228,'Panama City - Tocumen Airport',228,32.2),(229,'Paro Airport',229,43.48),(230,'Phnom Penh International Airport',230,36.92),(231,'P´yongyang-Sunan Airport',231,29.63),(232,'Salazar Airport',232,17.36),(233,'Stanley - Mount Pleasant Airport',233,22.58);
/*!40000 ALTER TABLE `aeroporto` ENABLE KEYS */;
UNLOCK TABLES;

--
-- Table structure for table `aviao`
--

DROP TABLE IF EXISTS `aviao`;
/*!40101 SET @saved_cs_client     = @@character_set_client */;
/*!40101 SET character_set_client = utf8 */;
CREATE TABLE `aviao` (
  `id` int(11) NOT NULL AUTO_INCREMENT,
  `companhia` int(11) NOT NULL,
  `nome` varchar(12) DEFAULT NULL,
  `capacidade` int(11) NOT NULL,
  PRIMARY KEY (`id`),
  KEY `companhia_index` (`companhia`),
  KEY `capacidade_index` (`capacidade`),
  CONSTRAINT `aviao_ibfk_1` FOREIGN KEY (`companhia`) REFERENCES `companhia` (`id`)
) ENGINE=InnoDB AUTO_INCREMENT=304 DEFAULT CHARSET=utf8;
/*!40101 SET character_set_client = @saved_cs_client */;

--
-- Dumping data for table `aviao`
--

LOCK TABLES `aviao` WRITE;
/*!40000 ALTER TABLE `aviao` DISABLE KEYS */;
INSERT INTO `aviao` VALUES (1,1,'VAM4875',54),(2,1,'VAM4096',48),(3,1,'VAM1497',60),(4,1,'VAM7049',47),(5,1,'VAM4909',48),(6,1,'VAM3683',38),(7,1,'VAM2688',59),(8,1,'VAM8648',46),(9,1,'VAM6663',35),(10,1,'VAM2385',60),(11,1,'VAM2089',34),(12,1,'VAM9658',35),(13,1,'VAM6329',39),(14,1,'VAM3984',57),(15,1,'VAM9526',31),(16,1,'VAM7853',57),(17,1,'VAM1889',41),(18,1,'VAM5061',54),(19,1,'VAM1554',59),(20,1,'VAM6259',50),(21,2,'PEN1844',54),(22,2,'PEN5571',37),(23,2,'PEN8811',45),(24,2,'PEN2904',39),(25,2,'PEN3754',59),(26,2,'PEN6471',43),(27,2,'PEN4933',35),(28,2,'PEN9365',39),(29,2,'PEN3339',49),(30,2,'PEN8808',49),(31,2,'PEN1705',60),(32,2,'PEN5956',54),(33,2,'PEN8382',41),(34,2,'PEN1400',38),(35,2,'PEN1294',35),(36,2,'PEN2588',56),(37,2,'PEN8784',49),(38,3,'AMA2301',32),(39,3,'AMA8455',30),(40,3,'AMA2347',34),(41,3,'AMA4603',57),(42,3,'AMA2459',43),(43,3,'AMA5766',48),(44,3,'AMA7901',38),(45,3,'AMA2713',54),(46,3,'AMA8835',38),(47,3,'AMA7290',48),(48,3,'AMA1873',31),(49,3,'AMA4149',42),(50,3,'AMA1544',35),(51,3,'AMA4000',51),(52,3,'AMA1514',60),(53,3,'AMA3642',46),(54,4,'BEM8825',39),(55,4,'BEM1889',56),(56,4,'BEM7277',39),(57,4,'BEM7592',53),(58,4,'BEM5551',40),(59,4,'BEM9293',31),(60,4,'BEM8573',45),(61,4,'BEM5128',38),(62,4,'BEM9018',38),(63,4,'BEM5107',38),(64,4,'BEM9792',58),(65,4,'BEM5930',36),(66,4,'BEM9907',39),(67,4,'BEM6384',41),(68,4,'BEM6422',34),(69,4,'BEM2068',37),(70,4,'BEM4458',58),(71,4,'BEM9391',45),(72,4,'BEM5206',60),(73,4,'BEM5479',33),(74,5,'VIA2391',37),(75,5,'VIA6262',45),(76,5,'VIA3951',59),(77,5,'VIA8922',36),(78,5,'VIA3585',43),(79,5,'VIA4983',37),(80,5,'VIA9684',44),(81,5,'VIA7829',30),(82,5,'VIA6651',30),(83,5,'VIA9595',39),(84,5,'VIA7652',39),(85,5,'VIA6743',35),(86,5,'VIA5541',41),(87,5,'VIA3002',56),(88,5,'VIA5089',40),(89,5,'VIA8231',39),(90,5,'VIA4791',55),(91,5,'VIA6151',34),(92,6,'ESP6993',34),(93,6,'ESP1703',42),(94,6,'ESP7838',43),(95,6,'ESP6686',39),(96,6,'ESP1062',47),(97,6,'ESP4946',35),(98,6,'ESP6485',30),(99,6,'ESP7326',58),(100,6,'ESP6149',40),(101,6,'ESP7672',36),(102,6,'ESP9571',46),(103,6,'ESP9236',34),(104,6,'ESP5693',58),(105,6,'ESP8267',60),(106,6,'ESP7345',39),(107,6,'ESP7657',53),(108,6,'ESP7210',38),(109,6,'ESP2843',53),(110,6,'ESP8269',33),(111,6,'ESP9131',50),(112,6,'ESP1920',47),(113,7,'UNI9949',41),(114,7,'UNI6960',44),(115,7,'UNI9500',51),(116,7,'UNI2423',55),(117,7,'UNI9503',35),(118,7,'UNI5467',42),(119,7,'UNI8842',36),(120,7,'UNI4881',45),(121,7,'UNI1911',38),(122,7,'UNI3823',33),(123,7,'UNI3671',41),(124,7,'UNI4480',38),(125,7,'UNI9404',42),(126,7,'UNI3946',53),(127,7,'UNI8130',45),(128,7,'UNI5004',32),(129,7,'UNI9026',58),(130,7,'UNI4740',40),(131,7,'UNI2292',33),(132,7,'UNI5497',56),(133,7,'UNI2797',56),(134,7,'UNI9630',31),(135,7,'UNI5332',53),(136,7,'UNI5966',58),(137,7,'UNI8824',33),(138,7,'UNI5189',53),(139,7,'UNI2985',35),(140,7,'UNI9909',38),(141,7,'UNI3029',56),(142,7,'UNI8315',60),(143,7,'UNI4377',55),(144,7,'UNI9292',55),(145,7,'UNI3797',40),(146,7,'UNI1975',49),(147,7,'UNI7230',41),(148,8,'NUV6310',43),(149,8,'NUV1114',36),(150,8,'NUV3680',46),(151,8,'NUV7319',51),(152,8,'NUV9075',33),(153,8,'NUV3334',40),(154,8,'NUV4694',41),(155,8,'NUV9104',51),(156,8,'NUV4288',44),(157,8,'NUV5932',38),(158,8,'NUV4714',56),(159,8,'NUV5686',55),(160,8,'NUV7606',37),(161,8,'NUV2967',38),(162,8,'NUV1359',36),(163,8,'NUV2170',55),(164,8,'NUV9061',57),(165,8,'NUV4375',38),(166,8,'NUV7802',46),(167,8,'NUV1078',30),(168,8,'NUV5981',45),(169,8,'NUV3833',51),(170,8,'NUV9313',32),(171,8,'NUV4913',51),(172,8,'NUV7704',46),(173,8,'NUV5995',42),(174,8,'NUV8301',36),(175,9,'NUB1169',30),(176,9,'NUB3130',35),(177,9,'NUB6910',45),(178,9,'NUB5263',59),(179,9,'NUB4211',46),(180,9,'NUB8798',34),(181,9,'NUB2236',40),(182,9,'NUB5694',33),(183,9,'NUB2707',38),(184,9,'NUB5604',57),(185,9,'NUB8194',58),(186,9,'NUB8867',60),(187,9,'NUB6828',33),(188,9,'NUB2654',44),(189,9,'NUB7449',54),(190,9,'NUB6653',51),(191,9,'NUB8760',43),(192,9,'NUB2029',52),(193,9,'NUB3890',55),(194,9,'NUB7328',37),(195,9,'NUB5033',37),(196,9,'NUB6358',59),(197,9,'NUB6504',59),(198,9,'NUB5279',46),(199,9,'NUB2895',48),(200,9,'NUB3977',33),(201,9,'NUB4820',36),(202,9,'NUB2273',48),(203,9,'NUB7042',46),(204,9,'NUB6734',44),(205,9,'NUB5584',43),(206,9,'NUB3303',48),(207,10,'TRI4731',35),(208,10,'TRI8686',53),(209,10,'TRI2899',52),(210,10,'TRI7917',34),(211,10,'TRI5769',41),(212,10,'TRI9799',54),(213,10,'TRI4929',44),(214,10,'TRI1038',51),(215,10,'TRI7938',38),(216,10,'TRI1532',41),(217,10,'TRI9351',36),(218,10,'TRI5406',31),(219,10,'TRI8998',38),(220,10,'TRI7465',43),(221,10,'TRI7060',44),(222,10,'TRI1640',44),(223,10,'TRI2259',49),(224,10,'TRI2047',52),(225,10,'TRI1487',41),(226,10,'TRI9403',46),(227,10,'TRI7594',49),(228,10,'TRI3174',32),(229,10,'TRI3608',36),(230,10,'TRI5265',50),(231,10,'TRI1064',36),(232,11,'AIR2626',53),(233,11,'AIR7040',38),(234,11,'AIR5187',51),(235,11,'AIR4902',44),(236,11,'AIR7970',33),(237,11,'AIR4999',40),(238,11,'AIR7468',50),(239,11,'AIR2226',43),(240,11,'AIR6263',59),(241,11,'AIR5382',46),(242,11,'AIR6465',42),(243,11,'AIR6499',40),(244,11,'AIR8095',60),(245,11,'AIR9193',54),(246,11,'AIR3617',55),(247,11,'AIR3917',48),(248,11,'AIR8880',42),(249,11,'AIR5151',32),(250,11,'AIR6325',47),(251,11,'AIR2454',51),(252,11,'AIR3307',36),(253,11,'AIR6786',57),(254,11,'AIR1460',52),(255,11,'AIR3974',34),(256,11,'AIR4552',45),(257,11,'AIR3396',57),(258,11,'AIR7778',44),(259,11,'AIR2444',35),(260,11,'AIR5671',42),(261,11,'AIR9469',59),(262,11,'AIR6015',49),(263,11,'AIR5127',43),(264,11,'AIR4802',58),(265,12,'FLI2403',32),(266,12,'FLI7003',60),(267,12,'FLI4481',31),(268,12,'FLI2610',55),(269,12,'FLI5775',31),(270,12,'FLI3170',32),(271,12,'FLI9455',45),(272,12,'FLI3269',39),(273,12,'FLI8875',51),(274,12,'FLI3778',49),(275,12,'FLI2983',47),(276,12,'FLI7997',36),(277,12,'FLI9576',59),(278,12,'FLI1241',55),(279,12,'FLI5807',36),(280,12,'FLI6800',35),(281,12,'FLI7112',31),(282,12,'FLI6920',53),(283,12,'FLI3564',60),(284,12,'FLI9297',35),(285,12,'FLI3762',48),(286,12,'FLI6489',42),(287,12,'FLI3773',37),(288,12,'FLI2412',45),(289,12,'FLI8791',34),(290,12,'FLI2868',50),(291,12,'FLI7016',41),(292,12,'FLI7221',50),(293,12,'FLI1335',37),(294,12,'FLI7903',52),(295,12,'FLI2053',56),(296,12,'FLI9421',60),(297,12,'FLI2287',59),(298,12,'FLI6162',40),(299,12,'FLI4397',49),(300,12,'FLI2624',32),(301,12,'FLI1106',49),(302,12,'FLI2133',58),(303,12,'FLI3000',35);
/*!40000 ALTER TABLE `aviao` ENABLE KEYS */;
UNLOCK TABLES;

--
-- Table structure for table `categoriaevento`
--

DROP TABLE IF EXISTS `categoriaevento`;
/*!40101 SET @saved_cs_client     = @@character_set_client */;
/*!40101 SET character_set_client = utf8 */;
CREATE TABLE `categoriaevento` (
  `id` int(11) NOT NULL AUTO_INCREMENT,
  `nome` varchar(12) DEFAULT NULL,
  PRIMARY KEY (`id`)
) ENGINE=InnoDB AUTO_INCREMENT=9 DEFAULT CHARSET=utf8;
/*!40101 SET character_set_client = @saved_cs_client */;

--
-- Dumping data for table `categoriaevento`
--

LOCK TABLES `categoriaevento` WRITE;
/*!40000 ALTER TABLE `categoriaevento` DISABLE KEYS */;
INSERT INTO `categoriaevento` VALUES (1,'música'),(2,'rodeio'),(3,'festa'),(4,'carnaval'),(5,'alimentos'),(6,'religioso'),(7,'outros'),(8,'negócios');
/*!40000 ALTER TABLE `categoriaevento` ENABLE KEYS */;
UNLOCK TABLES;

--
-- Table structure for table `categoriaproduto`
--

DROP TABLE IF EXISTS `categoriaproduto`;
/*!40101 SET @saved_cs_client     = @@character_set_client */;
/*!40101 SET character_set_client = utf8 */;
CREATE TABLE `categoriaproduto` (
  `id` int(11) NOT NULL AUTO_INCREMENT,
  `nome` varchar(12) DEFAULT NULL,
  PRIMARY KEY (`id`)
) ENGINE=InnoDB AUTO_INCREMENT=8 DEFAULT CHARSET=utf8;
/*!40101 SET character_set_client = @saved_cs_client */;

--
-- Dumping data for table `categoriaproduto`
--

LOCK TABLES `categoriaproduto` WRITE;
/*!40000 ALTER TABLE `categoriaproduto` DISABLE KEYS */;
INSERT INTO `categoriaproduto` VALUES (1,'Pingentes'),(2,'Caixas'),(3,'Bolsas'),(4,'Pulseiras'),(5,'Tecidos'),(6,'Chapéus'),(7,'Outros');
/*!40000 ALTER TABLE `categoriaproduto` ENABLE KEYS */;
UNLOCK TABLES;

--
-- Table structure for table `cidade`
--

DROP TABLE IF EXISTS `cidade`;
/*!40101 SET @saved_cs_client     = @@character_set_client */;
/*!40101 SET character_set_client = utf8 */;
CREATE TABLE `cidade` (
  `id` int(11) NOT NULL AUTO_INCREMENT,
  `nome` varchar(25) DEFAULT NULL,
  `estado` int(11) NOT NULL,
  PRIMARY KEY (`id`),
  KEY `estado_index` (`estado`),
  CONSTRAINT `cidade_ibfk_1` FOREIGN KEY (`estado`) REFERENCES `estado` (`id`)
) ENGINE=InnoDB AUTO_INCREMENT=234 DEFAULT CHARSET=utf8;
/*!40101 SET character_set_client = @saved_cs_client */;

--
-- Dumping data for table `cidade`
--

LOCK TABLES `cidade` WRITE;
/*!40000 ALTER TABLE `cidade` DISABLE KEYS */;
INSERT INTO `cidade` VALUES (1,'Cruzeiro do Sul',1),(2,'Rio Branco',1),(3,'Maceió',2),(4,'Boa Vista',3),(5,'Manaus',3),(6,'Santarém',3),(7,'Macapá',4),(8,'Salvador',5),(9,'Fortaleza',6),(10,'Brasília',7),(11,'Vitória',8),(12,'Goiânia',9),(13,'São Luis',10),(14,'Belo Horizonte',11),(15,'Campo Grande',12),(16,'Corumbá',12),(17,'Ponta Porã',12),(18,'Cuiabá',13),(19,'Belém',14),(20,'João Pessoa',15),(21,'Recife',16),(22,'Petrolina',16),(23,'Curitiba',17),(24,'Foz do Iguaçu',17),(25,'Galeão',18),(26,'Cabo Frio',18),(27,'Rio de Janeiro',18),(28,'Natal',19),(29,'Porto Velho',20),(30,'Bagé',21),(31,'Porto Alegre',21),(32,'Florianópolis',22),(33,'Joinville',22),(34,'Navegantes',22),(35,'Campinas',23),(36,'São Paulo',23),(37,'Guarulhos',23),(38,'Ribeirão Preto',23),(39,'São José dos Campos',23),(40,'Palmas',24),(41,'Boa Vista',25),(42,'Teresina',26),(43,'Beek',27),(44,'Norresundby',28),(45,'Abbotsford',29),(46,'Abdulaziz',30),(47,'Reino Unido',31),(48,'Costa do Marfim',32),(49,'Itália',33),(50,'Abu Dhabi',34),(51,'Egito',35),(52,'Nigéria',36),(53,'México',37),(54,'Gana',38),(55,'Estados Unidos',39),(56,'Turquia',40),(57,'Etiópia',41),(58,'Austrália',42),(59,'Iêmen',43),(60,'Indonésia',44),(61,'Eslovênia',45),(62,'França',46),(63,'Cabo Verde',47),(64,'Espanha',48),(65,'Marrocos',49),(66,'Índia',50),(67,'Porto Rico',51),(68,'Algéria',52),(69,'Irã',53),(70,'Ilhas Cook',54),(71,'Japão',55),(72,'Dubai',56),(73,'Guernesei',57),(74,'Peru',58),(75,'Síria',59),(76,'Macedônia',60),(77,'Grécia',61),(78,'Colômbia',62),(79,'China',63),(80,'Paquistão',64),(81,'Alemanha',65),(82,'Cazaquistão',66),(83,'Malásia',67),(84,'Noruega',68),(85,'Suíça',69),(86,'Rússia',70),(87,'Ilhas Marshall',71),(88,'Madagascar',72),(89,'Jibuti',73),(90,'Argentina',74),(91,'Samoa',75),(92,'Jordânia',76),(93,'Andorra',77),(94,'Suécia',78),(95,'Anguilha',79),(96,'Antiga & Barbuda',80),(97,'Chile',81),(98,'Cuba',82),(99,'Ucrânia',83),(100,'Bélgica',84),(101,'Romênia',85),(102,'Aruba',86),(103,'Tanzânia',87),(104,'Iraque',88),(105,'Turcomenistão',89),(106,'Eritrea',90),(107,'Paraguai',91),(108,'Nova Zelândia',92),(109,'Nicarágua',93),(110,'Palau',94),(111,'Guiné',95),(112,'Afeganistão',96),(113,'Barém',97),(114,'Azerbaijão',98),(115,'Polônia',99),(116,'Ilha de Man',100),(117,'Mali',101),(118,'Brunei',102),(119,'Sri Lanka',103),(120,'Tailândia',104),(121,'República Centro-Africana',105),(122,'Bósnia-Herzegovina',106),(123,'Gâmbia',107),(124,'Mongólia',108),(125,'República Dominicana',109),(126,'Guiné Equatorial',110),(127,'Geórgia',111),(128,'Timor Leste',112),(129,'Vanuatu',113),(130,'Moçambique',114),(131,'Líbano',115),(132,'Sérvia',116),(133,'Belize',117),(134,'Israel',118),(135,'Líbia',119),(136,'Somalilândia',120),(137,'Bermuda',121),(138,'Quirguistão',122),(139,'Guiné-Bissau',123),(140,'Malavi',124),(141,'África do Sul',125),(142,'Áustria',126),(143,'Países Baixos Caribenhos',127),(144,'Quiribati',128),(145,'Somália',129),(146,'Polinésia Francesa',130),(147,'Bulgária',131),(148,'Croácia',132),(149,'Portugal',133),(150,'Eslováquia',134),(151,'Congo',135),(152,'República Tcheca',136),(153,'Hungria',137),(154,'Burundi',138),(155,'Usbequistão',139),(156,'Zimbábue',140),(157,'Vietnã',141),(158,'Coréia do Sul',142),(159,'Dominica',143),(160,'Haiti',144),(161,'Bolívia',145),(162,'Uruguai',146),(163,'Tunísia',147),(164,'Santa Lúcia',148),(165,'Guiana Francesa',149),(166,'Singapura',150),(167,'Jersey',151),(168,'Hong Kong',152),(169,'Taiwan',153),(170,'Venezuela',154),(171,'Moldova',155),(172,'Bangladesh',156),(173,'Micronésia',157),(174,'Filipinas',158),(175,'Irlanda',159),(176,'Benin',160),(177,'Trinidad & Tobago',161),(178,'Senegal',162),(179,'Níger',163),(180,'Catar',164),(181,'Camarões',165),(182,'Tajiquistão',166),(183,'Maiote',167),(184,'Islândia',168),(185,'Ilhas Canary',169),(186,'El Salvador',170),(187,'Quênia',171),(188,'Finlândia',172),(189,'Uganda',173),(190,'Namíbia',174),(191,'Bahamas',175),(192,'Luxemburgo',176),(193,'Açores',177),(194,'Guatemala',178),(195,'Gabão',179),(196,'Equador',180),(197,'Serra Leoa',181),(198,'Tonga',182),(199,'Tuvalu',183),(200,'Madeira',184),(201,'Maldivas',185),(202,'Palestina',186),(203,'Congo',187),(204,'Guiana',188),(205,'Gibraltar',189),(206,'Togo',190),(207,'Honduras',191),(208,'Armênia',192),(209,'Suriname',193),(210,'Costa Rica',194),(211,'Estônia',195),(212,'Nepal',196),(213,'Lituânia',197),(214,'Sudão',198),(215,'Ruanda',199),(216,'Jamaica',200),(217,'Látvia',201),(218,'Zâmbia',202),(219,'Angola',203),(220,'Malta',204),(221,'Macau',205),(222,'Seicheles',206),(223,'Mianmar',207),(224,'Mônaco',208),(225,'Fiji',209),(226,'Mauritânia',210),(227,'Burquina Faso',211),(228,'Panamá',212),(229,'Butão',213),(230,'Cambódia',214),(231,'Coréia do Norte',215),(232,'São Tomé e Príncipe',216),(233,'Ilhas Malvinas',217);
/*!40000 ALTER TABLE `cidade` ENABLE KEYS */;
UNLOCK TABLES;

--
-- Table structure for table `comentario`
--

DROP TABLE IF EXISTS `comentario`;
/*!40101 SET @saved_cs_client     = @@character_set_client */;
/*!40101 SET character_set_client = utf8 */;
CREATE TABLE `comentario` (
  `id` int(11) NOT NULL AUTO_INCREMENT,
  `evento` int(11) NOT NULL,
  `comentario` varchar(4000) DEFAULT NULL,
  `pessoa` int(11) NOT NULL,
  `data` datetime DEFAULT NULL,
  `hora` time DEFAULT NULL,
  `nota` int(11) NOT NULL,
  PRIMARY KEY (`id`),
  KEY `evento_index` (`evento`),
  KEY `pessoa_index` (`pessoa`),
  KEY `nota_index` (`nota`),
  CONSTRAINT `comentario_ibfk_1` FOREIGN KEY (`pessoa`) REFERENCES `pessoa` (`id`),
  CONSTRAINT `comentario_ibfk_2` FOREIGN KEY (`evento`) REFERENCES `evento` (`id`)
) ENGINE=InnoDB AUTO_INCREMENT=291 DEFAULT CHARSET=utf8;
/*!40101 SET character_set_client = @saved_cs_client */;

--
-- Dumping data for table `comentario`
--

LOCK TABLES `comentario` WRITE;
/*!40000 ALTER TABLE `comentario` DISABLE KEYS */;
INSERT INTO `comentario` VALUES (1,49,'Ao mesmo tempo em que a bola rolar nos campos brasileiros, inicia nas redes sociais um jogo paralelo.',21,'2014-10-19 00:00:00','19:00:00',8),(2,1,'O que acontece em campo é acompanhado pela TV e comentado em tempo real na internet. Os jogadores preferidos, a escalação e avaliação sobre as atuações, nada escapa aos elogios, críticas e pitacos.',97,'2014-05-26 00:00:00','08:27:00',3),(3,120,'Essa enxurrada de comentários é a matéria-prima de um sistema de Análise de Sentimento Social criado pela IBM.',26,'2014-08-01 00:00:00','20:51:00',3),(4,97,'Com o sistema, é possível saber em tempo real o que os internautas estão falando sobre o Neymar, por exemplo. ',13,'2014-07-18 00:00:00','12:44:00',9),(5,94,'Ou avaliar se a substituição do Felipão foi aprovada. A ferramenta faz uma varredura em tudo o que está sendo publicamente postado em português sobre um tema nas redes sociais e entrega exatamente as respostas que o cliente quer saber. ',108,'2014-08-30 00:00:00','20:55:00',1),(6,59,'As informações podem ajudar patrocinadores esportivos nas suas estratégias de marketing, orientar jogadores no relacionamento com seu público e até mesmo servirem de base para o técnico nas entrevistas.',45,'2014-07-26 00:00:00','07:45:00',9),(7,77,'Podemos fazer uma medição de tudo o que está sendo falado, de acordo com o que se deseja saber. ',95,'2014-06-28 00:00:00','21:05:00',6),(8,157,'São geradas informações detalhadas, por exemplo, se os comentários sobre determinado jogador são negativos ou positivos ou se o técnico acertou ao fazer uma mudança no time”, explica Claudio Pinhanez, gerente do Laboratório de Pesquisas com foco em Analítica de Dados Sociais da IBM Brasil. ',98,'2014-06-15 00:00:00','00:16:00',2),(9,41,'É como se cada pessoa pudesse transformar-se em treinador ou participante ativo na decisão do craque do jogo, o que antes era feito apenas por especialistas de futebol.',82,'2014-03-13 00:00:00','16:07:00',6),(10,159,'O sistema da IBM está sendo testado pelos especialistas brasileiros desde as eleições presidenciais dos Estados Unidos de 2012, mas foi usado pela primeira vez em larga escala para captar opiniões nas redes sociais em português na Copa das Confederações no ano passado. ',100,'2014-08-31 00:00:00','04:44:00',1),(11,87,'É uma ferramenta da chamada computação cognitiva que cruza as informações do Twitter para identificar quais comentários são realmente importantes e quais são apenas ruídos, fazendo conclusões e identificando os sentimentos das pessoas sobre determinado tema.',102,'2014-05-25 00:00:00','21:15:00',5),(12,71,'Um dos desafios dos profissionais da IBM foi criar um mecanismo para avaliar frases cifradas e gírias. Isso porque a estrutura dos textos das redes sociais não segue o padrão convencional. ',14,'2014-06-05 00:00:00','04:57:00',3),(13,164,'“Mídia social é fala, não escrita. É fala na forma de texto. ',116,'2014-12-03 00:00:00','06:56:00',7),(14,107,'Temos diferentes tipos de frases, expressões faciais e até sons escritos. Na verdade, temos que usar técnicas de processamento de fala”, diz Claudio.',98,'2014-04-25 00:00:00','16:02:00',5),(15,63,'Com o desenvolvimento da ferramenta, a IBM consegue inclusive separar o que são opiniões verdadeiras de deboches. ',74,'2014-09-06 00:00:00','02:25:00',4),(16,49,'Palavrão é negativo ou positivo? No futebol depende do contexto. ',23,'2014-08-03 00:00:00','10:55:00',4),(17,97,'Tudo isso é avaliado. ',81,'2014-08-02 00:00:00','00:38:00',4),(18,10,'A tecnologia ainda identifica variações do mesmo nome e abreviações. ',71,'2015-01-15 00:00:00','00:18:00',9),(19,5,'Hulk pode aparecer como Ruch.',93,'2014-07-11 00:00:00','23:06:00',2),(20,133,'No meio esportivo, o sistema pode ser empregado principalmente em ações de marketing de jogadores e de clubes, um mercado que cresce muito no Brasil. ',4,'2014-07-08 00:00:00','00:04:00',7),(21,5,'“Com as informações detalhadas do que a torcida está falando, um clube pode avaliar exatamente qual estratégia seguir para cada jogador”, observa Claudio.',4,'2014-05-18 00:00:00','01:33:00',10),(22,172,'O volume de informações não é problema. ',39,'2014-09-11 00:00:00','08:30:00',10),(23,20,'É possível fazer medição em grande escala. Na final da Copa das Confederações foram analisadas 3 milhões de postagens, sendo 125 mil em cinco minutos, quando o zagueiro David Luiz evitou o gol da Espanha. ',88,'2014-04-23 00:00:00','16:10:00',2),(24,43,'O que parece uma avalanche de informações pode ser avaliado em minutos com fidelidade de resultado. ',113,'2014-08-05 00:00:00','20:47:00',5),(25,117,'O sistema foi desenvolvido por uma equipe multidisciplinar, que contou com profissionais especializados em linguística, sistemas, aprendizado de máquina e estatística, dentre outras áreas.',31,'2014-09-26 00:00:00','07:52:00',8),(26,43,'Estratégia para negócios',79,'2014-08-01 00:00:00','01:18:00',2),(27,2,'Além do esporte, o sistema pode ser aplicado por qualquer empresa que queira saber como suas marcas ou produtos são percebidos nas redes.',86,'2014-08-09 00:00:00','08:29:00',3),(28,133,'É capaz ainda de medir o sentimento de eleitores sobre os temas discutidos em campanhas políticas.',76,'2015-03-23 00:00:00','12:06:00',9),(29,143,'A ferramenta da IBM já foi testada por uma emissora de televisão para avaliar o que as pessoas estavam comentando sobre um programa recém-lançado. ',54,'2014-06-13 00:00:00','14:23:00',7),(30,118,'Os veículos de comunicação ganharam um poderoso aliado para identificar o que o público está pensando e, assim, têm a chance de envolver a audiência no diálogo.',29,'2014-08-08 00:00:00','09:41:00',5),(31,159,'Isso pode ser feito antes, depois ou durante os programas, em tempo real. ',87,'2014-11-06 00:00:00','13:33:00',8),(32,7,'Ao fim do capítulo de um seriado é possível saber se o protagonista agradou ou não.',12,'2014-06-12 00:00:00','10:20:00',7),(33,118,'O mecanismo pode ajudar na estratégia do comércio e da indústria para o lançamento de produtos ou mudanças de marcas. ',54,'2014-04-21 00:00:00','01:43:00',5),(34,155,'Em vez de esperar o resultado de uma pesquisa por semanas, a empresa terá no mesmo dia a informação de como a novidade foi recebida pelos clientes. ',26,'2014-08-07 00:00:00','04:44:00',6),(35,16,'“O sistema permite que as empresas possam conhecer o seu público. ',10,'2014-08-20 00:00:00','09:10:00',10),(36,19,'E, a partir disso, interagir com maior eficiência ou colocar produtos de melhor qualidade para essas pessoas”.',74,'2014-02-12 00:00:00','02:30:00',3),(37,29,'O Brasil é um dos países mais atuantes no Twitter. ',42,'2014-07-25 00:00:00','16:38:00',8),(38,21,'Com a ferramenta da IBM, as empresas têm a oportunidade de um diagnóstico preciso sobre o que pensa seu público e com base nessas informações interagir e traçar estratégias específicas.',38,'2014-12-04 00:00:00','06:18:00',5),(39,21,'Rodeio é uma prática recreativa que consiste em permanecer por até oito segundos sobre um animal, usualmente um cavalo ou boi. ',83,'2014-05-28 00:00:00','18:37:00',6),(40,49,'A avaliação é feita por dois árbitros cuja nota é de 0 a 50 cada',98,'2014-07-11 00:00:00','00:12:00',7),(41,147,'A prática é bastante comum no Brasil, nos Estados Unidos, no México, no Canadá, na Austrália e em mais alguns países da América Latina. ',54,'2014-10-21 00:00:00','10:11:00',5),(42,139,'O rodeio também é alvo de críticas, sustentando que a prática desrespeita os direitos animais.',41,'2014-08-15 00:00:00','12:45:00',5),(43,4,'Nos Estados Unidos do século XVII, após a vitória dos EUA sobre o México, os colonos estadunidenses incorporaram à sua cultura alguns costumes de origem espanhola que eram praticados pelos mexicanos, como as festas e a doma de animais. ',115,'2014-10-06 00:00:00','08:39:00',4),(44,23,'Com o passar do tempo, o rodeio foi se tornando mais parecido com o que conhecemos hoje, e no final do século XIX os boiadeiros realizavam apostas e exibiam seu talento domando o gado.',117,'2014-11-03 00:00:00','07:03:00',9),(45,59,'A cidade de Colorado sediou a primeira prova de montaria no ano de 1869, e entre a década de 1890 e a de 1910 o rodeio surgiu como entretenimento da população.',63,'2014-10-24 00:00:00','15:45:00',2),(46,167,'Apesar de ter surgido nos EUA, até mesmo por lá a prática do rodeio já está perdendo a força. ',37,'2014-10-08 00:00:00','22:22:00',7),(47,65,'15 cidades americanas já proibiram o rodeio, entre elas Fort Wayne, Indiana e Pasadena, na Califórnia.',109,'2014-06-04 00:00:00','00:33:00',5),(48,64,'um árbitro avalia o competidor e o outro avalia o animal, totalizando a pontuação de 0 a 100. ',88,'2014-06-21 00:00:00','13:21:00',4),(49,102,'O rodeio divide-se em algumas modalidades, tais como touro, cutiano, bareback, bulldoging, três tambores, sela americana, laço de bezerro e laço em dupla.',85,'2014-09-10 00:00:00','00:36:00',8),(50,65,'No Brasil, a maior festa de rodeio é a Festa do Peão de Barretos, que chega a reunir em torno de 450 mil pessoas e movimenta milhões de reais em diversos setores.',117,'2014-06-15 00:00:00','08:23:00',8),(51,3,'A primeira edição foi realizada em 1956.',2,'2014-10-05 00:00:00','23:25:00',6),(52,131,'2 Na edição de 2007, segundo organizadores do evento, a cantora brasileira Ivete Sangalo chegou a pedir 600 mil reais apenas de cachê, fora despesas extras.',69,'2014-03-14 00:00:00','20:16:00',10),(53,42,'3 Mesmo com as inúmeras críticas que o evento recebe, diversos artistas patrocinam e se apresentam todos os anos não apenas em Barretos, mas também nas diversas festas que ocorrem em outras cidades do interior do Brasil, principalmente nas regiões Sudeste, Centro-Oeste e Sul do país.',91,'2014-12-01 00:00:00','13:07:00',2),(54,13,' Nesta última existem os famosos rodeios crioulos, que segundo a lei N° 11719/2002 se entende por evento que envolve animais nas atividades de montaria, provas de laço, gineteadas, pealo, chasque, cura de terneiro, provas de rédeas e outras provas típicas da tradição gaúcha nas quais são avaliadas as habilidades do homem e o desempenho do animal.',47,'2014-10-16 00:00:00','09:17:00',3),(55,74,'Nesta categoria, o maior evento da América Latina é o Rodeio Crioulo Internacional de Vacaria realizado em anos pares e por onde passam mais de 350 mil pessoas por edição, realizado na cidade de Vacaria',72,'2014-07-09 00:00:00','00:39:00',9),(56,125,'No ano de 1956, na cidade de Barretos, localizada no interior do estado de São Paulo, Brasil, um grupo de rapazes solteiros realizaram a primeira Festa do Peão de Boiadeiro que se tem notícia.',50,'2014-11-04 00:00:00','03:32:00',9),(57,84,' Desde então esta grande festa ficou conhecida internacionalmente pela sua gigantesca estrutura e alta qualidade dos peões, cavalos e touros que ali se apresentam.',68,'2014-04-03 00:00:00','14:50:00',2),(58,92,' A festa é realizada no mês de agosto, coincidindo com o aniversário da cidade de Barretos, dia 25 do mesmo mês.',36,'2014-01-19 00:00:00','00:03:00',10),(59,99,'É realizada, desde sua fundação, pelo clube Os Independentes.',100,'2014-06-11 00:00:00','07:43:00',5),(60,52,'No ano de 2005, realizou o seu Jubileu de Ouro, cinquenta anos de festa.',48,'2015-05-05 00:00:00','05:56:00',1),(61,172,' Até o ano de 1984, a Festa do Peão era realizada no Recinto Paulo de Lima Correa, no centro da cidade, palco das memoráveis Exposições de Gado, notadamente nas décadas de 50, 60 e 70.',118,'2014-10-29 00:00:00','12:13:00',1),(62,34,' Os Independentes, desde 1985, realizam a festa em enorme parque cuja área é de mais de 110 hectares, projetado pelo famoso arquiteto Oscar Niemeyer, sendo que possui uma arena de rodeio com capacidade para 35 mil pessoas sentadas ou 50 mil ocupando o todo espaço da arena e arquibancada.',100,'2014-01-17 00:00:00','00:34:00',3),(63,67,' Esta grande festa tem suas raízes no transporte de gado pelas estradas de terra desde as pastagens de Minas Gerais, Goiás, Mato Grosso do Sul e Mato Grosso, passando por Barretos em direção aos frigoríficos desta cidade.',92,'2014-07-17 00:00:00','14:23:00',2),(64,76,' Os peões das comitivas que levavam estas boiadas se reuniam no entardecer para brincar de montar cavalos bravos, daí então surgindo este costume.',102,'2014-05-03 00:00:00','22:24:00',7),(65,56,' A prática do rodeio em touros, hoje muito mais dinâmica que a de cavalos, foi trazida dos Estados Unidos.',19,'2014-11-01 00:00:00','22:50:00',8),(66,153,'Um museu é, na definição do International Council of Museums (ICOM, 2001), uma instituição permanente, sem fins lucrativos, a serviço da sociedade e do seu desenvolvimento, aberta ao público e que adquire, conserva, investiga, difunde e expõe os testemunhos materiais do homem e de seu entorno, para educação e deleite da sociedade.',11,'2015-02-17 00:00:00','21:06:00',3),(67,47,'Os museus tiveram origem no hábito humano do colecionismo, que nasceu junto com a própria humanidade.',69,'2014-06-30 00:00:00','02:38:00',2),(68,154,' Desde a Antiguidade remota o homem, por infinitas razões, coleciona objetos e lhes atribui valor, seja afetivo, cultural ou simplesmente material, o que justifica a necessidade de sua preservação ao longo do tempo.',6,'2015-02-14 00:00:00','00:20:00',1),(69,107,' Milhares de anos atrás já se faziam registros sobre instituições vagamente semelhantes ao museu moderno funcionando.',104,'2014-08-12 00:00:00','19:57:00',1),(70,138,' Entretanto, somente no século XVII se consolidou o museu mais ou menos como atualmente o conhecemos.',15,'2014-05-17 00:00:00','17:24:00',4),(71,133,' Depois de outras mudanças e aperfeiçoamentos, hoje os museus, que já abarcam um vasto espectro de campos de interesse, se dirigem para uma crescente profissionalização e qualificação de suas atividades, e se caracterizam pela multiplicidade de tarefas e capacidades que lhes atribuem os museólogos e pensadores, deixando de ser passivos acúmulos de objetos para assumirem um papel importante na interpretação da cultura e na educação do homem, no fortalecimento da cidadania e do respeito à diversidade cultural, e no incremento da qualidade de vida.',60,'2014-11-27 00:00:00','18:14:00',3),(72,8,' Porém, muitos dos conceitos fundamentais que norteiam os museus contemporâneos ainda estão em debate e precisam de clarificação.',51,'2014-08-14 00:00:00','16:11:00',8),(73,52,'Um museu é, na definição do International Council of Museums (ICOM, 2001), uma instituição permanente, sem fins lucrativos, a serviço da sociedade e do seu desenvolvimento, aberta ao público e que adquire, conserva, investiga, difunde e expõe os testemunhos materiais do homem e de seu entorno, para educação e deleite da sociedade.',70,'2014-11-05 00:00:00','20:22:00',9),(74,102,'Os museus tiveram origem no hábito humano do colecionismo, que nasceu junto com a própria humanidade.',71,'2015-03-18 00:00:00','21:24:00',6),(75,140,' Desde a Antiguidade remota o homem, por infinitas razões, coleciona objetos e lhes atribui valor, seja afetivo, cultural ou simplesmente material, o que justifica a necessidade de sua preservação ao longo do tempo.',92,'2014-09-05 00:00:00','20:56:00',1),(76,61,' Milhares de anos atrás já se faziam registros sobre instituições vagamente semelhantes ao museu moderno funcionando.',89,'2014-05-19 00:00:00','22:53:00',9),(77,15,' Entretanto, somente no século XVII se consolidou o museu mais ou menos como atualmente o conhecemos.',76,'2014-10-07 00:00:00','08:44:00',5),(78,58,' Depois de outras mudanças e aperfeiçoamentos, hoje os museus, que já abarcam um vasto espectro de campos de interesse, se dirigem para uma crescente profissionalização e qualificação de suas atividades, e se caracterizam pela multiplicidade de tarefas e capacidades que lhes atribuem os museólogos e pensadores, deixando de ser passivos acúmulos de objetos para assumirem um papel importante na interpretação da cultura e na educação do homem, no fortalecimento da cidadania e do respeito à diversidade cultural, e no incremento da qualidade de vida.',96,'2014-07-29 00:00:00','05:38:00',7),(79,176,' Porém, muitos dos conceitos fundamentais que norteiam os museus contemporâneos ainda estão em debate e precisam de clarificação.',46,'2014-08-07 00:00:00','08:12:00',2),(80,82,'Apesar da origem clássica da palavra museu - do grego mouseion - a origem dos museus como locais de preservação de objetos com finalidade cultural é muito mais antiga.',18,'2014-10-18 00:00:00','17:29:00',9),(81,178,' Desde tempos remotos o homem se dedica a colecionar objetos, pelos mais diferentes motivos.',18,'2014-02-26 00:00:00','03:54:00',2),(82,76,' No Paleolítico os homens primitivos já reuniam vários tipos de artefatos, como o provam achados em tumbas.',50,'2014-07-30 00:00:00','21:34:00',4),(83,16,' Porém, um sentido mais próximo do conceito moderno de museu é encontrado somente no segundo milênio a.',6,'2014-07-06 00:00:00','09:37:00',7),(84,63,'quando na Mesopotâmia se passou a copiar inscrições mais antigas para a educação dos jovens.',21,'2014-10-27 00:00:00','11:00:00',4),(85,90,' Mais adiante, em Ur, os reis Nabucodonosor e Nabonido se dedicaram à coleção de antiguidades, e outra coleção era mantida pelos sacerdotes anexa à escola do templo, e onde cada obra era identificada com uma cartela, semelhante ao sistema expositivo atual.',75,'2014-04-27 00:00:00','13:01:00',10),(86,66,'Na Grécia Antiga o museu era um templo das musas, divindades que presidiam a poesia, a música, a oratória, a história, a tragédia, a comédia, a dança e a astronomia.',81,'2014-05-28 00:00:00','13:50:00',10),(87,6,' Esses templos, bem como os de outras divindades, recebiam muitas oferendas em objetos preciosos ou exóticos, que podiam ser exibidos ao público mediante o pagamento de uma pequena taxa.',32,'2014-04-26 00:00:00','18:38:00',2),(88,146,' Em Atenas se tornou afamada a coleção de pinturas que era exposta nas escadarias da Acrópole no século V a.Os romanos expunham coleções públicas nos fóruns, jardins públicos, templos, teatros e termas, muitas vezes reunidas como botins de guerra.',3,'2013-12-20 00:00:00','17:56:00',2),(89,49,' No oriente, onde o culto à personalidade de reis e heróis era forte, objetos históricos foram coletados com a função de preservação da memória e dos feitos gloriosos desses personagens.',28,'2014-08-26 00:00:00','18:50:00',6),(90,41,' Dos museus da Antiguidade, o mais famoso foi o criado em Alexandria por Ptolomeu Sóter em torno do século III a.',87,'2014-12-28 00:00:00','15:06:00',8),(91,156,'que continha estátuas de filósofos, objetos astronômicos e cirúrgicos e um parque zoobotânico, embora a instituição fosse primariamente uma academia de filosofia, e mais tarde incorporasse uma enorme coleção de obras escritas, formando-se a célebre Biblioteca de Alexandria.',28,'2015-03-22 00:00:00','09:18:00',5),(92,173,'Ao longo da Idade Média a noção de museu quase desapareceu, mas o colecionismo continuou vivo.',46,'2014-10-31 00:00:00','05:16:00',3),(93,63,' Por um lado os acervos de preciosidades eram considerados patrimônio de reserva a ser convertido em divisas em caso de necessidade, para financiamento de guerras ou outras atividades estatais, outras coleções se formaram com objetos ligados ao culto cristão, acumulando-se em catedrais e mosteiros quantidades de relíquias de santos, manuscritos iluminados e aparatos litúrgicos em metais e pedras preciosas.',73,'2014-09-22 00:00:00','02:39:00',8),(94,75,'3 No Renascimento, com a recuperação dos ideais clássicos e a consolidação da humanismo, ressurgiu o colecionismo privado através de grandes banqueiros e comerciantes, integrantes da burguesia em ascensão, que financiavam uma grande produção de arte profana e ornamental e se dedicavam à procura de relíquias da Antiguidade.',39,'2014-09-18 00:00:00','15:07:00',5),(95,92,' Algumas coleções se tornaram célebres pela sua riqueza, como a dos Medici, em Florença, reis, nobres e burgueses abastados de toda a Europa competiam na propaganda de suas coleções e mantinham círculos de eruditos em arte, filosofia e história em seu redor, onde se debateram ideias influentes e se conceberam novos métodos educativos, como o academismo.',106,'2014-12-06 00:00:00','10:08:00',1),(96,30,'A primeira ilustração de um gabinete de curiosidades, publicada por Ferrante Imperato em DellHistoria Naturale, Nápoles, 1599',32,'2014-05-25 00:00:00','13:22:00',1),(97,159,'Entre os séculos XVI e XVII, com a expansão do conhecimento do mundo propiciado pelas grandes navegações, se formaram na Europa inúmeros gabinetes de curiosidades, coleções altamente heterogêneas e assistemáticas de peças das mais variadas naturezas e procedências, incluindo fósseis, esqueletos, animais empalhados, minerais, curiosidades, aberrações da natureza, miniaturas, objetos exóticos de países distantes, obras de arte, máquinas e inventos, e toda a sorte de objetos raros e maravilhosos.',78,'2014-06-25 00:00:00','12:22:00',9),(98,50,' Tais gabinetes tiveram um papel importante na evolução da história e da filosofia natural especialmente ao longo do século XVII.',27,'2014-07-28 00:00:00','22:37:00',5),(99,20,'5 Na mesma época proliferaram as galerias palacianas, dedicadas à exposição de esculturas e pinturas.',23,'2015-08-04 00:00:00','20:08:00',4),(100,163,' Mas tanto os gabinetes como as galerias ainda estavam essencialmente dentro dos círculos privados, inacessíveis à população em geral.',81,'2014-05-21 00:00:00','15:08:00',4),(101,113,'4 Movidas por interesses científicos foram fundadas inúmeras sociedades e instituições, como os jardins botânicos de Pisa (1543) e o de Pádua (1545), a Real Sociedade de Londres (1660) e a Academia de Ciências de Paris (1666), que reuniam suas próprias coleções.',79,'2014-11-04 00:00:00','13:04:00',4),(102,17,'3 No Brasil a primeira coleção de que se tem notícia foi formada pelo colonizador neerlandês conde Maurício de Nassau, cuja corte se notabilizou pelo brilho científico e cultural, instalando-a em torno de 1640 no Palácio de Friburgo, em Recife, semelhante em caráter aos gabinetes de curiosidades.',61,'2014-07-26 00:00:00','12:55:00',7),(103,69,'Montagu House, sede antiga do Museu Britânico',19,'2014-08-23 00:00:00','04:00:00',8),(104,85,'Nessa tendência, apareceu em Basileia em 1671 o primeiro museu universitário,4 e na Inglaterra, em 1683, aquele que é considerado o primeiro museu moderno com objetivo declarado de educar o público, o Museu Ashmolean, criado pela Universidade de Oxford.',71,'2014-08-06 00:00:00','19:51:00',4),(105,37,' Seu acervo era eclético e se assemelhava aos antigos gabinetes de curiosidades, procedente de várias partes do mundo, reunido pela família Tradescant e previamente exibida em sua casa de Londres.',42,'2014-06-01 00:00:00','22:45:00',1),(106,70,'7 Pouco mais adiante, o espírito enciclopédico dos iluministas fortaleceu a associação do conhecimento com a razão, a ordem e a moral, favorecendo a formação de acervos sistemáticos e a atuação de instituições culturais com objetivos educativos e públicos.',2,'2015-03-30 00:00:00','03:36:00',6),(107,131,'3 Outros importantes museus fundados no século XVIII foram o Museu Britânico, aberto em Londres em 1759, e o Museu do Louvre, em Paris, em 1793, ambos iniciativas do governo de seus países.',105,'2014-03-04 00:00:00','17:34:00',1),(108,3,' O exemplo europeu, por força do colonialismo, frutificou também em outros países do Oriente e na América.',106,'2014-09-23 00:00:00','04:28:00',6),(109,44,' Em Jacarta a Sociedade de Artes e Ciência de Batavia iniciou uma coleção em 1778, que evoluiu para se tornar o Museu Central da Cultura Indonésia.',97,'2014-10-16 00:00:00','02:43:00',2),(110,49,' Na Índia ocorreu o mesmo, sendo o primeiro museu, o Museu Indiano, fundado em 1784 a partir das coleções reunidas pela Sociedade Asiática de Bengal.',86,'2014-10-18 00:00:00','16:48:00',4),(111,100,' Ambos enfocavam as artes e ciências e se dedicavam ao fomento do conhecimento.',8,'2014-11-18 00:00:00','09:28:00',7),(112,12,' Nos Estados Unidos a Charleston Library Society da Carolina do Sul em 1773 anunciou sua intenção de formar uma coleção de produtos naturais para alavancar a agricultura e a medicina da província.',69,'2014-10-19 00:00:00','12:26:00',7),(113,80,'No século XIX o museu continuou sua transformação, expandindo seus horizontes para incluir novas categorias e temas, e progressivamente abandonando o simples colecionismo para enfatizar a exibição e catalogação rigorosamente sistemáticas, tendência iniciada na Alemanha e Suíça, onde se introduziram experimentos de exibição sistematizada abrangendo vastos períodos históricos, possibilitando ao público percorrer roteiros que ofereciam panoramas de toda a história e cultura da humanidade, ao mesmo tempo em que reservavam seções para apresentação das mais recentes conquistas da ciência e tecnologia.',68,'2014-06-29 00:00:00','23:43:00',1),(114,55,' As grandes feiras e exposições universais que se realizaram a partir da década de 1850, como as de Londres, Paris e Filadélfia, faziam parte deste fascínio com o progresso e com o conhecimento enciclopédico, e serviram além disso para modernizar as práticas de exposição dos próprios museus formais.',50,'2014-06-24 00:00:00','19:57:00',8),(115,144,' O museu também desempenhou um papel na onda nacionalista romântica, contribuindo para a conscientização popular e a construção de identidades nacionais, acervando objetos ligados ao patrimônio cultural das nações, podendo-se citar como exemplo o Museu Nacional de Budapeste (1802), construído com dinheiro de impostos voluntários e mais tarde identificado com a luta para a independência local.',34,'2014-08-09 00:00:00','17:20:00',9),(116,78,' Pelos mesmos motivos aparece uma profusão de museus regionais e locais, voltados para os interesses de pequenas áreas geográficas.',51,'2014-08-25 00:00:00','20:30:00',5),(117,75,' Com a perene expansão das coleções logo tornou necessária a fundação de museus especializados em determinadas áreas do conhecimento, como o Museu da Ciência de Londres e o Museu Tecnológico em Viena.',103,'2014-08-29 00:00:00','07:01:00',4),(118,32,' Multiplicam-se neste século também os museus ao ar livre, depois do exemplo pioneiro do Museu Nórdico em Estocolmo, que preservou edificações típicas e históricas, e incluindo neste grupo os museus in situ em sítios arqueológicos.',92,'2015-01-24 00:00:00','09:38:00',9),(119,55,'Vista de uma sala do Museu da Tecnologia de Speyer, onde estão expostos entre outros artefatos o ônibus espacial russo Buran',24,'2014-11-25 00:00:00','13:49:00',1),(120,85,'As práticas colecionistas antigas eram caracterizadas acima de tudo por uma postura passiva diante da sociedade, seguindo critérios aquisitivos e administrativos vagos e em muito arbitrários, que vigoraram até meados do século XX.',103,'2014-11-16 00:00:00','07:55:00',2),(121,33,'9 Nesta altura os museus entraram em uma séria crise conceitual e, como disseram Chagas & Chagas, passou-se a criticar o caráter aristocrático, autoritário, acrítico, conservador e inibidor dessas instituições, consideradas como espécie em extinção e, por isso mesmo, apelidadas de dinossauros e de elefantes brancos .',58,'2014-12-21 00:00:00','22:00:00',4),(122,25,'10 A partir de então se procurou um aprofundamento científico da definição e das potencialidades de atuação ativa, interdisciplinar e educativa dos museus.',115,'2014-06-03 00:00:00','07:51:00',5),(123,44,' Depois de algum retrocesso, a reformulação conceitual ganhou novo impulso a partir dos anos 70-80, sendo lícito considerar esta reorientação como uma verdadeira revolução na concepção do museu público e como a fundação da museologia moderna.',95,'2014-11-14 00:00:00','17:12:00',8),(124,44,'9 Cristina Bruno sintetizou a transformação dizendo:',63,'2014-08-06 00:00:00','07:30:00',7),(125,127,'De instituições elitistas, colonizadoras, sectárias e excludentes, os museus têm procurado os caminhos da diversidade cultural, da repatriação das referências culturais, da gestão partilhada e do respeito à diferença de forma objetiva e construtiva.',5,'2014-04-28 00:00:00','06:01:00',6),(126,73,' De instituições paternalistas e autoritárias, os museus têm percorrido os árduos caminhos do diálogo cultural e da convivência com o outro.',63,'2014-10-07 00:00:00','04:53:00',9),(127,6,' De instituições isoladas e esquecidas, os museus têm valorizado a atuação em redes e sistemas, procurando mostrar a sua importância para o desenvolvimento socioeconômico.',39,'2014-04-26 00:00:00','09:30:00',1),(128,134,' De instituições devotadas exclusivamente à preservação e comunicação de objetos e coleções, os museus têm assumido a responsabilidade por ideias e problemas sociais.',113,'2014-09-26 00:00:00','06:08:00',8),(129,4,'A definição do que é um museu, de fato, e em especial o que deve ser um museu do século XXI, é complexa e permanece envolta em grande controvérsia.',55,'2014-07-17 00:00:00','15:36:00',3),(130,168,' Como ponto de partida, cite-se a dada pelo International Council of Museums (ICOM), respeitadíssimo órgão internacional, na sua 20.',60,'2014-09-06 00:00:00','19:46:00',4),(131,73,'ª Assembleia Geral, em 6 de julho de 2001: o museu é uma instituição permanente, sem fins lucrativos, a serviço da sociedade e do seu desenvolvimento, aberta ao público e que adquire, conserva, investiga, difunde e expõe os testemunhos materiais do homem e de seu entorno, para educação e deleite da sociedade.',59,'2014-07-15 00:00:00','03:22:00',1),(132,55,' Podemos encontrar também definições poéticas, como a oferecida pelo Instituto Brasileiro de Museus, instância museológica máxima no Brasil: Os museus são casas que guardam e apresentam sonhos, sentimentos, pensamentos e intuições que ganham corpo através de imagens, cores, sons e formas.',56,'2015-01-26 00:00:00','11:17:00',9),(133,37,' Os museus são pontes, portas e janelas que ligam e desligam mundos, tempos, culturas e pessoas diferentes.',114,'2014-04-30 00:00:00','13:44:00',2),(134,89,' Os museus são conceitos e práticas em metamorfose.',68,'2015-01-24 00:00:00','17:26:00',8),(135,124,'11 De acordo com a Política Nacional de Museus, os museus, mais do que instituições estáticas, são processos a serviço da sociedade, e são instâncias fundamentais para o aprimoramento da democracia, da inclusão social, da construção da identidade e do conhecimento, e da percepção crítica da realidade.',116,'2014-10-01 00:00:00','18:38:00',4),(136,82,'12 Já o IPHAN, instância superior do patrimônio histórico e artístico brasileiro, dá a seguinte definição:11',34,'2014-09-24 00:00:00','19:42:00',4),(137,24,'O museu é uma instituição com personalidade jurídica própria ou vinculada a outra instituição com personalidade jurídica, aberta ao público, a serviço da sociedade e de seu desenvolvimento e que apresenta as seguintes características:',77,'2014-06-03 00:00:00','13:37:00',10),(138,44,'I - o trabalho permanente com o patrimônio cultural, em suas diversas manifestações,',54,'2014-10-25 00:00:00','11:42:00',1),(139,81,'II - a presença de acervos e exposições colocados a serviço da sociedade com o objetivo de propiciar a ampliação do campo de possibilidades de construção identitária, a percepção crítica da realidade, a produção de conhecimentos e oportunidades de lazer,',37,'2014-10-09 00:00:00','22:24:00',10),(140,163,'III - a utilização do patrimônio cultural como recurso educacional, turístico e de inclusão social,',16,'2015-03-05 00:00:00','04:37:00',10),(141,177,'IV - a vocação para a comunicação, a exposição, a documentação, a investigação, a interpretação e a preservação de bens culturais em suas diversas manifestações,',97,'2014-06-07 00:00:00','15:20:00',10),(142,71,'V - a democratização do acesso, uso e produção de bens culturais para a promoção da dignidade da pessoa humana,',19,'2014-07-19 00:00:00','05:43:00',8),(143,166,'VI - a constituição de espaços democráticos e diversificados de relação e mediação cultural, sejam eles físicos ou virtuais.',83,'2014-12-09 00:00:00','15:26:00',5),(144,11,'Sendo assim, são considerados museus, independentemente de sua denominação, as instituições ou processos museológicos que apresentem as características acima indicadas e cumpram as funções museológicas.',38,'2014-09-06 00:00:00','09:54:00',4),(145,77,'Exposição no Museu da Língua Portuguesa',19,'2014-10-14 00:00:00','23:19:00',1),(146,8,'Pela voz de pensadores independentes o museu assume hoje dimensões extremamente variadas e abrangentes.',58,'2014-10-12 00:00:00','05:34:00',10),(147,32,' Walter Benjamin acreditava que os museus são espaços que suscitam sonhos, André Malraux, pensava que os museus são locais que proporcionam a mais elevada ideia do homem,13 Duncan Cameron disse que os museus ocupam os dois extremos de um espectro que vai de templo a fórum, e vários outros teóricos vêm expandindo e enfatizando as múltiplas capacidades e possibilidades dos museus para um enriquecimento geral no conhecimento, na qualidade de vida, na formação da consciência política e social da população, entre uma infinidade de outros benefícios.',61,'2014-09-24 00:00:00','11:15:00',6),(148,163,' Já existe inclusive uma corrente que afirma que o mundo é todo ele um vasto museu, explodindo as definições que confinam o museu a uma instituição localizada no tempo-espaço e passando a ver toda a vida e civilização humanas como passíveis de musealização.',55,'2014-01-25 00:00:00','09:35:00',2),(149,68,'14 15 16 Outros chegam a duvidar que o museu tenha um lugar em nosso futuro, entretanto, surgem dezenas de novos museus todos os meses ao redor do mundo, predominando os de arte contemporânea, antropologia e ciências.',39,'2014-07-22 00:00:00','23:57:00',4),(150,105,'17 Com o advento da internet e dos processos computadorizados, o museu pôde inclusive se catapultar para o ciberespaço e a realidade virtual.',81,'2015-01-15 00:00:00','01:55:00',9),(151,161,' Não bastasse, já se discute até o conceito de um Museu do Futuro.',36,'2014-06-07 00:00:00','08:26:00',7),(152,133,'Se a constante produção de conhecimento especializado pelas academias exige dos museus contemporâneos uma perpétua renovação e aperfeiçoamento, essa pressão pela qualificação e profissionalização com um rigor científico, cobiçando avidamente uma visitação cada vez maior, mais o desejo de musealizar tudo, já são sentidos como tendências que podem inviabilizar economicamente os museus dentro em breve, e até desvirtuar suas funções essenciais, tornando-os poços-sem-fundo para os recursos públicos, ou podendo fazê-los cair na tentação da espetacularização e banalização de seus eventos a fim de atrair maior plateia e obterem mais rendas, sem que isso, conforme apontam as pesquisas, reverta em real proveito cultural para este público, nem contribua para formar visitantes mais assíduos.',9,'2014-12-18 00:00:00','13:00:00',4),(153,143,'17 20 Nas palavras de Lara Filho,',106,'2014-10-10 00:00:00','17:42:00',2),(154,85,'As novas questões colocadas aos museus não se esgotam nas apontadas acima.',4,'2014-07-26 00:00:00','04:35:00',9),(155,42,' Em palestra do Fórum Permanente, Stijn Huijts, diretor do Museu Het Domein da cidade holandesa de Sittard, apontou desafios contemporâneos para os museus e, dentre eles, os relativos às difíceis relações com os patrocinadores – sejam eles empresas privadas ou estatais -, os relacionados ao respeito à diversidade cultural e às particularidades locais.',71,'2014-08-07 00:00:00','06:40:00',1),(156,33,' Para ele, museus são instituições científicas com uma tarefa pública e não vice-versa (ou seja, o museu não é uma instituição pública com tarefa científica) Já para Jorge Wagensberg, do Museu de Ciências de Barcelona, para despertar a curiosidade científica um museu tem que emocionar.',63,'2014-07-07 00:00:00','05:33:00',5),(157,163,' Seduzir o visitante para os mistérios da realidade é a melhor forma de fazer com que ele queira entender a realidade.',18,'2014-09-02 00:00:00','18:12:00',2),(158,13,' Um museu do século XXI, seja criado agora ou não, será aquele que se comprometer com aspectos da cultura contemporânea.',72,'2014-07-28 00:00:00','01:56:00',7),(159,168,' Não se trata apenas de assimilar as novas técnicas e tecnologias mas de estruturar políticas culturais inovadoras e estimulantes.',45,'2014-04-14 00:00:00','21:00:00',1),(160,82,'A finalidade última do museu é trazer algum tipo de benefício às pessoas e provocar mudanças em suas vidas, e não ser simplesmente uma casa de custódia para obras de arte ou um centro erudito.',6,'2014-09-09 00:00:00','18:08:00',2),(161,114,' Isto implica num constante questionamento de suas funções e propósitos.',89,'2014-10-31 00:00:00','20:08:00',4),(162,123,'Dada a complexidade das atividades museológicas, um museu geralmente se divide em vários setores, atendidos, conforme exige a regulamentação recente, por profissionais plenamente qualificados para as suas funções.',118,'2014-05-27 00:00:00','08:30:00',5),(163,2,' O diretor do museu é antes de tudo um administrador competente, não é fundamental que ele seja um erudito na área coberta pelo museu, pois em geral ele tem uma equipe de profissionais especializados em diversas tarefas particulares a fim de o assessorar.',112,'2015-01-15 00:00:00','00:33:00',8),(164,85,' O diretor responde por todo o trabalho da instituição e é o seu principal relações-públicas, e por isso também o maior captador de recursos através de seu relacionamento com os patrocinadores e o maior estabelecedor de intercâmbios culturais entre diferentes instituições.',52,'2014-06-01 00:00:00','09:39:00',10),(165,98,' O diretor é também o responsável final pela elaboração do Plano Diretor do museu, onde se define e detalha a Missão da instituição, e fiscaliza sua implementação.',47,'2014-09-20 00:00:00','07:09:00',3),(166,168,' Se o museu possuir um Conselho Consultivo ou outra instância consultiva/deliberativa, o diretor as preside.',98,'2014-09-20 00:00:00','14:44:00',3),(167,62,' O diretor possivelmente terá um corpo de funcionários administrativos próximo a si para distribuir tarefas de gestão de recursos humanos e financeiros e de assessoria jurídica, bem como permanece em contato constante com seus subordinados diretos de cada setor, a fim de orientar os trabalhos diários.',45,'2014-10-23 00:00:00','03:49:00',3),(168,145,' O diretor deve por fim zelar pela perfeita integração e harmonia entre todos os setores e funcionários.',75,'2014-11-26 00:00:00','01:50:00',2),(169,34,'Ao se lançar a diretriz principal a equipe pondera sobre vários aspectos, entre eles: Que tipo de museu se vai constituir? É um museu temático? É um museu histórico, artístico, etnológico, etc? Que tipo de peça vai ser aceita? Há condições de conservar e exibir adequadamente a coleção? Há pessoal suficiente e preparado para geri-la? Qual o propósito da coleção? Como se pretende expandi-la? Que público se deseja atingir, e como se poderá fazer isso? Como o museu vai se apresentar e inserir na vida de sua comunidade? Quais laços se estabelecerão com outras instituições similares, pesquisadores, mantenedores, patrocinadores e parceiros, e como eles serão administrados? Como serão captados e geridos os recursos financeiros? Como se definirá a estrutura administrativa e técnica?.',40,'2014-08-15 00:00:00','20:45:00',2),(170,10,'e assim por diante.',24,'2015-05-12 00:00:00','15:34:00',10),(171,17,' Nenhuma dessas perguntas pode ser respondida rápida e superficialmente, e exige longa e madura meditação e minucioso planejamento, envolvendo um grande número de profissionais especializados.',50,'2014-08-04 00:00:00','14:20:00',4),(172,125,' Além disso, é importante tentar projetar a atuação do museu no futuro, criando-se um plano que possa pelo menos em tese permanecer válido por um longo período, a fim de se evitar mudanças frequentes de rumo que prejudicariam seu bom funcionamento e tornariam a filosofia da instituição confusa e irresponsável aos olhos do público e dos especialistas, perdendo prestígio e credibilidade.',113,'2014-05-26 00:00:00','02:44:00',5),(173,127,' Isso não quer dizer que ao longo da história do museu não haja adaptações e atualizações, mas uma linha curatorial e administrativa bem embasada e consolidada e razoavelmente estável é um elemento-chave na sua afirmação como instituição de respeito.',99,'2014-10-01 00:00:00','18:18:00',5),(174,120,'A direção frequentemente se depara com desafios éticos no desempenho de suas funções, especialmente os relacionados ao uso de verbas, aquisição de novos itens, publicidade pessoal, gerenciamento de recursos humanos, intercâmbios culturais e harmonização das necessidades do museu com a legislação vigente em cada país.',98,'2015-01-25 00:00:00','12:49:00',9),(175,57,' Cada administrador precisa se adequar às demandas e usos locais, levando em consideração também as práticas internacionais.',81,'2014-08-29 00:00:00','07:09:00',5),(176,116,' Estes casos são previstos no Plano Diretor em detalhe, acompanhando as orientações dadas pelo ICOM em seu Código de Ética para Museus.',30,'2014-06-25 00:00:00','23:02:00',10),(177,167,'Peças do acervo do Museu do Brinquedo de Zurique',82,'2014-12-17 00:00:00','18:00:00',10),(178,39,'A criação e manutenção de um acervo museológico é uma tarefa trabalhosa, dispendiosa, complexa e ainda em processo de estudo e aperfeiçoamento.',57,'2014-09-12 00:00:00','00:39:00',3),(179,167,' Muitas questões fundamentais ainda estão sendo discutidas pelos especialistas, e em muitas delas ainda não se formaram consensos ou regulamentações definitivas.',15,'2014-10-17 00:00:00','18:49:00',6),(180,60,' Todo esse campo está em rápida expansão e contínua transformação.',11,'2014-05-01 00:00:00','23:30:00',7),(181,96,'29 O acervo representa o núcleo vital de todo museu, e em torno do qual giram todas as suas outras atividades.',104,'2014-07-12 00:00:00','00:20:00',3),(182,153,' O acervo idealmente é gerido por um curador, ou por uma equipe de curadores, que tem a função de manter organizada e em bom estado a coleção em seus depósitos, define conceitualmente e organiza as exposições ao público, e supervisiona as atividades de documentação e pesquisa teórica sobre a coleção a fim de produzir novo conhecimento.',118,'2014-10-27 00:00:00','23:10:00',2),(183,25,' O curador também tem um papel decisivo nos processos de aquisição e descarte de peças.',99,'2014-03-17 00:00:00','17:49:00',8),(184,30,' O curador é o responsável pela gestão do acervo segundo o que foi definido no Plano Diretor do museu, que conta com uma seção especialmente dedicada à Política de Acervo, como está previsto no Código de Ética para Museus.',95,'2014-07-10 00:00:00','17:59:00',2),(185,75,'Cada museu adota sua própria política de aquisições, mas, como foi dito, a cada dia crescem as exigências de especialização e profissionalismo.',26,'2014-07-25 00:00:00','03:44:00',4),(186,42,' Neste sentido, no processo de aquisição de peças a tendência é a de se abandonar todo diletantismo e inconsequência e convocar a intervenção de conhecedores.',20,'2014-06-29 00:00:00','14:33:00',1),(187,143,' Cada peça proposta para incorporação ao acervo é então avaliada por um curador competente, que faz suas escolhas em sintonia com a direção do museu, e de acordo com a política em vigor na instituição e com as normas e parâmetros internacionais que regem sua atuação.',1,'2014-11-09 00:00:00','07:21:00',9),(188,102,' Assim, é essencial que desde o início se delineiem e consagrem formalmente os critérios de aquisição que o museu vai seguir, pois desta decisão emergirá o rosto da coleção e sua utilidade pública.',80,'2014-06-13 00:00:00','10:46:00',8),(189,173,'Na maior parte dos grandes museus contemporâneos a avaliação prévia não é feita por apenas um indivíduo, o curador, mas por uma equipe curatorial, composta de vários membros qualificados, incluindo pelo menos um curador propriamente dito, um conservador/restaurador e um educador, além do diretor da casa, o que minimiza em muito a possibilidade de erros de avaliação.',33,'2014-05-16 00:00:00','19:34:00',5),(190,147,' O avaliador leva em conta em suma a autenticidade e qualidade da peça, a importância de seu autor (se houver autoria), seu estado de conservação, seu custo de aquisição e manutenção, sua origem e situação legal, sua pertinência para o perfil do acervo que se deseja reunir e sua potencial utilidade para projetos educativos e pesquisas futuras.',116,'2014-12-03 00:00:00','18:57:00',2),(191,67,'Aprovada a peça, antes de ser recebida no acervo ela é higienizada e desinfectada, e conforme o parecer do conservador, pode ser necessário um período de quarentena, a fim de se detectar e eliminar contaminantes ou pragas que possam se transmitir para o resto da coleção.',29,'2014-07-26 00:00:00','04:51:00',8),(192,132,'24 A seguir ela é documentada, ou seja, catalogada no sistema de registro empregado pela instituição, e só depois ela ingressa nos depósitos do museu.',48,'2014-07-29 00:00:00','07:32:00',6),(193,11,' Nas palavras de Yassuda,',55,'2014-11-18 00:00:00','17:00:00',3),(194,161,'A documentação museológica representa um aspecto da gestão dos museus destinada ao tratamento da informação em todos os âmbitos, desde a entrada do objeto no museu até a exposição, envolvendo tarefas de coleta, armazenamento, tratamento, organização, disseminação e recuperação da informação.',88,'2014-08-07 00:00:00','13:09:00',4),(195,139,' Considerando os documentos como registros da atividade humana, a documentação serve como instrumento de comunicação e preservação da informação no âmbito da memória social e da pesquisa científica.',80,'2014-09-13 00:00:00','21:50:00',8),(196,78,'Um modelo de Livro-Tombo',56,'2014-08-17 00:00:00','01:48:00',7),(197,115,'Na catalogação do acervo as informações são compiladas de uma variedade de documentos relacionados a cada peça do acervo, como fotografias, laudos de conservação, fichas descritivas, atestados de participação da peça em exposições, contratos de aquisição, etc',106,'2014-11-15 00:00:00','04:23:00',4),(198,12,'Detalhe de um catálogo digitalizado',118,'2014-10-31 00:00:00','03:39:00',4),(199,128,'O catálogo inclui pelo menos um documento básico: o livro-tombo (LT), mas ele raramente é suficiente na dinâmica de um museu contemporâneo, e precisa ser complementado por um sistema auxiliar, geralmente um arquivo informatizado e/ou fichas impressas.',94,'2014-05-07 00:00:00','03:42:00',6),(200,75,' O LT é um elenco de todas as peças da coleção, inscritas em tinta indelével em um livro especial de registro arquivístico.',101,'2014-05-23 00:00:00','14:07:00',10),(201,94,' É um documento formal e oficial de valor histórico, referencial e jurídico.',42,'2014-06-30 00:00:00','16:18:00',5),(202,145,' A inscrição no LT equivale à certidão de nascimento da peça na coleção, é um documento permanente, não deve ter erros nem ser modificado.',58,'2014-11-08 00:00:00','03:30:00',2),(203,155,' Os registros do LT são sucintos, incluindo geralmente apenas a numeração das peças por ordem de entrada na coleção (número de tombo), o nome do autor (se houver), título da peça, data, dimensões, forma de entrada e uma breve descrição da peça, além de uma rubrica do responsável pelo registro.',46,'2014-12-28 00:00:00','03:07:00',8),(204,58,'O registro informatizado, por ser um meio de manejo fácil e possibilitando pronta modificação e recuperação de dados, é talvez a mais prática forma de documentação para uso diário, e deve, ao contrário do LT, incluir uma descrição detalhada e completa de cada peça.',43,'2014-07-11 00:00:00','22:11:00',1),(205,133,' De qualquer forma, o registro informatizado deve ser copiado periodicamente e a cópia mantida em local seguro e diferente do local onde está o original, devidamente identificada e datada.',31,'2014-08-02 00:00:00','06:34:00',9),(206,163,' Se o original for perdido a recuperação das informações será possível.',96,'2014-05-18 00:00:00','17:09:00',10),(207,105,' Ainda não existe uma padronização das formas de documentação, e cada instituição estabelece a sua.',62,'2014-11-07 00:00:00','08:27:00',5),(208,155,' O importante é que ela, qualquer que seja, armazene e disponibilize com facilidade de consulta uma informação minuciosa sobre cada peça.',45,'2014-08-07 00:00:00','21:51:00',9),(209,91,' Isso inclui uma série de dados: número de tombo, título, data, dimensões, número de edição (para séries e múltiplos), local de produção, transcrição de inscrições, números e marcas, nome do autor, data e local de nascimento e morte, endereço da última residência conhecida, fone/email de contato, forma de entrada (doação, compra, coleta em campo, etc), posse ou não de direitos autorais, com detalhamento de restrições de reprodução, etc, descrição física detalhada da peça, instruções especiais para montagem, conservação e exposição, localização permanente e localização temporária, histórico detalhado (procedência, exposições de que participou, empréstimos, antigos proprietários, prêmios, etc, e, conforme o caso, descrição do sítio e dos procedimentos empregados em sua coleta de campo), histórico físico da peça (danos, decaimento, relatórios de restauros, etc), análise estético/formal, transcrição integral de documentação original associada (incluindo certificados de propriedade, recibos e contratos de compra e venda, textos críticos que recebeu e registro de aparecimento em catálogos, reportagens e publicações - e se possível obtendo para o museu a própria posse de tais documentos), fotografias em vários ângulos, com atenção a detalhes como marcas, danos, inscrições, etc, e quaisquer outros dados de interesse para a identificação, estudo, divulgação e conservação da coleção.',92,'2014-06-14 00:00:00','04:52:00',1),(210,124,' Nem sempre todas essas informações serão conhecidas ou disponíveis, mas deve ser feito um esforço para deixá-las o mais completas possível.',41,'2015-01-02 00:00:00','13:12:00',7),(211,15,'Todas essas informações podem ser impressas em fichas individuais para cada peça, que serão arquivadas para garantia do registro caso haja falha nos computadores com perda ou corrupção dos arquivos digitais.',16,'2014-11-30 00:00:00','05:00:00',8),(212,1,' As fichas podem, por outro lado, considerando a atualização constante de certas categorias de dados, ser impressas apenas como um formulário básico, a ser preenchido à mão e eventualmente corrigido se necessário, mas todas as informações do registro informatizado devem ser transportadas para as fichas, não pode haver discrepância entre as duas versões documentais.',2,'2014-07-03 00:00:00','15:59:00',7),(213,101,' É possível também fazer o caminho inverso: tomar as fichas como registro primário e só depois levar os dados para o computador.',82,'2015-01-05 00:00:00','21:24:00',2),(214,60,' Cada instituição deve decidir o método de registro como lhe parecer mais prático, completo e seguro.',2,'2014-11-07 00:00:00','04:56:00',7),(215,153,' É sobremaneira importante reunir todos os dados possíveis no momento da coleta ou aquisição, pois mais tarde pode ser impossível obtê-los.',87,'2014-09-19 00:00:00','11:26:00',6),(216,1,'A Reserva Técnica (RT), ou Depósito, é a área onde a coleção permanece quando não está sendo exibida ao público.',105,'2014-09-24 00:00:00','02:07:00',1),(217,124,' Mais uma vez, as condições deste local variam conforme o tipo de objeto preservado no museu, sendo que cada tipo de material tem exigências específicas de conservação.',75,'2014-12-02 00:00:00','08:01:00',7),(218,154,' Segundo Mirabile, os critérios que devem nortear a construção da Reserva são funcionalidade, facilidade de consulta, condições de preservação e segurança.',89,'2014-10-14 00:00:00','18:14:00',10),(219,56,'33 A conservação museológica tem bases estritamente científicas e não é produto do acaso ou do capricho.',75,'2014-07-04 00:00:00','23:18:00',7),(220,177,' Os conservadores não objetivam manter um objeto em boas condições por dois ou três anos apenas, nem por apenas dez ou vinte anos, mas, em tese, pela eternidade afora.',3,'2014-06-29 00:00:00','13:04:00',2),(221,3,' Isso, obviamente, é impossível, mas eles desenvolveram técnicas que podem estender muito o tempo de vida normal das peças, pensando que um acervo não deve servir somente à geração que o constituiu, mas a várias gerações à frente.',87,'2014-08-12 00:00:00','06:00:00',10),(222,146,' Para efeitos práticos, deve-se prever pelo menos um período futuro de cem anos quando pensamos em conservação, mas os conhecimentos atuais permitem uma extensão ainda maior, e de fato todos os meios devem ser empregados para que as coleções durem muitos séculos, já que elas são tão valiosas para a sociedade.',76,'2014-12-17 00:00:00','00:58:00',5),(223,66,' Nem sempre todas essas informações serão conhecidas ou disponíveis, mas deve ser feito um esforço para deixá-las o mais completas possível.',96,'2014-04-04 00:00:00','19:50:00',5),(224,143,'Restauradores do Museu Nacional de Varsóvia',95,'2015-07-05 00:00:00','16:00:00',1),(225,151,'É preciso lembrar que o tratamento que as obras de arte ou outros objetos que possuímos em nossas residências recebem é radicalmente diverso daquele que recebem em um museu moderno, onde é obrigatório se pensar sempre a longo prazo.',12,'2014-05-06 00:00:00','23:41:00',2),(226,72,' Em um museu, por questões de segurança e conservação, quanto menos pessoas tiverem acesso direto às obras, melhor, quanto menos elas forem manipuladas e expostas, melhor, e em todos os casos, somente pessoal especialmente treinado as toca e manipula, seguindo procedimentos padronizados internacionalmente.',54,'2014-10-23 00:00:00','00:49:00',7),(227,102,'As condições ambientais da RT devem ser constantes, com monitoramento diário, e não se pode enfatizar demais a importância de um ambiente climatizado estável na conservação de peças musealizadas.',8,'2015-01-13 00:00:00','17:42:00',7),(228,67,' A experiência mostra que mudanças de temperatura e umidade relativa do ar são altamente desestabilizadoras para a estrutura física e química das peças, especialmente em países cujo clima é sujeito a grandes variações.',11,'2014-10-08 00:00:00','12:04:00',6),(229,25,' Desta forma, as mudanças ambientais devem ser evitadas a todo custo, e especialmente as súbitas, que sobre materiais especialmente frágeis podem produzir um efeito devastador em questão de minutos.',43,'2014-09-11 00:00:00','02:55:00',5),(230,147,' A cada 10°C a maioria das reações químicas nos materiais duplica sua velocidade, e consequentemente a degradação que produzem, mas cada tipo de material tem um desempenho específico.',4,'2014-07-03 00:00:00','16:28:00',3),(231,1,' Tome-se como exemplo o comportamento do papel de jornal: mantido a uma umidade estável de 50% e a uma temperatura estável de 20°C, sua expectativa de vida chega aos 45 anos, mas se a temperatura for reduzida para 12°C, mantendo-se a mesma umidade de 50%, teria sua expectativa de vida aumentada para 225 anos.',84,'2015-01-04 00:00:00','04:42:00',7),(232,137,' Fotografias coloridas, por sua vez, exigem temperaturas de 2°C e umidade a 30%.',14,'2014-07-24 00:00:00','10:54:00',6),(233,78,' Para acervos mistos uma temperatura entre 17 e 20°C e umidade entre 30 e 50% são aceitáveis.',11,'2014-12-15 00:00:00','20:33:00',8),(234,49,' A flutuação diária permitida fica em torno de 2°C na temperatura e de 5% na umidade, mas vários autores recomendam níveis de flutuação ainda menores, pois as variações são mais danosas do que níveis absolutos extremos.',98,'2014-03-13 00:00:00','22:07:00',7),(235,130,' Entretanto, estes também devem ser evitados.',15,'2014-09-27 00:00:00','03:19:00',7),(236,77,' Em combinação com alta umidade as reações se tornam ainda mais rápidas.',71,'2014-10-04 00:00:00','11:36:00',6),(237,59,' Temperaturas e umidades baixas, desta forma, são em geral preferíveis.',41,'2014-09-30 00:00:00','04:43:00',7),(238,162,' Por outro lado, alguns materiais não toleram bem temperaturas muito frias, outros não resistem em umidades muito baixas.',68,'2014-12-05 00:00:00','04:49:00',7),(239,97,' É portanto necessário um conhecimento aprofundado sobre o comportamento dos variados materiais que compõem determinado acervo a fim de estabelecer parâmetros de conservação adequados a cada caso.',41,'2015-01-29 00:00:00','00:33:00',9),(240,130,'A iluminação também é causa de grande degradação de certos materiais, tanto pela intensidade como pela duração da exposição à luz e pelo tipo de radiação, e por este motivo é estritamente controlada.',42,'2014-07-23 00:00:00','17:15:00',7),(241,148,' Esta questão se torna especialmente relevante nas mostras públicas de longa duração, devendo-se evitar ao máximo fontes emissoras de radiação ultravioleta - a maior causa de danos pela luz - ou usando filtros, e adequando os níveis de iluminação para as necessidades de cada tipo de material exposto.',85,'2014-04-13 00:00:00','22:59:00',4),(242,39,' Por exemplo, têxteis coloridos e papéis só admitem iluminação muito fraca, no máximo de 50 lux.',31,'2014-10-03 00:00:00','21:56:00',2),(243,2,' Peças construídas inteiramente em metal, pedra ou vidro, por outro lado, são na maior parte das vezes praticamente imunes aos efeitos da luz e admitem iluminação abundante - salvo se apresentarem pigmento superficial.',96,'2014-06-10 00:00:00','11:49:00',5),(244,177,' É importante entender que a iluminação exerce seus efeitos deletérios sobre os materiais sensíveis desde o primeiro instante de exposição, ainda que a deterioração possa não aparecer de imediato, e tais efeitos são cumulativos e irreversíveis.',68,'2014-07-24 00:00:00','22:01:00',8),(245,57,'A conservação preventiva e o restauro são, em todos os casos, sem exceção, trabalhos para um profissional especializado, pois trata-se de atividades científicas de grande complexidade, requerendo amplos conhecimentos de física, química, biologia, estética, história, e uma grande variedade de campos diferentes de saber conforme sua especialização e a área de atividade de sua instituição.',80,'2014-03-29 00:00:00','23:23:00',4),(246,138,' Este profissional, o conservador/restaurador, além de desempenhar suas tarefas específicas - quais sejam: prevenir danos e repará-los quando surgirem - participa da administração do museu contribuindo decisivamente na elaboração da política de aquisições de novas peças e na definição dos programas de climatização e segurança da casa.',104,'2014-07-07 00:00:00','15:03:00',4),(247,38,' Entre os problemas mais frequentes com que se deparam os conservadores/restauradores estão o envelhecimento natural de cada material, danos oriundos de acidentes, sinistros, vandalismo, climatização inadequada ou poluição, e ataques de agentes biológicos como fungos, roedores, traças e cupins.',55,'2014-11-02 00:00:00','23:29:00',8),(248,154,' Nenhuma peça é restaurada por pessoa desqualificada, ou que tenha feito algum curso rápido, ou que tenha aprendido suas técnicas via internet, pois na vasta maioria dos casos ela produz mais danos do que benefícios, e danos muitas vezes irreversíveis.',99,'2014-09-22 00:00:00','05:41:00',7),(249,174,' Muitos museus pequenos não contam com um restaurador em seu quadro, e se torna assim necessária a contratação externa deste serviço.',8,'2014-08-03 00:00:00','01:13:00',4),(250,76,' O restaurador deve ser escolhido por sua reputação, credenciais e currículo, que devem ser checados pela administração do museu com cuidado.',1,'2014-12-22 00:00:00','07:21:00',3),(251,100,'Dado o alto valor monetário de muitos acervos, os especialistas desenvolvem constantemente novas estratégias de segurança, e não é raro que haja segurança armada dentro das galerias, mesmo assim, as notícias de roubo, furto ou depredação de objetos colecionados são comuns.',67,'2014-07-10 00:00:00','14:44:00',5),(252,41,' Os museólogos recomendam que o museu elabore um completo programa de segurança que envolva todos os funcionários mas permaneça sigiloso para o público, e que inclua a proteção dos itens nos depósitos, galerias e viagens contra roubos, furtos, vandalismo, acidentes e sinistros, e preveja as medidas a serem tomadas em casos emergenciais.',69,'2014-10-14 00:00:00','05:16:00',6),(253,162,' Museus bem amparados financeiramente podem instalar sofisticados sistemas de segurança, que incluem circuito interno de TV, detectores de metais nas entradas e saídas, detectores de incêndio e alagamento, sensores de movimento e vários tipos de alarmes, além de um corpo de segurança especialmente treinado de prontidão 24h por dia.',42,'2014-11-10 00:00:00','12:27:00',6),(254,93,' Nos problemas de segurança relativos ao público em geral, um dos que mais se destaca é o vandalismo involuntário.',9,'2014-11-10 00:00:00','18:39:00',5),(255,112,' Muitas vezes, desinformadas e apenas por curiosidade, as pessoas tocam nas peças expostas, mas muitas delas podem ser extremamente frágeis, e não suportam toque ou manuseio, outras, mesmo resistentes, se impregnam das sujidades, suor e gordura das mãos que as tocam, o que se torna muito grave para a conservação do material se o toque for repetitivo, ou podem ser vítimas de acidente: um escorregão basta para um desastre, onde não só a peça pode se danificar de modo irremediável, como a pessoa envolvida, se ferir com gravidade.',36,'2014-10-09 00:00:00','13:21:00',4),(256,77,' Algumas peças de arte contemporânea, ou as de museus com acervos interativos, por outro lado, podem ser tocadas, geralmente sob a supervisão de um monitor.',66,'2014-09-06 00:00:00','01:21:00',2),(257,169,'41 42 24 Por outro lado, o vandalismo intencional de patrimônio público ou privado é crime, e é punido pela lei.',79,'2014-06-19 00:00:00','07:49:00',1),(258,32,'Ação educativa dirigida a escolares em uma exposição',48,'2014-12-12 00:00:00','06:59:00',6),(259,23,'A exibição de um acervo é um processo tão complexo quanto sua conservação no depósito, envolve direta ou indiretamente todos os funcionários da instituição, mas é praticamente a única parte das atividades museais que o grande público pode conhecer, e por isso constitui o cartão de visitas do museu.',32,'2014-05-03 00:00:00','23:27:00',8),(260,51,' Além disso, o contato direto com as peças é o momento maior em que se efetiva a verdadeira educação do público, a qual se constitui num dos objetivos primários da exposição e do próprio museu.',64,'2014-08-10 00:00:00','14:14:00',10),(261,133,' Isso posto, a tendência atual é de que todas as exposições sejam organizadas com objetividade e clareza, sob um planejamento curatorial decididamente voltado para a educação, devidamente identificando as peças e contextualizando o material exposto com informações ricas e exatas, mas acessíveis ao visitante médio, e providenciando ações educativas complementares variadas.',86,'2015-03-01 00:00:00','03:47:00',8),(262,175,' As exposições podem ser de longa duração, de curta duração, virtuais, ou extra-muros, onde se incluem as itinerâncias.',77,'2014-11-27 00:00:00','09:19:00',3),(263,71,'Uma mostra, para ser culturalmente bem sucedida, não pode ser improvisada, na verdade uma exposição memorável, que justifique os altíssimos gastos públicos com os museus, é um trabalho coletivo de grande escala, longo alcance e de cunho científico, e implica muita pesquisa cultural, produção de materiais acessórios como publicações, e minucioso planejamento logístico, incluindo roteiro de marketing e divulgação na mídia, um processo iniciando meses, ou até anos, conforme o porte da mostra, antes da data de inauguração, e continuando por algum tempo depois no processo de avaliação de resultados.',83,'2014-08-20 00:00:00','13:25:00',7),(264,88,' Requer do museu também um bom conhecimento do perfil do seu público - e para isso são úteis pesquisas de opinião e estatísticas -, sem desconsiderar as exigências de uma proposta pedagógica de alto nível.',89,'2014-05-12 00:00:00','03:08:00',4),(265,71,' Museus com boa infraestrutura já produzem catálogos ilustrados e materiais gráficos e informativos para cada exposição, e mantêm websites com rico material disponível para consulta online, têm departamentos especiais para ação educativa, articulação com escolas e instituições culturais, acolhimento do visitante e monitoramento da visitação, oferecendo diversas opções de atividades paralelas, como oficinas, palestras, teatro, concertos, visitas guiadas, etc.',16,'2014-04-18 00:00:00','03:58:00',9),(266,163,'também fazendo programações diferenciadas para públicos particularizados, como estrangeiros, escolares, pessoas com necessidades especiais, crianças/adultos, leigos/especialistas, etc.',19,'2014-12-31 00:00:00','21:23:00',3),(267,114,'Faz parte dos programas educativos de muitos museus dar orientação ao público não só sobre o valor cultural dos acervos expostos, mas também sobre regras básicas de comportamento durante as visitas, o que usualmente inclui vários interditos, como a proibição de comer, beber, fumar, gritar, correr pelas salas, tocar nas peças, carregar sacolas, bolsas e objetos volumosos, fotografar, deixar crianças pequenas circularem desacompanhadas, etc.',3,'2014-09-28 00:00:00','17:17:00',7),(268,46,' Essa regulamentação pode às vezes parecer rígida demais, mas se destina à proteção do acervo tanto como das pessoas que o vão conhecer.',67,'2014-08-13 00:00:00','18:20:00',2),(269,159,' Porém os museus podem estabelecer seus próprios códigos de etiqueta para os visitantes, que são publicados em seus websites para conhecimento prévio dos interessados.',70,'2014-04-14 00:00:00','14:40:00',7),(270,116,'A exposição requer em linhas gerais os mesmos cuidados aplicados para o armazenamento dos itens na Reserva, na verdade, a sala de exposição deve ser concebida quase como uma segunda Reserva Técnica, de uso temporário, já que nada adianta se conservar um acervo com todo o cuidado na RT e em seguida transportá-lo para uma galeria onde enfrentará penosamente as oscilações do clima.',28,'2014-05-14 00:00:00','19:01:00',3),(271,107,' A climatização nas galerias, por isso, se aproxima à da Reserva e funciona 24h por dia.',107,'2014-05-01 00:00:00','15:54:00',4),(272,1,' Exposições de longa duração podem ser particularmente problemáticas pela continuada exposição das peças à luz e a condições ambientais tornadas instáveis pelo afluxo variável de público, cujos corpos emitem consideráveis quantidades de umidade e calor.',110,'2014-05-18 00:00:00','21:29:00',1),(273,66,' Museus que guardam acervos de objetos especialmente sensíveis podem ser obrigados a montar exposições frias ou penumbrosas demais para o gosto do público.',75,'2014-11-20 00:00:00','22:52:00',10),(274,114,' Todo esse campo está em rápida expansão e contínua transformação.',26,'2014-08-21 00:00:00','00:00:00',7),(275,177,' Em combinação com alta umidade as reações se tornam ainda mais rápidas.',89,'2014-11-07 00:00:00','08:45:00',7),(276,171,' Temperaturas e umidades baixas, desta forma, são em geral preferíveis.',96,'2014-04-24 00:00:00','08:04:00',7),(277,89,' Por outro lado, alguns materiais não toleram bem temperaturas muito frias, outros não resistem em umidades muito baixas.',87,'2014-11-16 00:00:00','07:14:00',10),(278,40,' É portanto necessário um conhecimento aprofundado sobre o comportamento dos variados materiais que compõem determinado acervo a fim de estabelecer parâmetros de conservação adequados a cada caso.',75,'2015-03-26 00:00:00','07:16:00',2),(279,118,' As fichas podem, por outro lado, considerando a atualização constante de certas categorias de dados, ser impressas apenas como um formulário básico, a ser preenchido à mão e eventualmente corrigido se necessário, mas todas as informações do registro informatizado devem ser transportadas para as fichas, não pode haver discrepância entre as duas versões documentais.',11,'2014-09-23 00:00:00','09:25:00',6),(280,126,' É possível também fazer o caminho inverso: tomar as fichas como registro primário e só depois levar os dados para o computador.',91,'2014-02-16 00:00:00','20:19:00',8),(281,47,' Cada instituição deve decidir o método de registro como lhe parecer mais prático, completo e seguro.',8,'2014-11-22 00:00:00','05:45:00',5),(282,62,' É sobremaneira importante reunir todos os dados possíveis no momento da coleta ou aquisição, pois mais tarde pode ser impossível obtê-los.',34,'2014-07-19 00:00:00','09:50:00',7),(283,68,' Considerando os documentos como registros da atividade humana, a documentação serve como instrumento de comunicação e preservação da informação no âmbito da memória social e da pesquisa científica.',48,'2015-02-20 00:00:00','18:53:00',8),(284,89,'Um modelo de Livro-Tombo',34,'2014-07-13 00:00:00','17:05:00',10),(285,129,'Na catalogação do acervo as informações são compiladas de uma variedade de documentos relacionados a cada peça do acervo, como fotografias, laudos de conservação, fichas descritivas, atestados de participação da peça em exposições, contratos de aquisição, etc',58,'2014-10-14 00:00:00','22:32:00',6),(286,58,'Detalhe de um catálogo digitalizado',55,'2014-09-28 00:00:00','01:17:00',1),(287,149,'O catálogo inclui pelo menos um documento básico: o livro-tombo (LT), mas ele raramente é suficiente na dinâmica de um museu contemporâneo, e precisa ser complementado por um sistema auxiliar, geralmente um arquivo informatizado e/ou fichas impressas.',90,'2014-09-01 00:00:00','11:57:00',7),(288,108,'Peças do acervo do Museu do Brinquedo de Zurique',103,'2014-05-14 00:00:00','02:40:00',7),(289,167,'A criação e manutenção de um acervo museológico é uma tarefa trabalhosa, dispendiosa, complexa e ainda em processo de estudo e aperfeiçoamento.',74,'2014-12-01 00:00:00','09:55:00',8),(290,123,' Muitas questões fundamentais ainda estão sendo discutidas pelos especialistas, e em muitas delas ainda não se formaram consensos ou regulamentações definitivas.',69,'2014-06-26 00:00:00','21:20:00',4);
/*!40000 ALTER TABLE `comentario` ENABLE KEYS */;
UNLOCK TABLES;

--
-- Table structure for table `companhia`
--

DROP TABLE IF EXISTS `companhia`;
/*!40101 SET @saved_cs_client     = @@character_set_client */;
/*!40101 SET character_set_client = utf8 */;
CREATE TABLE `companhia` (
  `id` int(11) NOT NULL AUTO_INCREMENT,
  `empresa` int(11) NOT NULL,
  PRIMARY KEY (`id`),
  KEY `empresa_index` (`empresa`),
  CONSTRAINT `companhia_ibfk_1` FOREIGN KEY (`empresa`) REFERENCES `empresa` (`id`)
) ENGINE=InnoDB AUTO_INCREMENT=13 DEFAULT CHARSET=utf8;
/*!40101 SET character_set_client = @saved_cs_client */;

--
-- Dumping data for table `companhia`
--

LOCK TABLES `companhia` WRITE;
/*!40000 ALTER TABLE `companhia` DISABLE KEYS */;
INSERT INTO `companhia` VALUES (1,1),(2,2),(3,3),(4,4),(5,5),(6,6),(7,7),(8,8),(9,9),(10,10),(11,11),(12,12);
/*!40000 ALTER TABLE `companhia` ENABLE KEYS */;
UNLOCK TABLES;

--
-- Table structure for table `compra`
--

DROP TABLE IF EXISTS `compra`;
/*!40101 SET @saved_cs_client     = @@character_set_client */;
/*!40101 SET character_set_client = utf8 */;
CREATE TABLE `compra` (
  `id` int(11) NOT NULL AUTO_INCREMENT,
  `pessoa` int(11) NOT NULL,
  `data` datetime DEFAULT NULL,
  PRIMARY KEY (`id`),
  KEY `pessoa_index` (`pessoa`),
  CONSTRAINT `compra_ibfk_1` FOREIGN KEY (`pessoa`) REFERENCES `pessoa` (`id`)
) ENGINE=InnoDB AUTO_INCREMENT=501 DEFAULT CHARSET=utf8;
/*!40101 SET character_set_client = @saved_cs_client */;

--
-- Dumping data for table `compra`
--

LOCK TABLES `compra` WRITE;
/*!40000 ALTER TABLE `compra` DISABLE KEYS */;
INSERT INTO `compra` VALUES (1,32,'2014-05-19 00:00:00'),(2,52,'2014-05-14 00:00:00'),(3,77,'2014-08-01 00:00:00'),(4,37,'2014-07-01 00:00:00'),(5,22,'2014-07-29 00:00:00'),(6,76,'2014-07-18 00:00:00'),(7,15,'2014-08-04 00:00:00'),(8,43,'2014-01-19 00:00:00'),(9,105,'2014-08-01 00:00:00'),(10,2,'2014-05-21 00:00:00'),(11,68,'2014-04-11 00:00:00'),(12,90,'2014-07-13 00:00:00'),(13,48,'2014-02-25 00:00:00'),(14,115,'2014-07-28 00:00:00'),(15,38,'2014-06-22 00:00:00'),(16,25,'2014-07-10 00:00:00'),(17,86,'2014-07-16 00:00:00'),(18,37,'2014-05-04 00:00:00'),(19,2,'2014-07-17 00:00:00'),(20,109,'2014-07-14 00:00:00'),(21,42,'2014-06-28 00:00:00'),(22,39,'2014-07-13 00:00:00'),(23,100,'2014-03-28 00:00:00'),(24,90,'2014-07-22 00:00:00'),(25,94,'2014-06-23 00:00:00'),(26,49,'2014-08-03 00:00:00'),(27,67,'2014-05-02 00:00:00'),(28,40,'2014-07-28 00:00:00'),(29,54,'2014-08-09 00:00:00'),(30,59,'2014-07-22 00:00:00'),(31,68,'2013-12-06 00:00:00'),(32,9,'2014-05-23 00:00:00'),(33,71,'2014-07-19 00:00:00'),(34,116,'2014-06-14 00:00:00'),(35,68,'2014-07-15 00:00:00'),(36,27,'2014-03-18 00:00:00'),(37,103,'2014-08-05 00:00:00'),(38,45,'2014-07-23 00:00:00'),(39,24,'2014-07-25 00:00:00'),(40,21,'2014-07-27 00:00:00'),(41,111,'2014-08-01 00:00:00'),(42,86,'2014-04-19 00:00:00'),(43,100,'2014-06-07 00:00:00'),(44,58,'2014-05-13 00:00:00'),(45,17,'2014-07-19 00:00:00'),(46,93,'2014-05-28 00:00:00'),(47,50,'2014-08-12 00:00:00'),(48,76,'2014-08-10 00:00:00'),(49,25,'2014-04-18 00:00:00'),(50,75,'2014-07-05 00:00:00'),(51,16,'2014-02-24 00:00:00'),(52,53,'2014-04-05 00:00:00'),(53,11,'2014-01-19 00:00:00'),(54,111,'2014-06-13 00:00:00'),(55,41,'2014-06-11 00:00:00'),(56,10,'2014-08-02 00:00:00'),(57,115,'2014-07-17 00:00:00'),(58,74,'2014-05-30 00:00:00'),(59,88,'2014-05-26 00:00:00'),(60,55,'2014-06-05 00:00:00'),(61,38,'2014-05-10 00:00:00'),(62,2,'2014-08-03 00:00:00'),(63,28,'2014-07-16 00:00:00'),(64,57,'2014-05-21 00:00:00'),(65,77,'2014-07-19 00:00:00'),(66,56,'2014-05-27 00:00:00'),(67,54,'2014-07-27 00:00:00'),(68,30,'2014-07-18 00:00:00'),(69,108,'2014-04-22 00:00:00'),(70,44,'2014-07-16 00:00:00'),(71,66,'2014-07-30 00:00:00'),(72,86,'2014-07-14 00:00:00'),(73,49,'2014-03-20 00:00:00'),(74,15,'2014-03-09 00:00:00'),(75,38,'2014-07-21 00:00:00'),(76,56,'2014-07-06 00:00:00'),(77,16,'2014-07-23 00:00:00'),(78,27,'2014-07-02 00:00:00'),(79,66,'2014-07-30 00:00:00'),(80,9,'2014-08-15 00:00:00'),(81,60,'2014-04-22 00:00:00'),(82,16,'2014-08-06 00:00:00'),(83,45,'2014-05-31 00:00:00'),(84,29,'2014-07-10 00:00:00'),(85,10,'2014-06-04 00:00:00'),(86,96,'2014-06-01 00:00:00'),(87,4,'2014-08-09 00:00:00'),(88,23,'2014-02-13 00:00:00'),(89,113,'2014-06-20 00:00:00'),(90,42,'2014-05-30 00:00:00'),(91,90,'2014-05-14 00:00:00'),(92,79,'2014-07-12 00:00:00'),(93,44,'2014-06-27 00:00:00'),(94,77,'2014-03-10 00:00:00'),(95,9,'2014-06-24 00:00:00'),(96,35,'2014-06-23 00:00:00'),(97,70,'2014-03-12 00:00:00'),(98,51,'2014-07-20 00:00:00'),(99,94,'2014-07-31 00:00:00'),(100,66,'2014-08-14 00:00:00'),(101,107,'2014-06-25 00:00:00'),(102,104,'2014-06-25 00:00:00'),(103,103,'2014-07-04 00:00:00'),(104,67,'2014-02-23 00:00:00'),(105,95,'2014-07-26 00:00:00'),(106,90,'2014-06-25 00:00:00'),(107,77,'2014-06-05 00:00:00'),(108,84,'2014-07-09 00:00:00'),(109,64,'2014-06-05 00:00:00'),(110,112,'2014-07-17 00:00:00'),(111,20,'2014-06-03 00:00:00'),(112,97,'2013-11-29 00:00:00'),(113,105,'2014-07-04 00:00:00'),(114,52,'2014-07-16 00:00:00'),(115,68,'2014-06-30 00:00:00'),(116,104,'2014-05-19 00:00:00'),(117,78,'2014-08-07 00:00:00'),(118,67,'2014-08-08 00:00:00'),(119,65,'2014-07-31 00:00:00'),(120,12,'2014-01-29 00:00:00'),(121,90,'2014-06-04 00:00:00'),(122,107,'2014-03-03 00:00:00'),(123,101,'2014-07-23 00:00:00'),(124,94,'2014-08-01 00:00:00'),(125,35,'2014-03-21 00:00:00'),(126,43,'2014-06-19 00:00:00'),(127,76,'2014-03-16 00:00:00'),(128,11,'2014-07-19 00:00:00'),(129,14,'2014-04-16 00:00:00'),(130,45,'2014-07-02 00:00:00'),(131,27,'2014-06-15 00:00:00'),(132,110,'2014-06-04 00:00:00'),(133,41,'2014-04-13 00:00:00'),(134,91,'2014-04-21 00:00:00'),(135,113,'2014-07-06 00:00:00'),(136,15,'2014-06-22 00:00:00'),(137,20,'2014-05-13 00:00:00'),(138,51,'2014-07-23 00:00:00'),(139,112,'2014-07-28 00:00:00'),(140,38,'2014-02-26 00:00:00'),(141,17,'2014-06-28 00:00:00'),(142,3,'2014-06-05 00:00:00'),(143,32,'2014-06-29 00:00:00'),(144,56,'2014-07-14 00:00:00'),(145,113,'2014-05-02 00:00:00'),(146,10,'2014-04-07 00:00:00'),(147,52,'2014-07-15 00:00:00'),(148,65,'2014-06-29 00:00:00'),(149,9,'2014-03-02 00:00:00'),(150,60,'2014-04-23 00:00:00'),(151,25,'2014-07-16 00:00:00'),(152,74,'2014-04-03 00:00:00'),(153,43,'2014-01-14 00:00:00'),(154,7,'2014-05-26 00:00:00'),(155,26,'2014-07-03 00:00:00'),(156,5,'2014-06-20 00:00:00'),(157,71,'2014-04-18 00:00:00'),(158,62,'2014-03-15 00:00:00'),(159,50,'2014-04-23 00:00:00'),(160,21,'2014-02-02 00:00:00'),(161,28,'2014-05-14 00:00:00'),(162,30,'2014-07-22 00:00:00'),(163,99,'2014-04-28 00:00:00'),(164,53,'2014-06-06 00:00:00'),(165,21,'2014-03-17 00:00:00'),(166,47,'2014-05-06 00:00:00'),(167,77,'2014-07-19 00:00:00'),(168,87,'2014-08-11 00:00:00'),(169,54,'2014-06-13 00:00:00'),(170,33,'2014-07-15 00:00:00'),(171,79,'2014-03-05 00:00:00'),(172,12,'2014-06-26 00:00:00'),(173,48,'2014-04-26 00:00:00'),(174,15,'2014-03-23 00:00:00'),(175,52,'2014-07-21 00:00:00'),(176,90,'2014-07-22 00:00:00'),(177,67,'2014-06-16 00:00:00'),(178,55,'2014-04-07 00:00:00'),(179,77,'2013-12-05 00:00:00'),(180,19,'2014-07-03 00:00:00'),(181,107,'2014-06-16 00:00:00'),(182,76,'2014-06-22 00:00:00'),(183,93,'2014-05-14 00:00:00'),(184,58,'2014-08-01 00:00:00'),(185,109,'2014-04-11 00:00:00'),(186,66,'2014-03-02 00:00:00'),(187,103,'2014-04-10 00:00:00'),(188,87,'2014-04-20 00:00:00'),(189,40,'2014-06-20 00:00:00'),(190,118,'2014-07-09 00:00:00'),(191,87,'2014-04-05 00:00:00'),(192,4,'2014-08-02 00:00:00'),(193,34,'2014-08-13 00:00:00'),(194,91,'2014-07-30 00:00:00'),(195,103,'2014-07-07 00:00:00'),(196,57,'2014-06-28 00:00:00'),(197,24,'2014-06-26 00:00:00'),(198,87,'2014-07-14 00:00:00'),(199,2,'2014-07-14 00:00:00'),(200,49,'2014-06-03 00:00:00'),(201,112,'2013-12-14 00:00:00'),(202,112,'2014-08-16 00:00:00'),(203,3,'2014-07-14 00:00:00'),(204,97,'2014-06-06 00:00:00'),(205,38,'2014-06-12 00:00:00'),(206,106,'2014-07-24 00:00:00'),(207,90,'2014-04-21 00:00:00'),(208,4,'2014-03-16 00:00:00'),(209,10,'2014-03-10 00:00:00'),(210,21,'2014-07-23 00:00:00'),(211,55,'2014-06-08 00:00:00'),(212,76,'2014-05-11 00:00:00'),(213,88,'2013-12-16 00:00:00'),(214,117,'2014-04-24 00:00:00'),(215,35,'2014-02-11 00:00:00'),(216,80,'2014-02-13 00:00:00'),(217,9,'2014-08-01 00:00:00'),(218,7,'2014-07-14 00:00:00'),(219,85,'2014-06-26 00:00:00'),(220,62,'2014-07-28 00:00:00'),(221,10,'2014-07-27 00:00:00'),(222,95,'2014-06-29 00:00:00'),(223,59,'2014-07-25 00:00:00'),(224,76,'2014-04-05 00:00:00'),(225,86,'2014-04-25 00:00:00'),(226,117,'2013-12-20 00:00:00'),(227,22,'2014-07-26 00:00:00'),(228,57,'2014-06-30 00:00:00'),(229,93,'2014-04-16 00:00:00'),(230,58,'2014-06-28 00:00:00'),(231,14,'2014-07-07 00:00:00'),(232,88,'2014-07-01 00:00:00'),(233,107,'2014-04-04 00:00:00'),(234,2,'2014-06-05 00:00:00'),(235,3,'2014-07-13 00:00:00'),(236,13,'2014-05-30 00:00:00'),(237,56,'2014-07-25 00:00:00'),(238,104,'2014-07-02 00:00:00'),(239,113,'2014-07-25 00:00:00'),(240,17,'2014-04-11 00:00:00'),(241,66,'2014-07-21 00:00:00'),(242,17,'2014-07-21 00:00:00'),(243,40,'2014-06-10 00:00:00'),(244,107,'2014-07-24 00:00:00'),(245,100,'2014-03-03 00:00:00'),(246,47,'2014-05-28 00:00:00'),(247,79,'2014-05-08 00:00:00'),(248,46,'2014-07-25 00:00:00'),(249,110,'2014-05-14 00:00:00'),(250,25,'2014-05-29 00:00:00'),(251,106,'2014-04-21 00:00:00'),(252,60,'2014-07-11 00:00:00'),(253,102,'2014-07-01 00:00:00'),(254,54,'2014-06-20 00:00:00'),(255,111,'2014-05-20 00:00:00'),(256,4,'2014-05-26 00:00:00'),(257,78,'2014-07-16 00:00:00'),(258,68,'2014-07-05 00:00:00'),(259,48,'2014-06-03 00:00:00'),(260,14,'2014-03-03 00:00:00'),(261,109,'2014-08-05 00:00:00'),(262,5,'2014-06-26 00:00:00'),(263,102,'2014-06-23 00:00:00'),(264,104,'2014-04-24 00:00:00'),(265,59,'2014-03-09 00:00:00'),(266,45,'2014-08-05 00:00:00'),(267,105,'2014-06-21 00:00:00'),(268,113,'2014-05-24 00:00:00'),(269,14,'2014-08-08 00:00:00'),(270,84,'2014-08-08 00:00:00'),(271,11,'2014-08-02 00:00:00'),(272,28,'2014-07-24 00:00:00'),(273,106,'2014-07-23 00:00:00'),(274,47,'2014-04-07 00:00:00'),(275,53,'2014-04-03 00:00:00'),(276,49,'2014-07-20 00:00:00'),(277,43,'2014-06-09 00:00:00'),(278,94,'2014-06-29 00:00:00'),(279,41,'2014-04-10 00:00:00'),(280,99,'2014-07-11 00:00:00'),(281,29,'2014-07-10 00:00:00'),(282,21,'2014-06-16 00:00:00'),(283,69,'2014-05-23 00:00:00'),(284,56,'2014-03-26 00:00:00'),(285,85,'2014-07-07 00:00:00'),(286,101,'2014-07-07 00:00:00'),(287,30,'2014-03-18 00:00:00'),(288,78,'2014-07-20 00:00:00'),(289,43,'2014-07-29 00:00:00'),(290,95,'2014-07-10 00:00:00'),(291,51,'2014-07-02 00:00:00'),(292,16,'2014-03-31 00:00:00'),(293,76,'2014-06-13 00:00:00'),(294,102,'2014-06-03 00:00:00'),(295,57,'2014-06-29 00:00:00'),(296,107,'2014-08-01 00:00:00'),(297,25,'2014-06-25 00:00:00'),(298,34,'2014-02-15 00:00:00'),(299,37,'2014-05-10 00:00:00'),(300,72,'2014-04-03 00:00:00'),(301,87,'2014-05-26 00:00:00'),(302,82,'2014-05-27 00:00:00'),(303,35,'2014-07-17 00:00:00'),(304,102,'2014-06-24 00:00:00'),(305,50,'2014-06-03 00:00:00'),(306,47,'2014-04-16 00:00:00'),(307,64,'2014-07-12 00:00:00'),(308,89,'2014-07-10 00:00:00'),(309,25,'2014-07-01 00:00:00'),(310,78,'2014-05-03 00:00:00'),(311,74,'2014-05-28 00:00:00'),(312,27,'2014-07-16 00:00:00'),(313,51,'2014-03-07 00:00:00'),(314,14,'2014-05-18 00:00:00'),(315,98,'2014-06-02 00:00:00'),(316,28,'2014-05-26 00:00:00'),(317,12,'2014-08-10 00:00:00'),(318,18,'2014-07-18 00:00:00'),(319,71,'2014-03-21 00:00:00'),(320,31,'2014-06-01 00:00:00'),(321,105,'2014-03-28 00:00:00'),(322,76,'2014-07-22 00:00:00'),(323,58,'2014-05-11 00:00:00'),(324,59,'2014-06-11 00:00:00'),(325,68,'2014-07-21 00:00:00'),(326,115,'2014-07-19 00:00:00'),(327,4,'2014-06-27 00:00:00'),(328,47,'2014-01-26 00:00:00'),(329,18,'2014-04-09 00:00:00'),(330,9,'2014-07-03 00:00:00'),(331,114,'2014-07-07 00:00:00'),(332,110,'2014-06-17 00:00:00'),(333,10,'2014-08-11 00:00:00'),(334,71,'2014-05-07 00:00:00'),(335,52,'2014-06-17 00:00:00'),(336,89,'2014-04-21 00:00:00'),(337,105,'2014-03-11 00:00:00'),(338,30,'2014-05-05 00:00:00'),(339,23,'2014-05-25 00:00:00'),(340,100,'2014-07-10 00:00:00'),(341,56,'2014-08-08 00:00:00'),(342,12,'2014-06-27 00:00:00'),(343,13,'2014-04-10 00:00:00'),(344,31,'2014-08-03 00:00:00'),(345,97,'2014-05-04 00:00:00'),(346,114,'2014-08-04 00:00:00'),(347,115,'2014-05-04 00:00:00'),(348,33,'2014-08-07 00:00:00'),(349,15,'2014-07-23 00:00:00'),(350,97,'2014-05-21 00:00:00'),(351,27,'2014-07-26 00:00:00'),(352,115,'2013-12-29 00:00:00'),(353,114,'2014-06-27 00:00:00'),(354,95,'2014-06-10 00:00:00'),(355,44,'2014-05-28 00:00:00'),(356,26,'2014-07-06 00:00:00'),(357,12,'2014-07-04 00:00:00'),(358,10,'2014-03-28 00:00:00'),(359,30,'2014-04-23 00:00:00'),(360,64,'2014-07-31 00:00:00'),(361,83,'2014-04-05 00:00:00'),(362,42,'2014-06-19 00:00:00'),(363,100,'2014-07-27 00:00:00'),(364,82,'2014-07-14 00:00:00'),(365,58,'2014-05-24 00:00:00'),(366,79,'2014-03-19 00:00:00'),(367,39,'2014-05-19 00:00:00'),(368,38,'2014-07-17 00:00:00'),(369,51,'2014-02-23 00:00:00'),(370,78,'2014-02-23 00:00:00'),(371,43,'2014-07-21 00:00:00'),(372,32,'2014-07-18 00:00:00'),(373,58,'2014-07-15 00:00:00'),(374,91,'2014-07-26 00:00:00'),(375,37,'2014-05-23 00:00:00'),(376,39,'2014-01-28 00:00:00'),(377,80,'2014-07-18 00:00:00'),(378,37,'2014-07-17 00:00:00'),(379,56,'2014-07-24 00:00:00'),(380,41,'2014-06-06 00:00:00'),(381,114,'2014-07-04 00:00:00'),(382,66,'2014-06-15 00:00:00'),(383,115,'2014-06-14 00:00:00'),(384,23,'2013-12-22 00:00:00'),(385,106,'2014-07-06 00:00:00'),(386,80,'2014-06-15 00:00:00'),(387,90,'2014-08-15 00:00:00'),(388,19,'2014-06-26 00:00:00'),(389,96,'2014-06-13 00:00:00'),(390,73,'2014-07-01 00:00:00'),(391,14,'2014-02-20 00:00:00'),(392,102,'2014-05-24 00:00:00'),(393,92,'2014-05-26 00:00:00'),(394,34,'2014-05-13 00:00:00'),(395,42,'2014-07-13 00:00:00'),(396,3,'2014-06-14 00:00:00'),(397,91,'2014-03-26 00:00:00'),(398,32,'2014-01-25 00:00:00'),(399,89,'2014-06-26 00:00:00'),(400,105,'2014-07-07 00:00:00'),(401,92,'2013-12-26 00:00:00'),(402,41,'2014-02-01 00:00:00'),(403,72,'2014-07-19 00:00:00'),(404,30,'2014-08-01 00:00:00'),(405,80,'2014-06-17 00:00:00'),(406,114,'2014-04-27 00:00:00'),(407,76,'2014-07-05 00:00:00'),(408,98,'2014-02-26 00:00:00'),(409,13,'2014-07-09 00:00:00'),(410,16,'2014-08-10 00:00:00'),(411,64,'2014-08-03 00:00:00'),(412,19,'2014-06-27 00:00:00'),(413,66,'2014-08-04 00:00:00'),(414,90,'2014-06-06 00:00:00'),(415,59,'2014-07-21 00:00:00'),(416,70,'2013-11-29 00:00:00'),(417,19,'2014-05-17 00:00:00'),(418,102,'2014-07-06 00:00:00'),(419,13,'2014-04-12 00:00:00'),(420,63,'2014-06-13 00:00:00'),(421,12,'2014-08-07 00:00:00'),(422,117,'2014-07-17 00:00:00'),(423,56,'2014-06-11 00:00:00'),(424,5,'2014-07-17 00:00:00'),(425,80,'2014-07-25 00:00:00'),(426,60,'2014-03-16 00:00:00'),(427,97,'2014-07-18 00:00:00'),(428,30,'2014-07-30 00:00:00'),(429,65,'2014-05-24 00:00:00'),(430,28,'2014-07-27 00:00:00'),(431,77,'2014-07-17 00:00:00'),(432,77,'2014-07-05 00:00:00'),(433,90,'2014-06-26 00:00:00'),(434,52,'2014-04-21 00:00:00'),(435,60,'2014-02-07 00:00:00'),(436,104,'2014-08-11 00:00:00'),(437,94,'2014-05-30 00:00:00'),(438,80,'2014-04-24 00:00:00'),(439,12,'2014-07-13 00:00:00'),(440,30,'2014-07-18 00:00:00'),(441,20,'2014-06-25 00:00:00'),(442,41,'2014-06-18 00:00:00'),(443,26,'2013-12-25 00:00:00'),(444,110,'2014-07-29 00:00:00'),(445,96,'2014-07-03 00:00:00'),(446,3,'2014-07-26 00:00:00'),(447,53,'2014-08-03 00:00:00'),(448,33,'2014-07-07 00:00:00'),(449,56,'2014-04-11 00:00:00'),(450,47,'2014-07-15 00:00:00'),(451,104,'2014-06-03 00:00:00'),(452,61,'2014-04-15 00:00:00'),(453,5,'2014-07-08 00:00:00'),(454,109,'2014-04-11 00:00:00'),(455,39,'2014-07-22 00:00:00'),(456,12,'2014-07-14 00:00:00'),(457,16,'2014-05-07 00:00:00'),(458,54,'2014-03-22 00:00:00'),(459,53,'2014-07-24 00:00:00'),(460,4,'2014-05-23 00:00:00'),(461,45,'2014-02-16 00:00:00'),(462,6,'2014-06-24 00:00:00'),(463,28,'2014-07-25 00:00:00'),(464,93,'2014-06-24 00:00:00'),(465,22,'2014-06-27 00:00:00'),(466,84,'2014-04-14 00:00:00'),(467,109,'2014-03-14 00:00:00'),(468,23,'2014-07-22 00:00:00'),(469,115,'2014-02-15 00:00:00'),(470,77,'2014-06-12 00:00:00'),(471,100,'2014-06-11 00:00:00'),(472,71,'2014-07-08 00:00:00'),(473,97,'2014-07-09 00:00:00'),(474,58,'2014-04-30 00:00:00'),(475,23,'2014-05-25 00:00:00'),(476,30,'2014-03-13 00:00:00'),(477,74,'2014-04-29 00:00:00'),(478,44,'2014-06-19 00:00:00'),(479,51,'2014-05-25 00:00:00'),(480,45,'2014-04-25 00:00:00'),(481,38,'2014-07-30 00:00:00'),(482,64,'2014-07-18 00:00:00'),(483,9,'2014-08-01 00:00:00'),(484,92,'2014-04-20 00:00:00'),(485,107,'2014-04-25 00:00:00'),(486,33,'2014-03-06 00:00:00'),(487,60,'2014-06-18 00:00:00'),(488,55,'2014-07-16 00:00:00'),(489,91,'2014-06-10 00:00:00'),(490,58,'2014-06-05 00:00:00'),(491,6,'2014-05-04 00:00:00'),(492,51,'2014-07-04 00:00:00'),(493,118,'2014-07-25 00:00:00'),(494,103,'2014-06-18 00:00:00'),(495,62,'2014-07-15 00:00:00'),(496,3,'2014-05-01 00:00:00'),(497,106,'2014-06-01 00:00:00'),(498,19,'2014-07-15 00:00:00'),(499,9,'2014-05-26 00:00:00'),(500,64,'2014-07-15 00:00:00');
/*!40000 ALTER TABLE `compra` ENABLE KEYS */;
UNLOCK TABLES;

--
-- Table structure for table `compraitens`
--

DROP TABLE IF EXISTS `compraitens`;
/*!40101 SET @saved_cs_client     = @@character_set_client */;
/*!40101 SET character_set_client = utf8 */;
CREATE TABLE `compraitens` (
  `id` int(11) NOT NULL AUTO_INCREMENT,
  `compra` int(11) NOT NULL,
  `item` int(11) NOT NULL,
  `produto` int(11) NOT NULL,
  PRIMARY KEY (`id`),
  KEY `compra_index` (`compra`),
  KEY `item_index` (`item`),
  KEY `produto_index` (`produto`),
  CONSTRAINT `compraitens_ibfk_1` FOREIGN KEY (`compra`) REFERENCES `compra` (`id`),
  CONSTRAINT `compraitens_ibfk_2` FOREIGN KEY (`item`) REFERENCES `item` (`id`),
  CONSTRAINT `compraitens_ibfk_3` FOREIGN KEY (`produto`) REFERENCES `produto` (`id`),
  CONSTRAINT `compraitens_ibfk_4` FOREIGN KEY (`produto`) REFERENCES `produto` (`id`)
) ENGINE=InnoDB AUTO_INCREMENT=1897 DEFAULT CHARSET=utf8;
/*!40101 SET character_set_client = @saved_cs_client */;

--
-- Dumping data for table `compraitens`
--

LOCK TABLES `compraitens` WRITE;
/*!40000 ALTER TABLE `compraitens` DISABLE KEYS */;
INSERT INTO `compraitens` VALUES (1,1,1589,11),(2,2,710,79),(3,3,876,41),(4,4,554,4),(5,5,272,17),(6,6,1685,69),(7,7,1275,48),(8,8,343,31),(9,9,961,25),(10,10,1139,10),(11,11,97,71),(12,12,744,14),(13,13,1218,25),(14,14,97,71),(15,15,1126,67),(16,16,1274,47),(17,17,1218,25),(18,18,1787,50),(19,19,1401,7),(20,20,181,45),(21,21,1339,39),(22,22,946,62),(23,23,667,73),(24,24,1987,36),(25,25,42,38),(26,26,1508,52),(27,27,166,26),(28,28,565,48),(29,29,198,56),(30,30,975,21),(31,31,1588,57),(32,32,1204,58),(33,33,1492,74),(34,34,303,59),(35,35,342,49),(36,36,1072,33),(37,37,287,52),(38,38,1142,66),(39,39,2086,8),(40,40,731,8),(41,41,714,66),(42,42,1273,63),(43,43,1630,55),(44,44,256,41),(45,45,1646,75),(46,46,1269,67),(47,47,2049,47),(48,48,789,68),(49,49,1470,53),(50,50,1606,65),(51,51,668,52),(52,52,2109,68),(53,53,1241,4),(54,54,855,62),(55,55,373,71),(56,56,486,9),(57,57,44,30),(58,58,1163,40),(59,59,1702,59),(60,60,1759,78),(61,61,628,43),(62,62,328,62),(63,63,1092,10),(64,64,985,39),(65,65,829,62),(66,66,681,68),(67,67,56,80),(68,68,1842,65),(69,69,869,64),(70,70,600,54),(71,71,727,5),(72,72,1284,15),(73,73,697,49),(74,74,602,27),(75,75,4,9),(76,76,420,79),(77,77,684,73),(78,78,1108,1),(79,79,1902,54),(80,80,1176,52),(81,81,312,61),(82,82,1080,36),(83,83,994,66),(84,84,1584,75),(85,85,1023,55),(86,86,754,65),(87,87,1323,65),(88,88,1909,30),(89,89,1603,77),(90,90,972,28),(91,91,2034,80),(92,92,1989,33),(93,93,1802,33),(94,94,2116,67),(95,95,1880,80),(96,96,284,72),(97,97,1462,1),(98,98,770,61),(99,99,505,7),(100,100,1308,2),(101,101,814,72),(102,102,1692,79),(103,103,777,64),(104,104,2000,68),(105,105,198,56),(106,106,200,61),(107,107,140,37),(108,108,777,64),(109,109,1903,62),(110,110,75,1),(111,111,1989,33),(112,112,1659,43),(113,113,327,54),(114,114,1799,56),(115,115,1289,44),(116,116,2002,30),(117,117,702,43),(118,118,1138,39),(119,119,1155,26),(120,120,1366,51),(121,121,1578,76),(122,122,1604,79),(123,123,908,36),(124,124,843,68),(125,125,428,65),(126,126,1983,79),(127,127,1877,10),(128,128,707,37),(129,129,1262,43),(130,130,1262,43),(131,131,1454,76),(132,132,1935,17),(133,133,216,6),(134,134,1968,25),(135,135,1029,79),(136,136,1262,43),(137,137,1335,69),(138,138,1510,67),(139,139,246,74),(140,140,44,30),(141,141,1853,1),(142,142,1708,20),(143,143,243,45),(144,144,2010,12),(145,145,1807,72),(146,146,878,48),(147,147,2047,74),(148,148,698,56),(149,149,992,43),(150,150,561,54),(151,151,1896,63),(152,152,1345,6),(153,153,123,76),(154,154,1529,76),(155,155,1297,44),(156,156,1331,30),(157,157,634,40),(158,158,1092,10),(159,159,761,33),(160,160,1041,45),(161,161,887,4),(162,162,844,70),(163,163,1776,21),(164,164,541,47),(165,165,1243,40),(166,166,13,23),(167,167,473,51),(168,168,27,23),(169,169,107,50),(170,170,1221,55),(171,171,318,2),(172,172,1807,72),(173,173,1243,40),(174,174,1451,36),(175,175,415,53),(176,176,1284,15),(177,177,477,52),(178,178,594,52),(179,179,1993,68),(180,180,1307,53),(181,181,1256,56),(182,182,1518,30),(183,183,1083,49),(184,184,435,74),(185,185,314,51),(186,186,963,3),(187,187,27,23),(188,188,852,58),(189,189,1214,49),(190,190,1261,32),(191,191,263,25),(192,192,451,57),(193,193,1955,55),(194,194,949,48),(195,195,170,22),(196,196,308,52),(197,197,288,78),(198,198,728,20),(199,199,327,54),(200,200,944,6),(201,201,387,55),(202,202,1011,69),(203,203,1821,12),(204,204,88,2),(205,205,1881,56),(206,206,1091,61),(207,207,335,10),(208,208,755,73),(209,209,260,5),(210,210,1089,6),(211,211,1065,80),(212,212,429,79),(213,213,54,43),(214,214,1969,44),(215,215,1704,75),(216,216,1726,2),(217,217,685,25),(218,218,800,74),(219,219,937,79),(220,220,1157,25),(221,221,1587,36),(222,222,1723,23),(223,223,801,55),(224,224,1197,20),(225,225,910,69),(226,226,1041,45),(227,227,1235,37),(228,228,1344,69),(229,229,784,47),(230,230,1951,63),(231,231,894,11),(232,232,1148,45),(233,233,228,2),(234,234,2055,23),(235,235,60,45),(236,236,884,6),(237,237,211,47),(238,238,2000,68),(239,239,789,68),(240,240,452,61),(241,241,84,14),(242,242,388,11),(243,243,559,66),(244,244,2010,12),(245,245,1482,56),(246,246,140,37),(247,247,7,65),(248,248,789,68),(249,249,605,37),(250,250,740,39),(251,251,95,14),(252,252,1602,51),(253,253,1141,54),(254,254,2053,49),(255,255,1441,12),(256,256,1656,66),(257,257,1012,23),(258,258,715,61),(259,259,646,73),(260,260,962,72),(261,261,1625,66),(262,262,1797,40),(263,263,573,72),(264,264,1291,7),(265,265,490,39),(266,266,1122,44),(267,267,1590,54),(268,268,1405,40),(269,269,731,8),(270,270,44,30),(271,271,1045,58),(272,272,929,53),(273,273,1061,25),(274,274,703,9),(275,275,1865,7),(276,276,1781,32),(277,277,177,72),(278,278,1297,44),(279,279,654,33),(280,280,1168,9),(281,281,1380,7),(282,282,2027,74),(283,283,2122,20),(284,284,1482,56),(285,285,1614,76),(286,286,784,47),(287,287,1358,58),(288,288,25,1),(289,289,316,72),(290,290,252,31),(291,291,834,22),(292,292,1375,2),(293,293,737,75),(294,294,1788,4),(295,295,1258,31),(296,296,1980,65),(297,297,549,4),(298,298,1807,72),(299,299,1118,66),(300,300,519,61),(301,301,469,8),(302,302,307,32),(303,303,66,61),(304,304,979,65),(305,305,1843,73),(306,306,1595,25),(307,307,1173,66),(308,308,1341,7),(309,309,534,17),(310,310,165,30),(311,311,1830,28),(312,312,356,53),(313,313,1224,45),(314,314,1910,70),(315,315,782,62),(316,316,1474,49),(317,317,2020,59),(318,318,2028,77),(319,319,395,11),(320,320,804,49),(321,321,670,2),(322,322,292,76),(323,323,1680,9),(324,324,1414,45),(325,325,511,76),(326,326,1837,20),(327,327,644,73),(328,328,1303,22),(329,329,2005,71),(330,330,1697,76),(331,331,169,55),(332,332,1155,26),(333,333,151,62),(334,334,209,59),(335,335,929,53),(336,336,2005,71),(337,337,2017,73),(338,338,1147,47),(339,339,563,52),(340,340,1861,25),(341,341,1514,78),(342,342,725,45),(343,343,1434,62),(344,344,325,70),(345,345,739,78),(346,346,241,76),(347,347,918,59),(348,348,1839,47),(349,349,1144,54),(350,350,805,8),(351,351,320,28),(352,352,1158,62),(353,353,1229,26),(354,354,429,79),(355,355,1193,53),(356,356,510,21),(357,357,564,8),(358,358,654,33),(359,359,2116,67),(360,360,949,48),(361,361,345,32),(362,362,1712,27),(363,363,155,7),(364,364,1518,30),(365,365,802,3),(366,366,1295,21),(367,367,1934,27),(368,368,203,6),(369,369,433,31),(370,370,78,4),(371,371,1934,27),(372,372,1721,76),(373,373,1310,8),(374,374,489,59),(375,375,820,48),(376,376,1916,78),(377,377,764,49),(378,378,335,10),(379,379,1364,78),(380,380,1448,33),(381,381,1621,20),(382,382,1853,1),(383,383,1182,58),(384,384,446,4),(385,385,178,73),(386,386,1887,32),(387,387,1798,2),(388,388,1289,44),(389,389,376,57),(390,390,288,78),(391,391,1848,21),(392,392,1934,27),(393,393,1875,31),(394,394,1676,69),(395,395,463,27),(396,396,1665,71),(397,397,909,61),(398,398,33,25),(399,399,1732,47),(400,400,1181,25),(401,401,1383,37),(402,402,1173,66),(403,403,1145,9),(404,404,876,41),(405,405,1961,36),(406,406,862,43),(407,407,1643,30),(408,408,1276,41),(409,409,1169,61),(410,410,1389,14),(411,411,1921,31),(412,412,1762,75),(413,413,182,49),(414,414,1003,77),(415,415,453,62),(416,416,387,55),(417,417,1533,6),(418,418,872,71),(419,419,330,69),(420,420,905,37),(421,421,1069,71),(422,422,1011,69),(423,423,1018,58),(424,424,1169,61),(425,425,1695,41),(426,426,133,59),(427,427,593,62),(428,428,534,17),(429,429,1737,17),(430,430,1120,71),(431,431,19,1),(432,432,1723,23),(433,433,1559,69),(434,434,974,77),(435,435,1190,79),(436,436,1894,23),(437,437,740,39),(438,438,990,80),(439,439,1474,49),(440,440,720,15),(441,441,167,56),(442,442,85,22),(443,443,1100,56),(444,444,503,8),(445,445,1602,51),(446,446,248,25),(447,447,2099,44),(448,448,1610,49),(449,449,585,27),(450,450,817,12),(451,451,474,74),(452,452,1385,15),(453,453,201,57),(454,454,2105,53),(455,455,1667,26),(456,456,470,53),(457,457,1396,62),(458,458,1546,33),(459,459,1360,44),(460,460,260,5),(461,461,525,27),(462,462,609,74),(463,463,1977,70),(464,464,2087,73),(465,465,691,39),(466,466,630,69),(467,467,2107,66),(468,468,1759,78),(469,469,403,61),(470,470,1238,14),(471,471,328,62),(472,472,522,75),(473,473,950,79),(474,474,152,65),(475,475,948,45),(476,476,1905,25),(477,477,14,14),(478,478,1065,80),(479,479,2091,7),(480,480,1733,73),(481,481,1473,43),(482,482,1057,39),(483,483,1175,11),(484,484,534,17),(485,485,906,8),(486,486,33,25),(487,487,2020,59),(488,488,611,49),(489,489,1994,32),(490,490,1420,49),(491,491,1768,50),(492,492,1274,47),(493,493,1688,43),(494,494,1723,23),(495,495,1247,21),(496,496,1776,21),(497,497,1453,17),(498,498,1297,44),(499,499,1216,64),(500,198,1810,55),(501,365,1649,37),(502,155,860,78),(503,90,833,76),(504,471,1392,20),(505,290,1995,23),(506,205,697,49),(507,317,373,71),(508,17,1492,74),(509,127,2061,5),(510,414,1436,52),(511,235,950,79),(512,411,1733,73),(513,270,1726,2),(514,383,1809,8),(515,54,1815,74),(516,141,1326,59),(517,6,730,44),(518,107,354,66),(519,115,455,79),(520,236,457,30),(521,52,1624,7),(522,349,299,54),(523,72,919,57),(524,311,308,52),(525,192,1537,31),(526,360,268,53),(527,45,1303,22),(528,368,295,1),(529,128,1154,64),(530,465,1721,76),(531,227,1359,21),(532,326,526,11),(533,247,530,70),(534,421,261,43),(535,184,2045,9),(536,395,230,76),(537,56,1175,11),(538,440,31,67),(539,433,354,66),(540,154,748,79),(541,486,95,14),(542,315,994,66),(543,192,2078,70),(544,69,1720,44),(545,437,91,33),(546,106,842,8),(547,205,575,3),(548,123,1745,70),(549,230,1413,12),(550,78,1851,1),(551,346,1316,54),(552,43,842,8),(553,441,390,8),(554,186,1575,80),(555,172,940,36),(556,227,3,39),(557,192,1544,77),(558,286,1883,53),(559,264,1202,12),(560,458,1357,11),(561,458,51,5),(562,263,564,8),(563,154,993,45),(564,387,1827,17),(565,256,1969,44),(566,421,1842,65),(567,131,444,63),(568,81,2121,48),(569,220,1612,73),(570,357,921,37),(571,38,1526,59),(572,444,612,75),(573,279,1884,26),(574,84,1450,5),(575,325,1492,74),(576,208,221,15),(577,89,557,14),(578,60,1394,15),(579,135,2028,77),(580,285,1973,74),(581,45,1814,69),(582,61,208,55),(583,283,1703,28),(584,431,27,23),(585,468,1632,37),(586,490,1708,20),(587,63,1629,1),(588,393,782,62),(589,288,502,65),(590,135,1129,40),(591,255,615,28),(592,421,2067,39),(593,9,844,70),(594,189,2055,23),(595,277,1595,25),(596,420,205,28),(597,182,1271,75),(598,194,1999,80),(599,88,470,53),(600,350,1913,31),(601,417,2089,59),(602,164,949,48),(603,277,1320,37),(604,210,968,2),(605,311,1825,67),(606,338,1111,39),(607,216,1940,78),(608,2,765,67),(609,93,1661,10),(610,162,1571,80),(611,279,1285,44),(612,427,482,77),(613,70,1721,76),(614,421,1324,25),(615,269,1111,39),(616,24,808,12),(617,111,96,4),(618,109,613,28),(619,253,526,11),(620,21,1305,67),(621,297,683,15),(622,314,2019,3),(623,214,1958,6),(624,325,1391,56),(625,462,2024,32),(626,195,1145,9),(627,105,1573,23),(628,42,478,51),(629,360,391,28),(630,100,688,6),(631,96,943,54),(632,333,1922,51),(633,227,1163,40),(634,60,1291,7),(635,323,2013,41),(636,260,344,31),(637,196,2085,69),(638,325,1895,21),(639,495,1297,44),(640,136,1092,10),(641,445,1165,45),(642,33,1045,58),(643,33,223,55),(644,222,1503,75),(645,24,452,61),(646,49,405,51),(647,86,984,56),(648,261,1756,72),(649,350,725,45),(650,306,1193,53),(651,203,130,77),(652,271,101,62),(653,164,222,59),(654,200,1186,40),(655,86,371,67),(656,245,1063,39),(657,72,131,33),(658,334,434,49),(659,470,812,1),(660,418,931,37),(661,444,1498,32),(662,396,1424,6),(663,451,745,28),(664,477,52,48),(665,481,972,28),(666,251,1583,23),(667,98,25,1),(668,439,1641,67),(669,204,842,8),(670,393,680,67),(671,235,684,73),(672,29,2099,44),(673,66,316,72),(674,438,892,30),(675,330,1629,1),(676,27,172,48),(677,19,1559,69),(678,475,1980,65),(679,6,765,67),(680,300,1402,70),(681,239,804,49),(682,9,1359,21),(683,121,1870,52),(684,362,896,15),(685,76,1193,53),(686,480,1544,77),(687,101,1155,26),(688,357,1117,7),(689,447,1433,28),(690,187,2053,49),(691,100,769,59),(692,414,1025,25),(693,166,19,1),(694,427,1047,14),(695,257,1310,8),(696,477,1079,5),(697,498,536,20),(698,473,104,10),(699,475,1446,6),(700,35,1917,69),(701,468,2001,5),(702,223,1191,52),(703,383,461,55),(704,259,1710,74),(705,239,1130,70),(706,177,1758,68),(707,239,2053,49),(708,70,295,1),(709,23,165,30),(710,372,681,68),(711,437,1095,73),(712,290,361,48),(713,34,674,44),(714,293,432,11),(715,235,1125,75),(716,413,490,39),(717,361,52,48),(718,286,1593,65),(719,341,1429,12),(720,254,409,22),(721,28,1153,71),(722,14,1363,78),(723,70,1634,78),(724,91,347,59),(725,60,1818,61),(726,146,2088,53),(727,281,134,25),(728,16,2121,48),(729,387,561,54),(730,258,1286,74),(731,225,1120,71),(732,255,172,48),(733,352,516,68),(734,391,742,78),(735,113,748,79),(736,379,2122,20),(737,106,2121,48),(738,430,2106,3),(739,498,1842,65),(740,373,1114,48),(741,377,1785,48),(742,136,1319,39),(743,419,1365,59),(744,116,833,76),(745,138,1106,67),(746,120,102,4),(747,256,1774,52),(748,129,1090,67),(749,291,1380,7),(750,118,1353,61),(751,379,1874,70),(752,77,1531,63),(753,373,1534,47),(754,93,1452,37),(755,423,1066,79),(756,73,1072,33),(757,456,1570,43),(758,259,801,55),(759,363,1138,39),(760,466,1991,15),(761,357,754,65),(762,1,2039,74),(763,119,1599,39),(764,254,2059,70),(765,159,727,5),(766,456,363,38),(767,198,534,17),(768,209,1641,67),(769,9,1650,74),(770,18,675,72),(771,186,1894,23),(772,267,1662,15),(773,455,713,54),(774,125,1259,69),(775,25,1924,25),(776,440,774,7),(777,372,1537,31),(778,246,413,31),(779,21,1326,59),(780,229,173,32),(781,331,1385,15),(782,57,1399,44),(783,62,1575,80),(784,130,825,22),(785,26,834,22),(786,335,1517,73),(787,223,326,74),(788,232,694,37),(789,33,1168,9),(790,125,1893,77),(791,121,669,33),(792,385,1157,25),(793,174,1597,7),(794,338,1706,78),(795,44,63,12),(796,311,948,45),(797,156,1815,74),(798,272,214,19),(799,61,657,72),(800,258,1736,7),(801,254,1840,25),(802,111,598,70),(803,98,238,5),(804,194,1476,31),(805,277,901,4),(806,308,17,23),(807,93,1810,55),(808,223,946,62),(809,223,1097,1),(810,218,651,26),(811,496,1103,69),(812,250,1856,76),(813,405,1081,6),(814,159,610,17),(815,494,1912,38),(816,469,436,79),(817,257,2048,75),(818,17,1851,1),(819,434,500,75),(820,410,1371,63),(821,246,1940,78),(822,354,737,75),(823,284,1933,55),(824,10,1607,17),(825,23,804,49),(826,170,734,56),(827,160,1359,21),(828,230,136,50),(829,2,1853,1),(830,348,1717,40),(831,62,1819,4),(832,471,294,64),(833,404,459,6),(834,431,8,6),(835,378,318,2),(836,388,769,59),(837,110,231,19),(838,39,1719,72),(839,467,1188,74),(840,350,1944,52),(841,317,107,50),(842,167,1429,12),(843,333,1879,59),(844,362,397,10),(845,100,161,14),(846,259,496,21),(847,51,1005,1),(848,56,1902,54),(849,163,1822,19),(850,205,2037,27),(851,41,1100,56),(852,173,145,77),(853,358,913,8),(854,404,414,44),(855,210,1755,43),(856,126,171,56),(857,355,470,53),(858,323,1740,12),(859,227,1779,36),(860,439,747,8),(861,205,1871,52),(862,425,2124,2),(863,254,658,68),(864,110,1786,45),(865,156,65,74),(866,160,2036,47),(867,420,2039,74),(868,254,127,23),(869,141,2066,3),(870,56,1161,44),(871,193,1665,71),(872,267,1597,7),(873,282,1513,73),(874,317,161,14),(875,239,1407,72),(876,163,589,25),(877,497,1811,54),(878,472,2088,53),(879,157,2083,74),(880,384,148,73),(881,156,2003,56),(882,456,2106,3),(883,387,1016,40),(884,34,1236,36),(885,455,2046,69),(886,492,722,44),(887,400,1056,72),(888,498,166,26),(889,412,924,45),(890,104,1041,45),(891,14,705,19),(892,445,471,9),(893,246,1895,21),(894,154,1931,14),(895,442,92,12),(896,271,2112,40),(897,414,1293,62),(898,428,723,73),(899,409,2027,74),(900,406,690,51),(901,479,1280,39),(902,396,1883,53),(903,7,259,72),(904,325,732,63),(905,483,406,68),(906,303,171,56),(907,415,1115,32),(908,49,593,62),(909,355,646,73),(910,444,1411,74),(911,482,1068,49),(912,290,473,51),(913,343,713,54),(914,126,1158,62),(915,213,1668,15),(916,445,1439,67),(917,20,573,72),(918,34,1510,67),(919,415,964,21),(920,442,1168,9),(921,474,850,4),(922,84,1646,75),(923,441,224,5),(924,264,121,40),(925,44,332,79),(926,137,919,57),(927,180,1891,43),(928,232,2051,25),(929,381,1649,37),(930,153,601,66),(931,427,279,8),(932,268,1885,44),(933,487,613,28),(934,465,1190,79),(935,483,630,69),(936,124,1911,77),(937,344,1875,31),(938,99,697,49),(939,278,425,47),(940,264,1317,70),(941,89,227,45),(942,3,1550,78),(943,387,2074,9),(944,451,1858,50),(945,177,1462,1),(946,75,399,11),(947,80,1937,8),(948,3,32,40),(949,71,582,62),(950,314,820,48),(951,243,1433,28),(952,478,429,79),(953,148,1148,45),(954,95,431,71),(955,201,1426,1),(956,48,1704,75),(957,427,2091,7),(958,78,967,47),(959,367,1747,23),(960,18,1577,7),(961,411,201,57),(962,232,1403,4),(963,338,1451,36),(964,468,875,6),(965,403,913,8),(966,296,1242,3),(967,23,210,53),(968,175,930,15),(969,17,1238,14),(970,407,1986,26),(971,225,534,17),(972,244,12,44),(973,47,926,38),(974,285,214,19),(975,344,1932,17),(976,217,1948,66),(977,168,1726,2),(978,234,165,30),(979,66,825,22),(980,229,1765,61),(981,269,1919,8),(982,66,1950,7),(983,305,376,57),(984,72,1673,76),(985,479,1604,79),(986,277,1685,69),(987,106,192,23),(988,40,1805,22),(989,234,372,8),(990,192,778,52),(991,339,1856,76),(992,200,1872,30),(993,423,313,66),(994,422,1745,70),(995,431,1476,31),(996,407,1522,19),(997,149,578,58),(998,468,1023,55),(999,413,238,5),(1000,442,865,40),(1001,334,1684,43),(1002,232,1335,69),(1003,222,1439,67),(1004,336,1510,67),(1005,446,656,36),(1006,313,260,5),(1007,279,759,33),(1008,147,1947,64),(1009,322,912,20),(1010,387,865,40),(1011,14,1652,44),(1012,137,926,38),(1013,35,1010,43),(1014,33,147,59),(1015,340,1137,38),(1016,464,1170,7),(1017,377,540,10),(1018,418,1043,12),(1019,359,316,72),(1020,468,219,56),(1021,99,1215,3),(1022,121,955,44),(1023,81,217,27),(1024,377,84,14),(1025,104,1853,1),(1026,435,1112,69),(1027,266,304,77),(1028,167,2054,78),(1029,271,1338,65),(1030,463,242,78),(1031,347,1896,63),(1032,155,1396,62),(1033,286,937,79),(1034,439,299,54),(1035,455,494,39),(1036,399,1050,68),(1037,500,1856,76),(1038,424,783,71),(1039,287,140,37),(1040,296,1915,6),(1041,75,388,11),(1042,79,2037,27),(1043,273,1648,32),(1044,427,1144,54),(1045,28,427,74),(1046,358,2097,1),(1047,55,1528,67),(1048,335,2001,5),(1049,406,1051,53),(1050,65,1249,44),(1051,126,1188,74),(1052,391,293,12),(1053,179,821,14),(1054,420,1737,17),(1055,163,478,51),(1056,45,1040,43),(1057,74,1893,77),(1058,341,130,77),(1059,444,1516,71),(1060,117,279,8),(1061,296,1655,5),(1062,15,1832,47),(1063,259,586,36),(1064,496,781,57),(1065,348,1564,43),(1066,87,390,8),(1067,424,1249,44),(1068,483,295,1),(1069,233,191,17),(1070,437,1911,77),(1071,175,123,76),(1072,348,822,38),(1073,428,1661,10),(1074,132,1467,74),(1075,171,755,73),(1076,166,496,21),(1077,47,320,28),(1078,471,1734,2),(1079,409,1431,56),(1080,380,175,68),(1081,242,100,75),(1082,281,886,8),(1083,64,388,11),(1084,32,601,66),(1085,39,991,10),(1086,450,1627,67),(1087,20,1787,50),(1088,42,1237,76),(1089,373,1466,61),(1090,61,1570,43),(1091,21,1388,61),(1092,449,2060,27),(1093,320,1530,66),(1094,118,516,68),(1095,355,458,3),(1096,268,825,22),(1097,340,168,66),(1098,133,368,79),(1099,51,1000,28),(1100,47,1700,38),(1101,350,1737,17),(1102,378,1777,14),(1103,352,2072,69),(1104,465,1735,33),(1105,210,1732,47),(1106,207,1382,33),(1107,465,1590,54),(1108,357,453,62),(1109,475,1293,62),(1110,71,1316,54),(1111,206,1868,74),(1112,362,1923,80),(1113,384,12,44),(1114,90,449,80),(1115,309,2029,25),(1116,211,561,54),(1117,374,1442,50),(1118,421,1299,6),(1119,454,334,59),(1120,210,1979,40),(1121,137,1382,33),(1122,379,519,61),(1123,482,988,64),(1124,269,367,25),(1125,46,895,19),(1126,130,1393,5),(1127,382,238,5),(1128,108,1079,5),(1129,296,308,52),(1130,364,1947,64),(1131,138,985,39),(1132,148,855,62),(1133,335,597,12),(1134,368,207,10),(1135,335,473,51),(1136,96,357,12),(1137,57,1091,61),(1138,144,1376,71),(1139,50,722,44),(1140,320,1391,56),(1141,144,1169,61),(1142,5,819,39),(1143,390,797,11),(1144,281,323,28),(1145,281,257,6),(1146,177,1838,11),(1147,98,1113,52),(1148,138,1783,73),(1149,231,777,64),(1150,155,2023,7),(1151,278,1880,80),(1152,67,2115,77),(1153,387,882,20),(1154,45,736,52),(1155,477,55,3),(1156,118,1515,78),(1157,99,43,51),(1158,354,2064,28),(1159,19,162,10),(1160,303,574,33),(1161,423,457,30),(1162,219,2061,5),(1163,7,274,43),(1164,367,887,4),(1165,339,627,79),(1166,360,495,66),(1167,382,1031,74),(1168,144,575,3),(1169,65,404,26),(1170,436,1235,37),(1171,243,1636,77),(1172,113,348,74),(1173,62,1455,55),(1174,148,493,66),(1175,180,641,27),(1176,231,1665,71),(1177,332,1487,33),(1178,164,707,37),(1179,422,4,9),(1180,239,1857,55),(1181,158,658,68),(1182,261,461,55),(1183,424,1184,14),(1184,239,681,68),(1185,487,1578,76),(1186,288,1155,26),(1187,47,531,52),(1188,491,673,33),(1189,246,1910,70),(1190,79,620,77),(1191,117,1464,19),(1192,149,378,3),(1193,92,810,10),(1194,317,1514,78),(1195,278,191,17),(1196,117,1861,25),(1197,49,1409,48),(1198,276,450,59),(1199,361,140,37),(1200,259,268,53),(1201,19,1011,69),(1202,354,1860,30),(1203,9,1721,76),(1204,34,1922,51),(1205,310,1767,54),(1206,405,203,6),(1207,262,2066,3),(1208,417,889,50),(1209,118,899,4),(1210,412,1083,49),(1211,275,746,38),(1212,270,1968,25),(1213,86,706,47),(1214,313,395,11),(1215,292,1408,10),(1216,464,1767,54),(1217,316,1542,71),(1218,336,245,25),(1219,459,640,71),(1220,183,1184,14),(1221,215,892,30),(1222,166,500,75),(1223,421,1235,37),(1224,13,742,78),(1225,113,70,32),(1226,90,76,73),(1227,323,1252,17),(1228,138,1972,17),(1229,57,1944,52),(1230,487,1478,74),(1231,143,609,74),(1232,393,1409,48),(1233,16,145,77),(1234,373,60,45),(1235,421,46,22),(1236,210,470,53),(1237,34,1362,48),(1238,101,1731,11),(1239,248,90,39),(1240,318,1781,32),(1241,450,34,47),(1242,361,779,64),(1243,347,1643,30),(1244,339,259,72),(1245,397,244,12),(1246,1,2080,56),(1247,159,997,69),(1248,99,716,80),(1249,289,494,39),(1250,59,1293,62),(1251,271,1240,41),(1252,21,90,39),(1253,193,123,76),(1254,459,780,53),(1255,175,1877,10),(1256,387,1242,3),(1257,66,1983,79),(1258,8,1976,55),(1259,429,1049,12),(1260,463,1200,36),(1261,257,123,76),(1262,263,90,39),(1263,374,1978,15),(1264,97,199,28),(1265,466,565,48),(1266,317,2111,38),(1267,256,1346,64),(1268,60,1818,61),(1269,255,430,31),(1270,483,1694,27),(1271,388,1406,26),(1272,71,27,23),(1273,11,1965,32),(1274,144,102,4),(1275,140,1662,15),(1276,446,1929,64),(1277,485,402,71),(1278,446,704,55),(1279,10,675,72),(1280,70,1386,49),(1281,223,1215,3),(1282,317,1388,61),(1283,445,1560,79),(1284,380,1060,38),(1285,270,287,52),(1286,142,1433,28),(1287,207,10,52),(1288,58,1628,41),(1289,288,414,44),(1290,276,890,37),(1291,4,469,8),(1292,10,971,74),(1293,103,675,72),(1294,86,1451,36),(1295,103,70,32),(1296,455,464,33),(1297,383,1606,65),(1298,331,809,17),(1299,249,1154,64),(1300,231,975,21),(1301,5,1805,22),(1302,99,1365,59),(1303,487,645,73),(1304,289,48,58),(1305,3,1153,71),(1306,308,1333,9),(1307,276,1425,8),(1308,478,760,9),(1309,245,699,74),(1310,209,1130,70),(1311,254,1590,54),(1312,173,397,10),(1313,107,15,37),(1314,33,1501,27),(1315,186,1628,41),(1316,428,1367,21),(1317,138,1138,39),(1318,390,889,50),(1319,218,1771,75),(1320,473,1190,79),(1321,500,1261,32),(1322,440,1182,58),(1323,491,2050,7),(1324,463,1903,62),(1325,161,1026,31),(1326,217,1866,28),(1327,477,724,1),(1328,431,385,45),(1329,239,1259,69),(1330,488,1499,50),(1331,310,1713,37),(1332,275,1877,10),(1333,217,1765,61),(1334,223,1780,33),(1335,45,252,31),(1336,20,2018,6),(1337,379,918,59),(1338,494,2036,47),(1339,482,892,30),(1340,243,1222,66),(1341,104,540,10),(1342,92,73,21),(1343,56,1979,40),(1344,80,728,20),(1345,498,1829,23),(1346,9,1825,67),(1347,182,142,61),(1348,315,1199,43),(1349,280,1917,69),(1350,305,1315,57),(1351,77,1495,6),(1352,274,1100,56),(1353,444,1574,31),(1354,176,188,52),(1355,91,599,28),(1356,54,1919,8),(1357,295,2049,47),(1358,359,1522,19),(1359,94,546,63),(1360,297,1309,49),(1361,20,703,9),(1362,466,792,2),(1363,278,99,27),(1364,463,1006,19),(1365,210,269,59),(1366,233,280,57),(1367,242,863,61),(1368,271,1926,4),(1369,228,1311,49),(1370,129,1071,47),(1371,341,346,50),(1372,364,1078,33),(1373,102,250,22),(1374,315,1234,7),(1375,177,1639,25),(1376,444,293,12),(1377,221,870,41),(1378,473,1304,37),(1379,397,1484,45),(1380,170,1880,80),(1381,22,1279,28),(1382,225,1574,31),(1383,390,990,80),(1384,277,282,44),(1385,344,1266,69),(1386,166,699,74),(1387,183,1676,69),(1388,378,811,50),(1389,269,1343,44),(1390,229,1406,26),(1391,297,52,48),(1392,363,1572,41),(1393,251,2038,74),(1394,86,1246,53),(1395,65,1759,78),(1396,184,1671,27),(1397,99,1964,55),(1398,313,128,47),(1399,266,198,56),(1400,223,1647,67),(1401,181,342,49),(1402,28,1739,74),(1403,440,796,69),(1404,145,610,17),(1405,312,1318,67),(1406,276,723,73),(1407,9,123,76),(1408,439,495,66),(1409,185,1470,53),(1410,290,1095,73),(1411,60,952,49),(1412,335,1602,51),(1413,35,1096,76),(1414,39,1623,32),(1415,395,2041,45),(1416,175,1587,36),(1417,319,896,15),(1418,412,1229,26),(1419,241,1679,79),(1420,338,1487,33),(1421,211,1394,15),(1422,108,1647,67),(1423,80,1873,11),(1424,372,527,32),(1425,195,23,7),(1426,492,240,74),(1427,33,1174,64),(1428,96,1007,25),(1429,342,454,75),(1430,61,1199,43),(1431,280,999,62),(1432,389,1919,8),(1433,6,547,19),(1434,276,1035,63),(1435,4,638,53),(1436,375,298,43),(1437,262,1364,78),(1438,350,335,10),(1439,441,1297,44),(1440,151,1995,23),(1441,19,557,14),(1442,113,725,45),(1443,481,894,11),(1444,388,1602,51),(1445,341,1244,2),(1446,83,830,57),(1447,90,1661,10),(1448,465,1202,12),(1449,187,545,43),(1450,128,2101,2),(1451,6,870,41),(1452,132,833,76),(1453,154,1940,78),(1454,483,742,78),(1455,299,836,3),(1456,434,1422,33),(1457,9,417,54),(1458,40,68,53),(1459,321,1074,36),(1460,128,1855,19),(1461,429,1888,40),(1462,110,860,78),(1463,420,327,54),(1464,310,663,77),(1465,180,2028,77),(1466,91,2047,74),(1467,183,854,50),(1468,224,141,61),(1469,298,1755,43),(1470,353,1807,72),(1471,168,934,11),(1472,54,362,57),(1473,232,1108,1),(1474,324,70,32),(1475,461,563,52),(1476,27,541,47),(1477,190,457,30),(1478,123,1165,45),(1479,415,2032,57),(1480,132,188,52),(1481,275,1825,67),(1482,172,1418,74),(1483,232,1222,66),(1484,334,983,31),(1485,117,2043,6),(1486,347,679,5),(1487,52,2107,66),(1488,465,808,12),(1489,16,52,48),(1490,189,704,55),(1491,438,1348,51),(1492,24,1284,15),(1493,355,294,64),(1494,218,611,49),(1495,255,261,43),(1496,20,398,23),(1497,329,884,6),(1498,460,233,69),(1499,167,1932,17),(1500,172,541,47),(1501,84,1539,56),(1502,128,1405,40),(1503,279,1703,28),(1504,130,1050,68),(1505,363,1083,49),(1506,252,870,41),(1507,285,1678,25),(1508,335,1613,69),(1509,444,985,39),(1510,102,1239,47),(1511,165,1011,69),(1512,202,133,59),(1513,331,181,45),(1514,232,981,54),(1515,464,1028,58),(1516,271,754,65),(1517,29,1831,38),(1518,392,333,27),(1519,133,695,21),(1520,134,1804,52),(1521,156,1338,65),(1522,287,1388,61),(1523,278,1224,45),(1524,194,827,9),(1525,495,1001,45),(1526,444,1874,70),(1527,217,1452,37),(1528,99,1478,74),(1529,217,1868,74),(1530,117,644,73),(1531,388,1422,33),(1532,80,1266,69),(1533,294,717,65),(1534,16,859,77),(1535,377,2098,58),(1536,479,81,19),(1537,194,1786,45),(1538,250,386,11),(1539,357,1981,27),(1540,217,531,52),(1541,145,132,17),(1542,21,252,31),(1543,454,2008,74),(1544,422,458,3),(1545,283,757,23),(1546,143,1127,45),(1547,484,1634,78),(1548,135,604,6),(1549,309,751,8),(1550,439,1817,17),(1551,348,1024,27),(1552,326,997,69),(1553,144,808,12),(1554,109,1145,9),(1555,271,1415,8),(1556,61,401,17),(1557,106,1711,32),(1558,172,2067,39),(1559,60,2085,69),(1560,499,1019,20),(1561,369,541,47),(1562,478,503,8),(1563,259,330,69),(1564,143,631,40),(1565,199,1406,26),(1566,480,135,58),(1567,16,691,39),(1568,433,315,30),(1569,467,805,8),(1570,175,1175,11),(1571,385,1815,74),(1572,379,2094,63),(1573,202,661,74),(1574,371,1874,70),(1575,81,2019,3),(1576,498,1450,5),(1577,432,746,38),(1578,26,650,44),(1579,139,1648,32),(1580,486,60,45),(1581,414,346,50),(1582,253,286,54),(1583,494,421,62),(1584,321,188,52),(1585,411,269,59),(1586,156,1061,25),(1587,324,1721,76),(1588,447,1639,25),(1589,447,219,56),(1590,102,255,67),(1591,350,199,28),(1592,356,1719,72),(1593,238,2033,40),(1594,175,2001,5),(1595,438,1115,32),(1596,35,1778,80),(1597,58,1118,66),(1598,63,1057,39),(1599,154,1257,14),(1600,151,1114,48),(1601,470,279,8),(1602,236,1602,51),(1603,445,9,2),(1604,379,482,77),(1605,349,212,19),(1606,50,1637,37),(1607,490,562,58),(1608,425,900,8),(1609,421,495,66),(1610,422,936,10),(1611,344,1042,6),(1612,356,84,14),(1613,118,1220,55),(1614,241,1797,40),(1615,132,1079,5),(1616,437,1931,14),(1617,370,1301,30),(1618,287,71,33),(1619,2,1718,54),(1620,17,1510,67),(1621,381,1539,56),(1622,246,2011,62),(1623,411,1255,21),(1624,489,888,65),(1625,126,150,50),(1626,62,829,62),(1627,266,898,11),(1628,84,540,10),(1629,385,1776,21),(1630,348,1148,45),(1631,348,1735,33),(1632,28,115,30),(1633,380,1300,65),(1634,393,229,4),(1635,159,2080,56),(1636,472,1826,39),(1637,5,1593,65),(1638,223,852,58),(1639,78,1511,51),(1640,267,2053,49),(1641,465,1717,40),(1642,498,1508,52),(1643,24,1873,11),(1644,361,188,52),(1645,115,272,17),(1646,123,1976,55),(1647,162,128,47),(1648,415,982,43),(1649,199,2028,77),(1650,122,1248,36),(1651,305,1671,27),(1652,394,1010,43),(1653,311,2056,47),(1654,133,600,54),(1655,225,372,8),(1656,87,1158,62),(1657,482,428,65),(1658,473,1564,43),(1659,24,802,3),(1660,63,1264,15),(1661,357,290,41),(1662,149,1223,7),(1663,210,2103,75),(1664,156,125,69),(1665,394,1227,32),(1666,471,282,44),(1667,276,874,56),(1668,162,1731,11),(1669,496,1260,22),(1670,56,631,40),(1671,251,403,61),(1672,98,1315,57),(1673,175,1253,6),(1674,183,1661,10),(1675,284,779,64),(1676,381,1008,26),(1677,494,672,65),(1678,411,24,52),(1679,164,892,30),(1680,117,288,78),(1681,117,2098,58),(1682,136,695,21),(1683,406,957,45),(1684,479,507,31),(1685,58,1121,36),(1686,435,1553,44),(1687,196,1184,14),(1688,89,1039,51),(1689,214,1780,33),(1690,276,1785,48),(1691,292,128,47),(1692,414,1090,67),(1693,196,1659,43),(1694,65,1967,38),(1695,108,1197,20),(1696,351,1584,75),(1697,365,877,78),(1698,89,527,32),(1699,255,1696,55),(1700,198,893,56),(1701,239,2032,57),(1702,130,810,10),(1703,248,921,37),(1704,92,1542,71),(1705,466,1252,17),(1706,5,1244,2),(1707,231,1967,38),(1708,186,883,43),(1709,60,877,78),(1710,303,963,3),(1711,439,2080,56),(1712,435,1351,69),(1713,242,1686,28),(1714,437,284,72),(1715,436,304,77),(1716,354,453,62),(1717,334,704,55),(1718,287,2082,44),(1719,246,1149,51),(1720,323,1175,11),(1721,251,546,63),(1722,422,1814,69),(1723,25,608,5),(1724,60,245,25),(1725,103,95,14),(1726,465,641,27),(1727,260,599,28),(1728,56,149,47),(1729,71,88,2),(1730,326,1743,26),(1731,485,976,56),(1732,244,1587,36),(1733,115,1755,43),(1734,364,2067,39),(1735,82,2078,70),(1736,215,1156,39),(1737,351,1068,49),(1738,157,1028,58),(1739,150,1321,80),(1740,97,1950,7),(1741,178,614,79),(1742,135,345,32),(1743,284,721,12),(1744,227,305,14),(1745,394,733,12),(1746,329,1721,76),(1747,16,1829,23),(1748,115,490,39),(1749,370,1792,80),(1750,260,1409,48),(1751,263,395,11),(1752,431,823,54),(1753,35,1933,55),(1754,14,1615,66),(1755,447,1214,49),(1756,90,394,59),(1757,271,259,72),(1758,436,309,9),(1759,342,1802,33),(1760,244,261,43),(1761,118,674,44),(1762,33,40,55),(1763,353,1199,43),(1764,253,1297,44),(1765,430,1569,70),(1766,399,931,37),(1767,7,731,8),(1768,211,818,33),(1769,451,1505,33),(1770,437,878,48),(1771,30,1515,78),(1772,263,2023,7),(1773,143,892,30),(1774,196,1229,26),(1775,284,855,62),(1776,228,78,4),(1777,117,617,21),(1778,230,105,7),(1779,198,859,77),(1780,157,1855,19),(1781,180,1571,80),(1782,497,1195,21),(1783,425,2115,77),(1784,78,286,54),(1785,307,561,54),(1786,59,469,8),(1787,229,1601,74),(1788,131,647,9),(1789,341,1257,14),(1790,230,1940,78),(1791,133,583,30),(1792,361,488,50),(1793,476,1994,32),(1794,114,84,14),(1795,415,1889,72),(1796,346,756,58),(1797,254,1996,27),(1798,363,446,4),(1799,432,83,37),(1800,489,2092,79),(1801,358,187,20),(1802,123,1294,3),(1803,151,810,10),(1804,81,1553,44),(1805,493,259,72),(1806,261,529,26),(1807,460,2060,27),(1808,315,2096,9),(1809,65,67,32),(1810,307,533,64),(1811,369,299,54),(1812,110,949,48),(1813,475,46,22),(1814,25,2045,9),(1815,77,2098,58),(1816,182,471,9),(1817,346,1405,40),(1818,212,1929,64),(1819,318,552,32),(1820,261,1378,23),(1821,185,343,31),(1822,178,1045,58),(1823,131,2107,66),(1824,161,2010,12),(1825,288,1442,50),(1826,429,710,79),(1827,97,885,77),(1828,7,1913,31),(1829,58,1545,49),(1830,44,1603,77),(1831,392,2002,30),(1832,200,1443,14),(1833,22,632,3),(1834,12,1274,47),(1835,71,1929,64),(1836,86,1875,31),(1837,80,1435,12),(1838,30,2074,9),(1839,324,60,45),(1840,480,1469,74),(1841,497,129,61),(1842,156,992,43),(1843,459,542,57),(1844,163,1545,49),(1845,360,701,22),(1846,355,447,80),(1847,61,1830,28),(1848,135,751,8),(1849,217,1268,57),(1850,293,1820,63),(1851,15,2029,25),(1852,5,430,31),(1853,447,1204,58),(1854,315,478,51),(1855,353,1884,26),(1856,418,1143,32),(1857,326,350,36),(1858,362,347,59),(1859,365,1574,31),(1860,292,1912,38),(1861,251,308,52),(1862,219,1835,14),(1863,200,98,58),(1864,227,683,15),(1865,261,839,8),(1866,403,1068,49),(1867,346,830,57),(1868,65,131,33),(1869,168,1242,3),(1870,48,858,63),(1871,284,1248,36),(1872,142,1713,37),(1873,225,95,14),(1874,87,1645,36),(1875,165,775,80),(1876,115,1941,26),(1877,464,956,23),(1878,114,1383,37),(1879,430,1206,77),(1880,191,1197,20),(1881,233,1420,49),(1882,349,914,41),(1883,63,1456,19),(1884,287,901,4),(1885,381,1978,15),(1886,15,1424,6),(1887,62,1462,1),(1888,279,578,58),(1889,307,1899,22),(1890,490,1517,73),(1891,488,1827,17),(1892,193,1891,43),(1893,393,602,27),(1894,294,936,10),(1895,138,886,8),(1896,87,369,80);
/*!40000 ALTER TABLE `compraitens` ENABLE KEYS */;
UNLOCK TABLES;

--
-- Table structure for table `convite`
--

DROP TABLE IF EXISTS `convite`;
/*!40101 SET @saved_cs_client     = @@character_set_client */;
/*!40101 SET character_set_client = utf8 */;
CREATE TABLE `convite` (
  `id` int(11) NOT NULL AUTO_INCREMENT,
  `evento` int(11) NOT NULL,
  `convidado` int(11) NOT NULL,
  `autor` int(11) NOT NULL,
  PRIMARY KEY (`id`),
  KEY `evento_index` (`evento`),
  KEY `convidado_index` (`convidado`),
  KEY `autor_index` (`autor`),
  CONSTRAINT `convite_ibfk_1` FOREIGN KEY (`autor`) REFERENCES `pessoa` (`id`),
  CONSTRAINT `convite_ibfk_2` FOREIGN KEY (`convidado`) REFERENCES `pessoa` (`id`),
  CONSTRAINT `convite_ibfk_3` FOREIGN KEY (`evento`) REFERENCES `evento` (`id`)
) ENGINE=InnoDB AUTO_INCREMENT=366 DEFAULT CHARSET=utf8;
/*!40101 SET character_set_client = @saved_cs_client */;

--
-- Dumping data for table `convite`
--

LOCK TABLES `convite` WRITE;
/*!40000 ALTER TABLE `convite` DISABLE KEYS */;
INSERT INTO `convite` VALUES (1,91,46,110),(2,22,92,27),(3,98,9,82),(4,78,95,20),(5,36,80,93),(6,122,64,105),(7,118,29,78),(8,1,94,2),(9,32,112,80),(10,79,51,50),(11,148,90,49),(12,30,96,11),(13,81,91,93),(14,146,41,90),(15,124,11,2),(16,85,50,27),(17,143,23,99),(18,155,30,59),(19,133,28,61),(20,1,5,2),(21,28,31,45),(22,9,72,58),(23,174,1,56),(24,124,10,2),(25,40,49,56),(26,77,60,67),(27,161,42,76),(28,122,73,105),(29,22,80,27),(30,15,109,45),(31,80,50,36),(32,67,61,112),(33,13,51,70),(34,102,81,54),(35,149,29,56),(36,101,58,117),(37,129,47,16),(38,160,71,5),(39,102,84,54),(40,69,82,65),(41,54,39,2),(42,22,95,27),(43,152,13,95),(44,61,39,60),(45,171,49,51),(46,3,44,113),(47,38,84,31),(48,177,76,78),(49,153,61,94),(50,28,92,45),(51,149,53,56),(52,169,102,76),(53,73,84,62),(54,128,51,100),(55,162,36,8),(56,20,73,60),(57,53,55,83),(58,149,98,56),(59,55,11,35),(60,85,39,27),(61,35,26,110),(62,68,115,63),(63,113,44,79),(64,111,29,52),(65,55,42,35),(66,93,97,15),(67,4,8,51),(68,68,52,63),(69,73,83,62),(70,157,16,112),(71,36,25,93),(72,145,102,84),(73,143,30,99),(74,20,99,60),(75,19,106,83),(76,88,93,20),(77,17,4,51),(78,151,100,71),(79,164,82,10),(80,28,19,45),(81,31,74,27),(82,16,47,60),(83,156,92,43),(84,5,104,39),(85,114,28,68),(86,177,83,78),(87,178,90,89),(88,169,78,76),(89,176,102,103),(90,76,39,1),(91,173,25,61),(92,49,10,101),(93,112,2,21),(94,81,16,93),(95,78,102,20),(96,119,94,13),(97,145,21,84),(98,66,1,50),(99,54,37,2),(100,18,31,8),(101,16,80,60),(102,32,89,80),(103,70,33,54),(104,12,59,24),(105,174,19,56),(106,73,38,62),(107,64,5,102),(108,11,89,31),(109,172,94,87),(110,123,106,56),(111,114,37,68),(112,141,105,79),(113,75,25,61),(114,87,60,101),(115,141,62,79),(116,72,105,72),(117,11,116,31),(118,5,2,39),(119,35,77,110),(120,103,103,37),(121,18,48,8),(122,6,73,59),(123,77,7,67),(124,157,42,112),(125,26,114,92),(126,54,75,2),(127,88,67,20),(128,25,24,81),(129,108,109,117),(130,147,45,16),(131,42,81,48),(132,170,72,81),(133,151,37,71),(134,45,104,102),(135,99,55,29),(136,78,94,20),(137,113,49,79),(138,101,108,117),(139,112,8,21),(140,152,73,95),(141,3,43,113),(142,123,26,56),(143,50,73,72),(144,50,74,72),(145,29,33,26),(146,72,53,72),(147,143,25,99),(148,74,3,118),(149,28,117,45),(150,132,3,66),(151,2,79,106),(152,148,47,49),(153,167,99,82),(154,168,29,66),(155,76,83,1),(156,166,64,13),(157,87,98,101),(158,30,16,11),(159,45,63,102),(160,38,21,31),(161,161,13,76),(162,136,63,21),(163,134,37,39),(164,38,93,31),(165,52,113,67),(166,18,87,8),(167,12,60,24),(168,100,103,37),(169,69,44,65),(170,126,100,59),(171,129,9,16),(172,150,66,51),(173,93,103,15),(174,67,9,112),(175,165,6,91),(176,171,27,51),(177,158,83,20),(178,16,75,60),(179,137,6,14),(180,67,96,112),(181,128,25,100),(182,30,102,11),(183,8,48,25),(184,57,3,95),(185,30,43,11),(186,39,63,18),(187,59,88,43),(188,133,29,61),(189,10,11,13),(190,7,14,17),(191,76,15,1),(192,117,31,112),(193,153,9,94),(194,144,57,80),(195,75,29,61),(196,65,50,57),(197,54,40,2),(198,164,112,10),(199,18,55,8),(200,171,75,51),(201,91,65,110),(202,142,76,41),(203,91,29,110),(204,58,103,102),(205,70,87,54),(206,155,16,59),(207,134,102,39),(208,85,57,27),(209,49,1,101),(210,3,52,113),(211,172,89,87),(212,56,24,38),(213,28,8,45),(214,33,45,74),(215,109,20,3),(216,89,107,103),(217,74,10,118),(218,3,97,113),(219,98,53,82),(220,75,78,61),(221,36,43,93),(222,80,32,36),(223,20,84,60),(224,20,31,60),(225,113,91,79),(226,143,71,99),(227,35,90,110),(228,174,6,56),(229,43,112,80),(230,39,4,18),(231,67,49,112),(232,3,104,113),(233,20,61,60),(234,23,118,111),(235,111,30,52),(236,31,73,27),(237,69,43,65),(238,90,89,75),(239,135,112,13),(240,84,30,20),(241,135,26,13),(242,42,56,48),(243,4,83,51),(244,129,8,16),(245,97,77,3),(246,39,39,18),(247,85,56,27),(248,57,27,95),(249,161,15,76),(250,132,20,66),(251,20,7,60),(252,85,28,27),(253,143,43,99),(254,57,29,95),(255,82,101,62),(256,174,97,56),(257,48,12,112),(258,48,34,112),(259,163,30,58),(260,121,52,43),(261,52,97,67),(262,39,104,18),(263,55,14,35),(264,12,74,24),(265,45,27,102),(266,39,6,18),(267,86,117,54),(268,59,33,43),(269,73,53,62),(270,68,116,63),(271,65,14,57),(272,125,84,44),(273,28,74,45),(274,136,29,21),(275,123,20,56),(276,59,4,43),(277,151,2,71),(278,98,78,82),(279,119,111,13),(280,49,91,101),(281,105,33,44),(282,122,69,105),(283,5,105,39),(284,171,36,51),(285,67,100,112),(286,111,15,52),(287,86,88,54),(288,174,118,56),(289,104,100,18),(290,4,12,51),(291,147,87,16),(292,18,60,8),(293,85,40,27),(294,37,104,108),(295,157,113,112),(296,123,111,56),(297,2,109,106),(298,66,18,50),(299,84,10,20),(300,99,96,29),(301,63,102,38),(302,138,82,100),(303,44,11,24),(304,128,47,100),(305,85,38,27),(306,124,7,2),(307,126,90,59),(308,102,25,54),(309,31,114,27),(310,109,116,3),(311,84,13,20),(312,113,16,79),(313,4,1,51),(314,76,64,1),(315,86,32,54),(316,155,73,59),(317,132,29,66),(318,167,100,82),(319,150,104,51),(320,53,12,83),(321,135,97,13),(322,16,30,60),(323,128,81,100),(324,121,58,43),(325,125,68,44),(326,157,51,112),(327,8,29,25),(328,85,86,27),(329,35,74,110),(330,69,99,65),(331,156,58,43),(332,28,3,45),(333,144,55,80),(334,31,47,27),(335,123,33,56),(336,2,114,106),(337,176,79,103),(338,60,63,110),(339,115,54,106),(340,141,50,79),(341,40,58,56),(342,138,55,100),(343,106,117,36),(344,107,100,115),(345,69,15,65),(346,101,107,117),(347,55,117,35),(348,161,105,76),(349,82,8,62),(350,175,44,16),(351,105,2,44),(352,75,83,61),(353,91,108,110),(354,125,82,44),(355,118,20,78),(356,36,114,93),(357,176,56,103),(358,99,69,29),(359,35,13,110),(360,127,68,13),(361,41,40,59),(362,134,55,39),(363,43,35,80),(364,26,111,92),(365,109,113,3);
/*!40000 ALTER TABLE `convite` ENABLE KEYS */;
UNLOCK TABLES;

--
-- Table structure for table `empresa`
--

DROP TABLE IF EXISTS `empresa`;
/*!40101 SET @saved_cs_client     = @@character_set_client */;
/*!40101 SET character_set_client = utf8 */;
CREATE TABLE `empresa` (
  `id` int(11) NOT NULL AUTO_INCREMENT,
  `nome` varchar(12) DEFAULT NULL,
  `cidade` int(11) NOT NULL,
  PRIMARY KEY (`id`),
  KEY `cidade_index` (`cidade`),
  CONSTRAINT `empresa_ibfk_1` FOREIGN KEY (`cidade`) REFERENCES `cidade` (`id`)
) ENGINE=InnoDB AUTO_INCREMENT=40 DEFAULT CHARSET=utf8;
/*!40101 SET character_set_client = @saved_cs_client */;

--
-- Dumping data for table `empresa`
--

LOCK TABLES `empresa` WRITE;
/*!40000 ALTER TABLE `empresa` DISABLE KEYS */;
INSERT INTO `empresa` VALUES (1,'VAM',82),(2,'Pênalti',125),(3,'Amarelo',6),(4,'Bem',97),(5,'Viajonca',66),(6,'Espacial',103),(7,'Univers',52),(8,'Nuvole',45),(9,'Nubo',27),(10,'Trici',11),(11,'Airlines',72),(12,'Flight',212),(13,'Hotelo',148),(14,'Konforta',233),(15,'Super',75),(16,'Relax',127),(17,'Restanta',233),(18,'Kusxi',202),(19,'Vekanta',55),(20,'Lito',232),(21,'Articuno',124),(22,'Kultura',130),(23,'Tropik',39),(24,'Praiano',91),(25,'Beachlife',183),(26,'Planedo',180),(27,'Techkultura',206),(28,'Brech',129),(29,'Turism',182),(30,'Tour Guide',24),(31,'Buon Voyaje',226),(32,'Single Life',213),(33,'Mundo feliz',9),(34,'Konektudo',144),(35,'Turix',38),(36,'Bom Tur',214),(37,'OCPP',98),(38,'OCTur',78),(39,'sem esmpresa',1);
/*!40000 ALTER TABLE `empresa` ENABLE KEYS */;
UNLOCK TABLES;

--
-- Table structure for table `estado`
--

DROP TABLE IF EXISTS `estado`;
/*!40101 SET @saved_cs_client     = @@character_set_client */;
/*!40101 SET character_set_client = utf8 */;
CREATE TABLE `estado` (
  `id` int(11) NOT NULL AUTO_INCREMENT,
  `nome` varchar(25) DEFAULT NULL,
  `sigla` varchar(5) DEFAULT NULL,
  `pais` int(11) NOT NULL,
  PRIMARY KEY (`id`),
  KEY `pais_index` (`pais`),
  CONSTRAINT `estado_ibfk_1` FOREIGN KEY (`pais`) REFERENCES `pais` (`id`)
) ENGINE=InnoDB AUTO_INCREMENT=218 DEFAULT CHARSET=utf8;
/*!40101 SET character_set_client = @saved_cs_client */;

--
-- Dumping data for table `estado`
--

LOCK TABLES `estado` WRITE;
/*!40000 ALTER TABLE `estado` DISABLE KEYS */;
INSERT INTO `estado` VALUES (1,'Acre','AC',1),(2,'Alagoas','AL',1),(3,'Amazonas','AM',1),(4,'Amapá','AP',1),(5,'Bahia','BA',1),(6,'Ceará','CE',1),(7,'Distrito Federal','DF',1),(8,'Espírito Santo','ES',1),(9,'Goiás','GO',1),(10,'Maranhão','MA',1),(11,'Minas Gerais','MG',1),(12,'Mato Grosso do Sul','MS',1),(13,'Mato Grosso','MT',1),(14,'Pará','PA',1),(15,'Paraíba','PB',1),(16,'Pernambuco','PE',1),(17,'Paraná','PR',1),(18,'Rio de Janeiro','RJ',1),(19,'Rio Grande do Norte','RN',1),(20,'Rondônia','RO',1),(21,'Rio Grande do Sul','RS',1),(22,'Santa Catarina','SC',1),(23,'São Paulo','SP',1),(24,'Tocantins','TO',1),(25,'Roraima','RR',1),(26,'Piauí','PI',1),(27,'Geleen','HO',2),(28,'Gennep','DI',3),(29,'Heerlen','CA',4),(30,'Kerkrade','AS',5),(31,'Kessel','EU',6),(32,'Landgraaf','CM',7),(33,'Maastricht','IT',8),(34,'Montfort','AB',9),(35,'Nieuwstadt','EG',10),(36,'Roermond','NI',11),(37,'Sittard','ME',12),(38,'Schin op Geul','GA',13),(39,'Stein','WA',14),(40,'Thorn','TU',15),(41,'Valkenburg aan de Geul','ET',16),(42,'Venlo','AU',17),(43,'Weert','IE',18),(44,'Appingedam','IN',19),(45,'Delfzijl','ES',20),(46,'Groningen','FR',21),(47,'Hoogezand-Sappemeer','CA',22),(48,'Stadskanaal','EP',23),(49,'Winschoten','MA',24),(50,'Veendam','ID',25),(51,'Apeldoorn','PR',26),(52,'Arnhem','AL',27),(53,'Bredevoort','IR',28),(54,'Buren','IL',29),(55,'Culemborg','JA',30),(56,'Deil','DU',31),(57,'Dieren','GU',32),(58,'Doetinchem','PE',33),(59,'Ede','SI',34),(60,'Enspijk','MA',35),(61,'Gendt','GR',36),(62,'Groenlo','CO',37),(63,'Harderwijk','CH',38),(64,'Hattem','PA',39),(65,'Huissen','AL',40),(66,'Nijkerk','CA',41),(67,'Nijmegen','MA',42),(68,'Tiel','NO',43),(69,'Wageningen','SU',44),(70,'Wijchen','RU',45),(71,'Winterswijk','IL',46),(72,'Zaltbommel','MA',47),(73,'Zutphen','JI',48),(74,'Bolsward','AR',49),(75,'Dokkum','SA',50),(76,'Drachten','JO',51),(77,'Franeker','AN',52),(78,'Harlingen','SU',53),(79,'Heerenveen','AN',54),(80,'Hindeloopen','AB',55),(81,'IJlst','CH',56),(82,'Leeuwarden','CU',57),(83,'Sloten','UC',58),(84,'Sneek','BE',59),(85,'Stavoren','RO',60),(86,'Workum','AR',61),(87,'Bergen op Zoom','TA',62),(88,'Breda','IR',63),(89,'s-Hertogenbosch','TU',64),(90,'Eindhoven','ER',65),(91,'Geertruidenberg','PA',66),(92,'Grave','NO',67),(93,'Helmond','NI',68),(94,'Heusden','PA',69),(95,'Klundert','GU',70),(96,'Oosterhout','AF',71),(97,'Oss','BA',72),(98,'Ravenstein','AZ',73),(99,'Roosendaal','PO',74),(100,'Sint-Oedenrode','IL',75),(101,'Tilburg','MA',76),(102,'Valkenswaard','BR',77),(103,'Veldhoven','SR',78),(104,'Waalwijk','TA',79),(105,'Willemstad','RE',80),(106,'Woudrichem','BO',81),(107,'Alkmaar','GA',82),(108,'Amstelveen','MO',83),(109,'Amsterdam','RE',84),(110,'Den Helder','GU',85),(111,'Edam, Volendam','GE',86),(112,'Enkhuizen','TI',87),(113,'Haarlem','VA',88),(114,'Heerhugowaard','MO',89),(115,'Hilversum','LI',90),(116,'Hoofddorp','SE',91),(117,'Hoorn','BE',92),(118,'Laren','IS',93),(119,'Purmerend','LB',94),(120,'Medemblik','SO',95),(121,'Monnickendam','BE',96),(122,'Muiden','QU',97),(123,'Naarden','GU',98),(124,'Schagen','MA',99),(125,'Velsen','AF',100),(126,'Weesp','AU',101),(127,'Zaanstad','PA',102),(128,'Almelo','QU',103),(129,'Blokzijl','SO',104),(130,'Deventer','PO',105),(131,'Enschede','BU',106),(132,'Genemuiden','CR',107),(133,'Hasselt','PO',108),(134,'Hengelo','ES',109),(135,'Kampen','CO',110),(136,'Oldenzaal','RE',111),(137,'Steenwijk','HU',112),(138,'Vollenhove','BU',113),(139,'Zwolle','US',114),(140,'Alphen aan den Rijn','ZI',115),(141,'Delft','VI',116),(142,'Dordrecht','CO',117),(143,'Gorinchem','DO',118),(144,'Gouda','HA',119),(145,'Leiden','BO',120),(146,'Rotterdam','UR',121),(147,'Spijkenisse','TU',122),(148,'Amersfoort','SA',123),(149,'Nieuwegein','GU',124),(150,'Utrecht','SI',125),(151,'Veenendaal','JE',126),(152,'Arnemuiden','HO',127),(153,'Goes','TA',128),(154,'Hulst','VE',129),(155,'Middelburg','MO',130),(156,'Sluis','BA',131),(157,'Terneuzen','MI',132),(158,'Veere','FI',133),(159,'Vlissingen','IR',134),(160,'Zierikzee','BE',135),(161,'Assen','TR',136),(162,'Coevorden','SE',137),(163,'Emmen','NI',138),(164,'Hoogeveen','CA',139),(165,'Meppel','CM',140),(166,'Novosibirsk','TA',141),(167,'Yekaterinburg','MA',142),(168,'Nizhny Novgorod','IS',143),(169,'Samara','IL',144),(170,'Omsk','EL',145),(171,'Kazan','QU',146),(172,'Chelyabinsk','FI',147),(173,'Rostov-on-Don','UG',148),(174,'Ufa','NA',149),(175,'Volgograd','BA',150),(176,'Perm','LU',151),(177,'Krasnoyarsk','AC',152),(178,'Voronezh','GU',153),(179,'Saratov','GA',154),(180,'Krasnodar','EQ',155),(181,'Tolyatti','SE',156),(182,'Izhevsk','TO',157),(183,'Ulyanovsk','TU',158),(184,'Barnaul','MA',159),(185,'Vladivostok','MA',160),(186,'Yaroslavl','PA',161),(187,'Irkutsk','CO',162),(188,'Tyumen','GU',163),(189,'Khabarovsk','GI',164),(190,'Makhachkala','TO',165),(191,'Orenburg','HO',166),(192,'Novokuznetsk','AR',167),(193,'Kemerovo','SU',168),(194,'Ryazan','CO',169),(195,'Tomsk','ES',170),(196,'Astrakhan','NE',171),(197,'Penza','LI',172),(198,'Naberezhnye Chelny','SU',173),(199,'Lipetsk','RU',174),(200,'Tula','JA',175),(201,'Kirov','LA',176),(202,'Cheboksary','ZA',177),(203,'Kaliningrad','AN',178),(204,'Bryansk','MA',179),(205,'Kursk','MA',180),(206,'Ivanovo','SE',181),(207,'Magnitogorsk','MI',182),(208,'Ulan-Ude','MO',183),(209,'Tver','FI',184),(210,'Stavropol','MA',185),(211,'Nizhny Tagil','BU',186),(212,'Belgorod','PA',187),(213,'Arkhangelsk','BU',188),(214,'Vladimir','CA',189),(215,'Sochi','CO',190),(216,'Kurgan','SA',191),(217,'Smolensk','IL',192);
/*!40000 ALTER TABLE `estado` ENABLE KEYS */;
UNLOCK TABLES;

--
-- Table structure for table `evento`
--

DROP TABLE IF EXISTS `evento`;
/*!40101 SET @saved_cs_client     = @@character_set_client */;
/*!40101 SET character_set_client = utf8 */;
CREATE TABLE `evento` (
  `id` int(11) NOT NULL AUTO_INCREMENT,
  `nome` varchar(255) DEFAULT NULL,
  `descricao` varchar(4000) DEFAULT NULL,
  `inicio` datetime DEFAULT NULL,
  `fim` datetime DEFAULT NULL,
  `categoria` int(11) NOT NULL,
  `criador` int(11) NOT NULL,
  PRIMARY KEY (`id`),
  KEY `categoria_index` (`categoria`),
  KEY `criador_index` (`criador`),
  CONSTRAINT `evento_ibfk_1` FOREIGN KEY (`criador`) REFERENCES `pessoa` (`id`),
  CONSTRAINT `evento_ibfk_2` FOREIGN KEY (`categoria`) REFERENCES `categoriaevento` (`id`)
) ENGINE=InnoDB AUTO_INCREMENT=179 DEFAULT CHARSET=utf8;
/*!40101 SET character_set_client = @saved_cs_client */;

--
-- Dumping data for table `evento`
--

LOCK TABLES `evento` WRITE;
/*!40000 ALTER TABLE `evento` DISABLE KEYS */;
INSERT INTO `evento` VALUES (1,'10 Carnaval de Rua ',' Do mesmo modo, o aumento do mercado de antiguidades proporcionou a restauração de obras antigas caras a sua posterior comercialização.','2014-02-21 00:00:00','2014-02-22 00:00:00',4,2),(2,'10 Carnaval nas Àguas ',' Por último, a escultura tem sido uma evolução paralela: desde a reconstrução de obras antigas, geralmente em relação a membros mutilados (como a reconstrução do Laocoonte em 1523-1533 por parte de Giovanni Angelo Montorsoli), até a atuação sobre a obra preservando sua estrutura original, mantendo em caso necessário um certo grau de reversibilidade da ação praticada.','2014-03-01 00:00:00','2014-03-04 00:00:00',4,106),(3,'10ª Chapadafest Feira ','Em 1985, iniciou-se a construção de um ginásio multiesportivo totalizando 4,000 m².\n\nEnquanto a obra estava em desenvolvimento, uma equipe trabalhava para organizar a primeira edição da Festa. Depois de escolhido o nome do evento, que passou a se denominar ChapadaFest, foi feito uma visita a OktoberFest de Santa Cruz do Sul-RS, com a finalidade de coletar sugestões.\n\nO ato inaugural do Ginásio Municipal 3 de Junho culminou com a 1ª ChapadaFest, realizada nos dias 19 e 20 de janeiro de 1990, que tinha por objetivo manter viva a tradição alemã; conservando as tradições dos primeiros imigrantes estabelecidos na região desde 1918, que aos poucos estava se perdendo nas comunidades. Essas tradições foram então transportadas para a realidade atual, através da música nos bailes de salão, da comida, dos trajes, do chope, das flores, do clima de festa e de alegria contagiando a todos.','2014-01-15 00:00:00','2014-01-19 00:00:00',2,113),(4,'10ª Festa da Laranja ','A 10ª edição da tradicional Festa da Laranja com Açúcar reúne comidas típicas e shows a partir desta sexta-feria (27) e até domingo (29) no Campo do Serse, no distrito Santa Eudóxia, em São Carlos (SP). A expectativa da organização é receber cerca de 20 mil pessoas','2014-06-27 00:00:00','2014-07-01 00:00:00',5,51),(5,'10ª Festa do Pinhão e 11ª Expofeira ','A Festa Nacional do Pinhão é uma evento gastronômico e cultural realizado na cidade brasileira de Lages, no estado de Santa Catarina.','2014-05-28 00:00:00','2014-07-01 00:00:00',5,39),(6,'10ª Trilha Cuca 4X4 ','A 10ª Trilha da Cuca, que faz parte da programação de aniversário de Rolante, será composta por um trajeto de cerca de 35 quilômetros - passando por banhado e dificuldades ao longo do percurso.','2014-04-12 00:00:00','2014-04-19 00:00:00',3,59),(7,'11ª Envase Brasil 2014 ','A escolha da data foi apontada para o mês de Janeiro, no período de férias, para não comprometer nenhum outro evento da região.','2014-04-08 00:00:00','2014-04-11 00:00:00',8,17),(8,'11ª Festa do Arroz ','A primeira edição ocorreu na década de 80, como uma mostra de campo, denominada Festa do Interior, constituída por boxes típicos de costaneiras cobertos de esteiras e taquaras, folhas de xaxim e até mesmo de butiazeiros.','2014-04-19 00:00:00','2014-04-20 00:00:00',5,25),(9,'12 Bivaque da Poesia Gaúcha, 13 Acampamento da Canção Gaúcha, 1 Acampamentinho da','O Bivaque da Poesia Gaúcha, que ocorrerá em 28 de fevereiro, dia que serão conhecidos os vencedores, é um tradicional concurso de poesias que reúne em Campo Bom os principais compositores, declamadores e amadrinhadores do RS. O concurso é uma promoção da Administração Municipal em parceria com entidades tradicionalistas com o intuito de integrar a comunidade ao movimento tradicionalista gaúcho por meio do verso e de abrir novos espaços para poetas e declamadores, além de divulgar a arte e cultura gaúcha através da poesia. Para a realização do evento, a Administração conta com o apoio do CTG M’Bororé.','2014-09-06 00:00:00','2014-09-08 00:00:00',3,58),(10,'12 Rodeio Crioulo Estadual ','O grupo de Artes Nativas Anita Garibaldi, 24ª RT, e o poder público municipal de Encantado, tem o imenso prazer em contar com sua presença nos dias 15, 16 e 17 de agosto de 2014, no Parque João Batista Marchese, quando estaremos de porteiras abertas para receber com muita honra a todos os tradicionalistas e simpatizantes da arte e tradição gaúcha no grande RODEIO CRIOULO ESTADUAL do G.A.N. Anita Garibaldi.','2014-03-14 00:00:00','2014-03-16 00:00:00',2,13),(11,'12ª Encenação da Paixão de Cristo ','A 12ª Encenação da Paixão de Cristo aconteceu no dia 06 de abril, na Paróquia de todos os Santos localizada na Rua Capri, 53 – Jardim Santa Emilia, Embu das Artes e contou com a participação de muitos fiéis. Referencia na Forania de Embu, a encenação contou com a participação de 87 atores e 18 pessoas na organização. Agradecemos a Prefeitura de Embu das Artes que disponibilizou as cadeiras e ao vereador Professor Silvino juntamente com a Câmara Municipal. “O apoio acima de tudo é da Paróquia como um todo e o Padre Esmeraldo Diniz nos deu todo o apoio, também o Presidente da Câmara Vereador Profº Silvino, junto com a Rosana dos Santos Almeida. Foi por meio deles que conseguimos um palco com toda a estrutura e som. Tivemos também o apoio da Guarda Municipal e da Policia Militar. O elenco encenou com emoção e dedicação a passagem de Jesus Cristo na terra, morte e ressurreição. Em cena, os atores em grande maioria em palco pela primeira vez foram motivados pelo amor em Deus, e assim encenaram com respeito, atenção e dedicação cada passagem de Jesus Cristo levando o público estimado em 5 mil pessoas, com muita emoção e reflexão. A apresentação durou cerca de 4 horas. A abertura ficou por conta de um grupo coordenado  por Silvana Rodrigues, da Paróquia São Vicente de Paula e São Tiago Apostolo, o qual apresentou um número de pop espertando curiosidade nos expectadores. “Minhas expectativas são positivas com relação à abertura, ensaiamos bastante”, afirma Silvana Rodrigues. As cenas apresentadas na encenação foram do anuncio do anjo a Virgem Maria, batismo de Jesus Cristo, momentos de traição e negação pelos personagens bíblicos Judas e Pedro, morte e ressurreição que marca a alegria de 40 dias de penitência, silêncio e reflexão para os fieis católicos.','2014-04-17 00:00:00','2014-04-18 00:00:00',6,31),(12,'12ª Encenação da Paixão e Morte de Cristo ','A apresentação durou cerca de 4 horas. A abertura ficou por conta de um grupo coordenado  por Silvana Rodrigues, da Paróquia São Vicente de Paula e São Tiago Apostolo, o qual apresentou um número de pop espertando curiosidade nos expectadores. “Minhas expectativas são positivas com relação à abertura, ensaiamos bastante”, afirma Silvana Rodrigues. As cenas apresentadas na encenação foram do anuncio','2014-04-18 00:00:00','2014-04-21 00:00:00',6,24),(13,'12ª Festa de Nossa Senhora de Lourdes ','Nossa Senhora de Lourdes é o nome usado para se referir à aparição mariana que teria sido presenciada por várias pessoas em ocasiões distintas, em torno de Lourdes, França. Ocorreu no ano previsto por Nossa Senhora em La Salette, França em 1846, doze anos antes.','2014-02-06 00:00:00','2014-02-09 00:00:00',6,70),(14,'12ª Polfest e 2ª Mostra do Empreendedor ','Cultura (do latim colere, que significa cultivar) é um conceito de várias acepções, sendo a mais corrente a definição genérica formulada por Edward B.','2014-05-24 00:00:00','2014-05-27 00:00:00',8,97),(15,'13 Chocomel e 16 Feira do Livro ',' Tylor, segundo a qual cultura é todo aquele complexo que inclui o conhecimento, as crenças, a arte, a moral, a lei, os costumes e todos os outros hábitos e capacidades adquiridos pelo homem como membro da sociedade 1 2 .','2014-04-17 00:00:00','2014-04-19 00:00:00',7,45),(16,'13 Fusca Fest ',' Em Roma, na língua latina, seu antepassado etimológico tinha o sentido de agricultura (significado que a palavra mantém ainda hoje em determinados contextos), como empregado por Varrão, por exemplo.','2014-03-09 00:00:00','2014-03-15 00:00:00',7,60),(17,'138ª Festa de São Sebastião Mártir ','3 Cultura é também associada, comumente, a altas formas de manifestação artística e/ou técnica da humanidade, como a música erudita europeia (o termo alemão Kultur – cultura – se aproxima mais desta definição).','2014-01-18 00:00:00','2014-01-20 00:00:00',5,51),(18,'13ª Feira do Livro ','4 Definições de cultura foram realizadas por Ralph Linton, Leslie White, Clifford Geertz, Franz Boas, Malinowski e outros cientistas sociais.','2014-05-08 00:00:00','2014-05-10 00:00:00',7,8),(19,'13ª Fenachim ',' Em um estudo aprofundado, Alfred Kroeber e Clyde Kluckhohn encontraram pelo menos 167 definições diferentes para o termo cultura.','2014-05-01 00:00:00','2014-05-11 00:00:00',7,83),(20,'13ª Lagoafest ','Por ter sido fortemente associada ao conceito de civilização no século XVIII, a cultura muitas vezes se confunde com noções de: desenvolvimento, educação, bons costumes, etiqueta e comportamentos de elite.','2014-03-20 00:00:00','2014-03-23 00:00:00',3,60),(21,'13ª Olimpíada Rural ',' Essa confusão entre cultura e civilização foi comum, sobretudo, na França e na Inglaterra dos séculos XVIII e XIX, onde cultura se referia a um ideal de elite.','2014-03-16 00:00:00','2014-03-21 00:00:00',6,6),(22,'13ª Suinofest ','4 Ela possibilitou o surgimento da dicotomia (e, eventualmente, hierarquização) entre cultura erudita e cultura popular, melhor representada nos textos de Matthew Arnold, ainda fortemente presente no imaginário das sociedades ocidentais.','2014-07-06 00:00:00','2014-07-15 00:00:00',3,27),(23,'14 Fenegócios ','Diversos sentidos da palavra variam consoante a aplicação em determinado ramo do conhecimento humano.','2014-05-01 00:00:00','2014-05-04 00:00:00',8,111),(24,'14 Rodeio Internacional ','Agricultura – acepção original do termo cultura, que se refere ao cultivo da terra para produção de espécies vegetais úteis ao consumo do homem.','2014-01-16 00:00:00','2014-01-19 00:00:00',2,107),(25,'14ª Expoagro Afubra ','Ciências sociais - Do ponto de vista das ciências sociais (isto é, da sociologia e da antropologia), sobretudo conforme a formulação de Tylor, a cultura é um conjunto de ideias, comportamentos, símbolos e práticas sociais artificiais (isto é, não naturais ou biológicos) aprendidos de geração em geração por meio da vida em sociedade.','2014-03-25 00:00:00','2014-03-27 00:00:00',5,81),(26,'14ª Expocace ','7 Essa definição geral pode sofrer mudanças de acordo com a perspectiva teórica do sociólogo ou antropólogo em questão.','2014-03-13 00:00:00','2014-03-16 00:00:00',5,92),(27,'14ª Exposol – Exposição Feira ',' De acordo com Ralph Linton, como termo geral, cultura significa a herança social e total da Humanidade, como termo específico, uma cultura significa determinada variante da herança social.','2014-05-01 00:00:00','2014-05-04 00:00:00',6,41),(28,'14ª Festa de São José e Novena Móvel ',' Assim, cultura, como um todo, compõe-se de grande número de culturas, cada uma das quais é característica de um certo grupo de indivíduos8 Enquanto a definição de Tylor é muito genérica, podendo causar confusão quando se propõe uma reflexão mais aprofundada do que é cultura, outras definições são mais restritivas.','2014-03-07 00:00:00','2014-03-16 00:00:00',8,45),(29,'14ª Via Sacra ',' Os autores debatem se o termo se refere mais corretamente a ideias (Boas, Malinowski, Linton), comportamentos (Kroeber) ou simbolização de comportamento, incluindo a cultura material (L. White).','2014-04-18 00:00:00','2014-04-22 00:00:00',4,26),(30,'15 Santiago Aberto de Tênis ','9 Vale lembrar que, em algumas concepções de cultura, o comportamento é apenas biológico, sendo a cultura a forma como esse conjunto de fatores biológicos se apresentam nas sociedades humanas.','2014-03-15 00:00:00','2014-03-31 00:00:00',7,11),(31,'15ª Cavalgada Cultural da Costa Doce ',' Em outras concepções (como onde cultura é entendida como conjunto de ideias), cultura exclui os registros materiais dos homens como tais da classificação (ex.','2014-01-16 00:00:00','2014-01-26 00:00:00',8,27),(32,'15ª Expodireto Cotrijal ',' um sofá ou uma mesa não seriam cultura) – posição fortemente criticada por White.','2014-03-10 00:00:00','2014-03-14 00:00:00',8,80),(33,'15ª Festa de Nossa Senhora dos Navegantes ','Filosofia - cultura é o conjunto de manifestações humanas que contrastam com a natureza ou comportamento natural.','2014-02-02 00:00:00','2014-02-09 00:00:00',7,74),(34,'15ª Semana do Bebê ',' Por seu turno, em biologia uma cultura é normalmente uma criação especial de organismos (em geral microscópicos) para fins determinados (por exemplo: estudo de modos de vida bacterianos, estudos microecológicos, etc.','2014-05-11 00:00:00','2014-05-18 00:00:00',2,72),(35,'16 Copa Integração de Esportes ','No dia-a-dia das sociedades civilizadas (especialmente a sociedade ocidental) e no vulgo costuma ser associada à aquisição de conhecimentos e práticas de vida reconhecidas como melhores, superiores, ou seja, erudição, este sentido normalmente se associa ao que é também descrito como alta cultura, e é empregado apenas no singular (não existem culturas, apenas uma cultura ideal, à qual os homens indistintamente devem se enquadrar).','2014-04-26 00:00:00','2014-04-27 00:00:00',2,110),(36,'16 Fespemm - Festa do Peixe ',' Dentro do contexto da filosofia, a cultura é um conjunto de respostas para melhor satisfazer as necessidades e os desejos humanos.','2014-05-10 00:00:00','2014-05-15 00:00:00',1,93),(37,'16ª Festa do Mar ',' Cultura é informação, isto é, um conjunto de conhecimentos teóricos e práticos que se aprende e transmite aos contemporâneos e aos vindouros.','2014-04-10 00:00:00','2014-04-20 00:00:00',3,108),(38,'17 Carnaval Binacional ',' A cultura é o resultado dos modos como os diversos grupos humanos foram resolvendo os seus problemas ao longo da história.','2014-03-15 00:00:00','2014-03-16 00:00:00',5,31),(39,'17 Moto Lagoa ',' Cultura é criação.','2014-03-28 00:00:00','2014-03-30 00:00:00',2,18),(40,'17 Rally Internacional ',' O homem não só recebe a cultura dos seus antepassados como também cria elementos que a renovam.','2014-05-15 00:00:00','2014-05-18 00:00:00',1,56),(41,'18ª Fenarroz',' A cultura é um fator de humanização.','2014-05-20 00:00:00','2014-05-25 00:00:00',5,59),(42,'18ª Festa do Pinhão ',' O homem só se torna homem porque vive no seio de um grupo cultural.','2014-07-05 00:00:00','2014-07-15 00:00:00',1,48),(43,'18ª Kuchenfest ',' A cultura é um sistema de símbolos compartilhados com que se interpreta a realidade e que conferem sentido à vida dos seres humanos.','2014-03-07 00:00:00','2014-03-09 00:00:00',4,80),(44,'19 Acampamento da Arte Gaúcha ','Antropologia - esta ciência entende a cultura como o totalidade de padrões aprendidos e desenvolvidos pelo ser humano.','2014-01-02 00:00:00','2014-01-05 00:00:00',2,24),(45,'19 Festa do Agricultor ',' Segundo a definição pioneira de Edward Burnett Tylor, sob a etnologia (ciência relativa especificamente do estudo da cultura) a cultura seria o complexo que inclui conhecimento, crenças, arte, morais, leis, costumes e outras aptidões e hábitos adquiridos pelo homem como membro da sociedade.','2014-05-24 00:00:00','2014-05-25 00:00:00',3,102),(46,'19ª Movelsul Brasil 2014 ',' Portanto corresponde, neste último sentido, às formas de organização de um povo, seus costumes e tradições transmitidas de geração para geração que, a partir de uma vivência e tradição comum, se apresentam como a identidade desse povo.','2014-03-24 00:00:00','2014-03-28 00:00:00',1,25),(47,'20 Carnaval de Rua ','O uso de abstração é uma característica do que é cultura: os elementos culturais só existem na mente das pessoas, em seus símbolos tais como padrões artísticos e mitos.','2014-02-28 00:00:00','2014-03-02 00:00:00',5,105),(48,'20 Mercosul Open de Tênis ',' Entretanto fala-se também em cultura material (por analogia a cultura simbólica) quando do estudo de produtos culturais concretos (obras de arte, escritos, ferramentas, etc.','2014-05-23 00:00:00','2014-05-25 00:00:00',4,112),(49,'20 Rodeio Internacional do Cone Sul ','Essa forma de cultura (material) é preservada no tempo com mais facilidade, uma vez que a cultura simbólica é extremamente frágil.','2014-03-06 00:00:00','2014-03-09 00:00:00',2,101),(50,'20ª Fenasoja ','A principal característica da cultura é o chamado mecanismo adaptativo: a capacidade de responder ao meio de acordo com mudança de hábitos, mais rápida do que uma possível evolução biológica.','2014-04-25 00:00:00','2014-05-04 00:00:00',3,72),(51,'20ª Sagra del Porco e Doce Gauchesco ',' O homem não precisou, por exemplo, desenvolver longa pelagem e grossas camadas de gordura sob a pele para viver em ambientes mais frios – ele simplesmente adaptou-se com o uso de roupas, do fogo e de habitações.','2014-02-27 00:00:00','2014-03-04 00:00:00',5,21),(52,'21ª Feira do Livro Josué Guimarães ',' A evolução cultural é mais rápida do que a biológica.','2014-07-03 00:00:00','2014-07-08 00:00:00',4,67),(53,'21ª Supermaratona 50km ',' No entanto, ao rejeitar a evolução biológica, o homem torna-se dependente da cultura, pois esta age em substituição a elementos que constituiriam o ser humano, a falta de um destes elementos (por exemplo, a supressão de um aspecto da cultura) causaria o mesmo efeito de uma amputação ou defeito físico, talvez ainda pior.','2014-03-16 00:00:00','2014-03-19 00:00:00',8,83),(54,'22 Romaria de Santo Expedito ','Além disso a cultura é também um mecanismo cumulativo.','2014-04-25 00:00:00','2014-04-27 00:00:00',4,2),(55,'22ª Expofax, 10ª Expocolônia, 13ª Mostra de Gado Leiteiro ',' As modificações trazidas por uma geração passam à geração seguinte, de modo que a cultura transforma-se perdendo e incorporando aspectos mais adequados à sobrevivência, reduzindo o esforço das novas gerações.','2014-05-02 00:00:00','2014-05-04 00:00:00',2,35),(56,'22ª Fenadoce ','Um exemplo de vantagem obtida através da cultura é o desenvolvimento do cultivo do solo, a agricultura.','2014-07-04 00:00:00','2014-07-22 00:00:00',6,38),(57,'23 Festival de Voo Livre ',' Com ela o homem pôde ter maior controle sobre o fornecimento de alimentos, minimizando os efeitos de escassez de caça ou coleta.','2014-03-08 00:00:00','2014-03-09 00:00:00',2,95),(58,'23 Festival Estadual de Esquetes Teatrais ',' Também pôde abandonar o nomadismo, daí a fixação em aldeamentos, cidades e estados.','2014-07-10 00:00:00','2014-07-15 00:00:00',3,102),(59,'24 Expobento 2014 ','A agricultura também permitiu o crescimento populacional de maneira acentuada, que gerou novo problema: produzir alimento para uma população maior.','2014-07-05 00:00:00','2014-07-15 00:00:00',2,43),(60,'24ª Páscoa em Canela ',' Desenvolvimentos técnicos – facilitados pelo maior número de mentes pensantes – permitem que essa dificuldade seja superada, mas por sua vez induzem a um novo aumento da população, o aumento populacional é assim causa e consequência do avanço cultural .','2014-04-04 00:00:00','2014-04-20 00:00:00',2,110),(61,'24ª Tafona da Canção Nativa ','A cultura é dinâmica.','2014-05-30 00:00:00','2014-05-31 00:00:00',6,60),(62,'25 Bolamar ',' Como mecanismo adaptativo e cumulativo, a cultura sofre mudanças.','2014-01-18 00:00:00','2014-02-16 00:00:00',1,91),(63,'25 Rodeio Crioulo Estadual ',' Traços se perdem, outros se adicionam, em velocidades distintas nas diferentes sociedades.','2014-01-10 00:00:00','2014-01-12 00:00:00',2,38),(64,'25ª Feira do Peixe e do Artesanato 2014 ','Dois mecanismos básicos permitem a mudança cultural: a invenção ou introdução de novos conceitos, e a difusão de conceitos a partir de outras culturas.','2014-04-11 00:00:00','2014-04-18 00:00:00',2,102),(65,'25ª Fejunca - Festa Junina do Cassino ',' Há também a descoberta, que é um tipo de mudança cultural originado pela revelação de algo desconhecido pela própria sociedade e que ela decide adotar.','2014-07-05 00:00:00','2014-07-08 00:00:00',5,57),(66,'25ª Festa Nacional do Peixe ','A mudança acarreta normalmente em resistência.','2014-06-12 00:00:00','2014-07-13 00:00:00',7,50),(67,'25ª Festimalha ',' Visto que os aspectos da vida cultural estão ligados entre si, a alteração mínima de somente um deles pode ocasionar efeitos em todos os outros.','2014-05-01 00:00:00','2014-07-01 00:00:00',8,112),(68,'26 Carnaval e Desfiles de Escolas de Samba ',' Modificações na maneira de produzir podem, por exemplo, interferir na escolha de membros para o governo ou na aplicação de leis.','2014-03-01 00:00:00','2014-03-04 00:00:00',5,63),(69,'26ª Copa Santiago de Futebol Juvenial ','A resistência à mudança representa uma vantagem, no sentido de que somente modificações realmente proveitosas, e que sejam por isso inevitáveis, serão adotadas evitando o esforço da sociedade em adotar, e depois rejeitar um novo conceito.','2014-01-10 00:00:00','2014-01-25 00:00:00',6,65),(70,'26ª Fenovinos ','O ambiente exerce um papel fundamental sobre as mudanças culturais, embora não único: os homens mudam sua maneira de encarar o mundo tanto por contingências ambientais quanto por transformações da consciência social.','2014-05-14 00:00:00','2014-05-18 00:00:00',4,54),(71,'26ª Temporada de Inverno ','É possível, na opinião de alguns cientistas, identificar uma espécie de cultura em alguns animais superiores, especialmente mamíferos (e dentro destes, especialmente primatas).','2014-05-27 00:00:00','2014-07-27 00:00:00',8,66),(72,'29 Campeonato Regional de Futebol de Salão ','De acordo com Andrew Whiten, Kathy Schick e Nichobs Tolh, os chimpanzés possuem um rico repertório de ferramentas (clavas, perfuradores, etc.','2014-06-30 00:00:00','2014-09-05 00:00:00',8,72),(73,'29 Rodeio Crioulo ','10 A técnica de produção de ferramentas, além de sua forma de uso, é ensinada de geração em geração entre os chimpanzés.','2014-01-17 00:00:00','2014-01-19 00:00:00',2,62),(74,'2ª Cuca Bike ',' Algo semelhante ocorre com os primatas Bonobos.','2014-03-09 00:00:00','2014-03-13 00:00:00',7,118),(75,'2ª Feira Binacional de Páscoa ','11 A existência da produção de cultura material e transmissão desta cultura socialmente é, dentro de algumas concepções de cultura, suficiente para afirmar que primatas possuem cultura.','2014-04-11 00:00:00','2014-04-19 00:00:00',7,61),(76,'2ª Festa do Arroz ',' No entanto, percebem-se diferenças na forma como a cultura existe entre os primatas.','2014-05-02 00:00:00','2014-05-04 00:00:00',4,1),(77,'2ª Mostra Missões ',' É consenso entre os antropólogos que caracterizar culturas entre superiores e inferiores é uma impropriedade científica, já que não existem critérios objetivos para realizar esta diferenciação.','2014-07-19 00:00:00','2014-07-22 00:00:00',3,67),(78,'2ª Multifeira e 10ª Feira de Descontos ',' Portanto, a diferença entre a cultura humana e a cultura dos primatas deve ser entendida em outros termos.','2014-04-10 00:00:00','2014-04-13 00:00:00',8,20),(79,'3 Bento Sensação ',' A grande diferença, do ponto de vista antropológico, entre essas duas manifestações culturais, é que entre os primatas não ocorre o chamado efeito catraca, isto é, os primatas não somam inovações tecnológicas para produzir produtos tecnologicamente mais complexos.','2014-06-14 00:00:00','2014-08-03 00:00:00',3,50),(80,'3 Circuito Vivavento de Regatas - 1°Etapa ',' O processo de difusão da cultura entre primatas ainda está sendo estudado.','2014-01-04 00:00:00','2014-01-05 00:00:00',2,36),(81,'30 Reponte da Canção ','12 Além da produção de ferramentas, os chimpanzés apresentam comportamentos diferentes conforme as sociedades estudadas.','2014-04-04 00:00:00','2014-04-06 00:00:00',1,93),(82,'30 Rodeio Crioulo Internacional ',' O famoso grooming, por exemplo, é diferente de sociedade para sociedade.','2014-02-01 00:00:00','2014-02-09 00:00:00',2,62),(83,'30ª Feovelha ',' É comprovado, também, que diferentes sociedades de chimpanzés apresentam formas de vocalização únicas às suas populações.','2014-01-29 00:00:00','2014-02-02 00:00:00',2,6),(84,'30ª Festa Nacional da Uva ','No ocidente, um conceito geral de arte, ou seja, aquilo que teriam em comum coisas tão distintas como, por exemplo, um madrigal renascentista, uma catedral gótica, a poesia de Homero, os autos de mistério medievais, um retábulo barroco, só começou a se formar em meados do século XVIII, embora a palavra já estivesse em uso há séculos para designar qualquer habilidade especial.','2014-02-20 00:00:00','2014-03-09 00:00:00',3,20),(85,'31 Rodeio Crioulo ','Na Antiguidade clássica, uma das principais bases da civilização ocidental e a primeira cultura que refletiu sobre o tema, considerava-se arte qualquer atividade que envolvesse uma habilidade especial: habilidade para construir um barco, para comandar um exército, para convencer o público em um discurso, em suma, qualquer atividade que se baseasse em regras definidas e que fosse sujeita a um aprendizado e desenvolvimento técnico.','2014-01-10 00:00:00','2014-01-12 00:00:00',2,27),(86,'31ª Desfile de Carnaval Regional ',' Em contraste, a poesia, por exemplo, não era tida como arte, pois era considerada fruto de uma inspiração.','2014-02-28 00:00:00','2014-03-06 00:00:00',8,54),(87,'34ª Rodeio Crioulo Internacional ','6 Platão definiu arte como uma capacidade de fazer coisas de modo inteligente através de um aprendizado, sendo um reflexo da capacidade criadora do ser humano,7 Aristóteles a definiu como uma disposição de produzir coisas de forma racional, e Quintiliano a entendia como aquilo que era baseado em um método e em uma ordem.','2014-05-28 00:00:00','2014-07-01 00:00:00',2,101),(88,'35° Ronda de São Pedro e 28° Mostra Artística ','8 Já Cassiodoro destacou seu aspecto produtivo e ordenado, assinalando três funções para ela: ensinar, comover e agradar ou dar prazer.','2014-07-28 00:00:00','2014-07-29 00:00:00',1,20),(89,'35ª Festa de Iemanjá ','O Juízo Final, de Michelangelo: a arte veiculando todo um universo simbólico, tendo um propósito educativo','2014-02-01 00:00:00','2014-02-04 00:00:00',7,103),(90,'36ª Expofeira de Ovinos de Verão e 19ª Credenciadora de Equinos Inéditos e 3ª Mostra de Gado','Essa visão atravessou a Idade Média, mas no Renascimento iniciou uma mudança, separando-se os ofícios produtivos e as ciências das artes propriamente ditas, incluindo-se pela primeira vez a poesia no domínio artístico.',NULL,'1900-01-06 00:00:00',7,75),(91,'38 Baile e Festa da Soja ',' A mudança foi influenciada pela tradução para o italiano da Poética de Aristóteles e pela progressiva ascensão social do artista, que buscava um afastamento dos artesãos e artífices e uma aproximação dos intelectuais, cientistas e filósofos.','2014-05-29 00:00:00','2014-07-01 00:00:00',3,110),(92,'38 Fimec ',' O objeto artístico passou a ser considerado tanto fonte de prazer como meio de assinalar distinções sociais de poder, riqueza e prestígio, incrementando-se o mecenato e o colecionismo.','2014-03-18 00:00:00','2014-03-21 00:00:00',7,96),(93,'39 Festival Internacional de Pandorgas ','10 Começaram a aparecer também diversos tratados sobre as artes, como o De pictura, De statua e De re aedificatoria, de Leon Battista Alberti, e os Comentários de Lorenzo Ghiberti.','2014-04-18 00:00:00','2014-04-21 00:00:00',7,15),(94,'3ª Campeonato Brasileiro de Maratonas Aquáticas ',' Ghiberti foi o primeiro a periodizar a história da arte, distinguindo a arte clássica, a arte medieval e a arte renascentista.','2014-02-01 00:00:00','2014-02-28 00:00:00',2,70),(95,'3ª Expomariano ','O Renascimento e o Maneirismo assinalam o início da arte moderna.','2014-05-22 00:00:00','2014-05-25 00:00:00',4,58),(96,'3ª Feira do Pólo Naval ',' O conceito de beleza se relativizou, privilegiando-se a visão pessoal e a imaginação do artista em detrimento do conceito mais ou menos unificado e de índole científica do Renascimento.','2014-03-11 00:00:00','2014-03-14 00:00:00',6,36),(97,'3ª Feira Loucura por Sapatos ',' Também se deu valor ao fantástico e ao grotesco.','2014-04-04 00:00:00','2014-04-13 00:00:00',3,3),(98,'3Circuito Vivavento de Regatas - 2° Etapa ',' Para Giordano Bruno, havia tantas artes quantos eram os artistas, introduzindo o conceito de originalidade, pois para ele a arte não tem normas, não se aprende e procede da inspiração.','2014-01-15 00:00:00','2014-01-16 00:00:00',3,82),(99,'4 Festival Internacional Sesc de Música ','No século XVIII começou a se consolidar a estética como um elemento-chave para a definição de arte como hoje a entendemos - a despeito da vagueza e inconsistências do conceito.','2014-01-19 00:00:00','2014-01-31 00:00:00',1,29),(100,'4 Rodeio Crioulo ',' Até então toda a arte do ocidente estava indissociavelmente ligada a uma ou mais funções definidas, ou seja, era uma atividade essencialmente utilitária: servia para a transmissão de conhecimento, para a estruturação e decoração de rituais e festividades, para a invocação ou mediação de poderes espirituais ou mágicos, para o embelezamento de edifícios, locais e cidades, para a distinção social, para a recordação da história e a preservação de tradições, para a educação moral, cívica, religiosa e cultural, para a consagração e perpetuação de valores e ideologias socialmente relevantes, e assim por diante.','2014-04-04 00:00:00','2014-04-06 00:00:00',2,37),(101,'41ª Feira do Livro ','Esta mudança de paradigma estava ligada a transformações culturais desencadeadas pelo cientificismo e pelo iluminismo.','2014-01-29 00:00:00','2014-02-09 00:00:00',4,117),(102,'45 Torneio Interseleções ',' Estas correntes de pensamento passaram a defender a tese de que a arte não era uma ciência, não podia descrever com exatidão a realidade, e por isso não poderia ser um veículo adequado para o conhecimento verdadeiro.','2014-03-16 00:00:00','2014-03-19 00:00:00',8,54),(103,'47 Encontro da Vela ',' Não sendo uma ciência, a arte passou para a esfera da emoção, da sensorialidade e do sentimento.','2014-03-01 00:00:00','2014-03-04 00:00:00',1,37),(104,'47 Festival Nacional do Chopp ',' A própria origem da palavra estética deriva de um termo grego que significa sensação.','2014-04-05 00:00:00','2014-04-12 00:00:00',3,18),(105,'47ª Festa de Nossa Senhora dos Navegantes ',' Em trabalhos de Jean-Baptiste Dubos, Friedrich von Schlegel, Arthur Schopenhauer, Théophile Gautier e outros nasceu o conceito de arte pela arte, onde ela tinha um fim em si mesma, despojando-a de toda a sua antiga funcionalidade e utilidade prática e associações com a moral.','2014-02-02 00:00:00','2014-02-07 00:00:00',2,44),(106,'4ª Casa do Coelho ',' Ao mesmo tempo em que isso abriu um novo e rico campo filosófico, gerou dificuldades importantes: perdeu-se a capacidade de se entender a arte antiga em seu próprio contexto, onde ela era toda funcional - um testemunho desta tendência é a proliferação de museus no século XIX, instituições onde todos os tipos de arte são apresentados fora de seu contexto original -, e criaram-se conceitos inteiramente baseados na subjetividade, tornando cada vez mais difícil encontrar-se pontos objetivos em comum que pudessem ser aplicados a qualquer tipo de arte, tanto para defini-la quanto para valorá-la ou interpretar seu significado.','2014-04-12 00:00:00','2014-04-21 00:00:00',8,36),(107,'4ª La Cucagna ',' O esteticismo foi um dos elementos teóricos básicos para a emergência do Romantismo, que rejeitou o utilitarismo da arte e deu um valor principal à criatividade, à intuição, à liberdade e à visão individuais do artista, erigindo-o ao status de demiurgo e profeta e fomentando com isso o culto do gênio.','2014-04-30 00:00:00','2014-05-04 00:00:00',1,115),(108,'5 Encontro de Trilheiros ',' Por outro lado, o esteticismo ofereceu uma alternativa para a descrição de aspectos do mundo e da vida que não estão ao alcance da ciência e da razão.','2014-05-17 00:00:00','2014-05-21 00:00:00',5,117),(109,'53ª Romaria e Festa à Gruta Nossa Senhora de Fátima ','14 15 Charles Baudelaire foi um dos primeiros a analisar a relação da arte com o progresso e a era industrial, prefigurando a noção de que não existe beleza absoluta, mas que é relativa e mutável de acordo com os tempos e com as predisposições de cada indivíduo.','2014-01-26 00:00:00','2014-02-02 00:00:00',2,3),(110,'5ª Expocelb ',' Acreditava que a arte tinha um componente eterno e imutável - sua alma - e um componente circunstancial e transitório - seu corpo.','2014-03-20 00:00:00','2014-03-23 00:00:00',6,78),(111,'5ª Festa da Integração ',' Este dualismo nada mais do que expressava a dualidade inerente ao homem em seu anelo pelo ideal e seu enfrentamento da realidade concreta.','2014-04-17 00:00:00','2014-04-20 00:00:00',8,52),(112,'5ª Festleite ','Kazimir Malevich: Quadrado negro sobre fundo branco, uma das obras paradigmáticas da escola abstrata','2014-04-24 00:00:00','2014-04-27 00:00:00',5,21),(113,'5ª Missa Campal de Santa Rita de Cássia ','Em que pese a grande influência do esteticismo, cujo corolário apareceria no início do século XX na forma do abstracionismo, uma apoteose do individualismo artístico,17 houve correntes que o combateram.','2014-05-24 00:00:00','2014-05-30 00:00:00',8,79),(114,'5ª Verão Divertido ',' Hippolyte Taine elaborou uma teoria de que a arte tem um fundamento sociológico, aplicando-lhe um determinismo baseado na raça, no contexto social e na época.','2014-01-01 00:00:00','2014-03-04 00:00:00',1,68),(115,'6 Carnaval Antecipado 2014 ',' Reivindicou para a estética um caráter científico, com pressupostos racionais e empíricos.','2014-02-20 00:00:00','2014-02-23 00:00:00',8,106),(116,'6 Carnaval Fora de Época ',' Jean Marie Guyau apresentou uma perspectiva evolucionista, afirmando que a arte está na vida e evolui com ela, e assim como a vida se organiza em sociedades, a arte deve ser um reflexo da sociedade que a produz.','2014-03-21 00:00:00','2014-03-23 00:00:00',8,88),(117,'6 Carnaval Herval Folia ','18 A estética sociológica teve associações com os movimentos políticos de esquerda, especialmente o socialismo utópico, defendendo para a arte o retorno a uma função social, contribuindo para o desenvolvimento das sociedades e da fraternidade humana, como se percebe nos trabalhos de Henri de Saint-Simon, Lev Tolstoi e Pierre Joseph Proudhon, entre outros.','2014-03-01 00:00:00','2014-03-04 00:00:00',6,112),(118,'6 Encontro Internacional da Melhor Idade ',' John Ruskin e William Morris denunciaram a banalização da arte causada pelo esteticismo e pela sociedade industrial, e defenderam a volta ao sistema corporativo e artesanal medieval.','2014-05-17 00:00:00','2014-05-18 00:00:00',3,78),(119,'6 Festa da Leitão e 4 Expofeira Comercial e Industrial ','Na mesma época a arte começou a ser estudada sob o ponto de vista psicológico e semiótico através da contribuição de Sigmund Freud.','2014-04-04 00:00:00','2014-04-06 00:00:00',7,13),(120,'6 Festival Internacional de Teatro de Bonecos ',' Ele declarou que a arte poderia ser uma forma de representação de desejos e de sublimação de pulsões irracionais reprimidas.','2014-07-26 00:00:00','2014-07-29 00:00:00',7,41),(121,'6 Verãozão ',' Disse que o artista era um narcisista, e que as obras de arte podiam ser analisadas da mesma forma que os sonhos, os símbolos e as doenças mentais.','2014-01-04 00:00:00','2014-03-02 00:00:00',2,43),(122,'62ª Romaria Nossa Senhora do Caravaggio ',' Continuou nessa linha seu discípulo Carl Jung, que introduziu o conceito de arquétipo na análise artística.','2014-05-17 00:00:00','2014-05-26 00:00:00',8,105),(123,'6ª Feicone ','21 Outra novidade foi introduzida por Wilhelm Dilthey, considerando arte e vida serem uma unidade.','2014-04-11 00:00:00','2014-04-13 00:00:00',3,56),(124,'6ª Fiema Brasil ',' Prefigurando a arte contemporânea, reconheceu a importância da reação do público na definição do que é um objeto artístico, o que instaurava uma espécie de anarquia do gosto, inaugurando a estética cultural.','2014-04-22 00:00:00','2014-04-25 00:00:00',8,2),(125,'6ª Mostra Flores e 3ª Feira Agroindustrial ',' Reconheceu também que a época assinalava uma mudança social e uma nova interpretação da realidade.','2014-02-22 00:00:00','2014-03-23 00:00:00',3,44),(126,'6ª Pavaremafest e 2 Rodeio Crioulo Estadal ',' Ao artista caberia intensificar nossa visão de mundo em uma obra coerente e significativa.','2014-05-01 00:00:00','2014-05-04 00:00:00',2,59),(127,'7 Concurso Internacional de Vinhos do Brasil ','Na primeira metade do século XX conceitos inovadores foram introduzidos pela Escola de Frankfurt, destacando-se Walter Benjamin e Theodor Adorno, estudando os efeitos da industrialização, da tecnologia e da cultura de massa sobre a arte.','2014-04-14 00:00:00','2014-04-17 00:00:00',4,13),(128,'7 Festival Nativista em Canto ',' Benjamin analisou a perda da aura do objeto artístico na sociedade contemporânea, e Adorno refletiu que a arte não é um reflexo mecânico da sociedade que a produz, pois a arte expressa o que não existe e indica a possibilidade de transformação e transcendência.','2014-04-11 00:00:00','2014-04-13 00:00:00',1,100),(129,'7 Rodeio Internacional ',' Representante do pragmatismo, John Dewey definiu a arte como a culminação da natureza, defendendo que a base da estética é a experiência sensorial.','2014-02-12 00:00:00','2014-02-16 00:00:00',2,16),(130,'7 Verão em Antônio Prado ',' A atividade artística seria uma consequência da atividade natural do ser humano, cuja forma organizativa depende dos condicionamentos ambientais em que se desenvolve.','2014-02-11 00:00:00','2014-03-30 00:00:00',2,73),(131,'7 Verão no Jardim da Serra Gaúcha ',' Assim, arte seria o mesmo que expressão, onde fins e meios se fundem em una experiência agradável.','2014-01-11 00:00:00','2014-03-09 00:00:00',1,67),(132,'7° Canto Missioneiro da Música Nativa e 6° Canto Piá Missioneiro ',' Já Ortega y Gasset apontou o caráter elitista e a desumanização da arte de vanguarda, devido ao seu hermetismo, ao repúdio da imitação da natureza e à perda da perspectiva histórica.','2014-03-27 00:00:00','2014-03-29 00:00:00',2,66),(133,'79ª Festa da Uva ',' Na escola semiótica, Luigi Pareyson elaborou uma estética hermenêutica, onde arte é a interpretação da verdade.','2014-01-24 00:00:00','2014-01-26 00:00:00',5,61),(134,'79ª Romaria da Gruta Nossa Senhora de Lourdes ',' Para ele, a arte é formativa, ou seja, expressa uma forma de fazer que ao mesmo tempo inventa sua própria linguagem e seus meios.','2014-02-08 00:00:00','2014-02-09 00:00:00',6,39),(135,'79ª Romaria Nossa Senhora de Lourdes ',' Assim a arte não seria o resultado de um projeto predeterminado, mas simplesmente encontraria o resultado no processo de fazer.','2014-02-08 00:00:00','2014-02-09 00:00:00',6,13),(136,'7ª Feira de Terneiros, Terneiras e Vaquilhonas ',' Pareyson influenciou a chamada Escola de Turim, que desenvolveu o conceito ontológico de arte.','2014-04-26 00:00:00','2014-04-29 00:00:00',3,21),(137,'7ª Festa do Búfalo e 5ª Expofeira ',' Umberto Eco, seu maior expoente, afirmou que a obra de arte só existe em sua interpretação, na abertura de múltiplos significados que pode ter para o espectador.','2014-03-20 00:00:00','2014-03-23 00:00:00',4,14),(138,'7ª Serra Grife 2014 ','A fonte, de Marcel Duchamp, originalmente um urinol: um exemplo da transformação contemporânea do conceito de arte','2014-04-05 00:00:00','2014-04-13 00:00:00',8,100),(139,'8 Carnaval Regional ','Chegando-se aos meados do século XX, o assunto se tornou tão complexo, volátil e subjetivo que muitos estudiosos abandonaram de todo a ideia de que a definição do que é arte é de alguma forma possível.','2014-02-28 00:00:00','2014-03-04 00:00:00',4,22),(140,'83ª Festa de Nossa Senhora dos Navegantes ',' A título de exemplo, cite-se algumas opiniões: Morris Weitz declarou que o próprio caráter aventuroso e expansivo da arte, suas constantes mutações e novidades, torna ilógico que estabeleçamos qualquer conjunto de propriedades definidas.','2014-02-02 00:00:00','2014-02-09 00:00:00',5,32),(141,'8ª Festa do Butiá ',' Robert Rosenblum disse que hoje em dia a ideia de definirmos arte é tão remota que não acredito que alguém teria coragem de fazê-lo, e Wladyslaw Tatarkiewicz afirmou que nosso século chegou à conclusão de que conseguirmos uma definição abrangente do que é arte é não apenas algo dificílimo, como impossível.','2014-03-13 00:00:00','2014-03-16 00:00:00',2,79),(142,'8ª Muamba Municipal ',' Essas visões, porém, não impediram que outros críticos lançassem opiniões diferentes, crendo ser possível uma definição.','2014-02-27 00:00:00','2014-03-05 00:00:00',8,41),(143,'9 Café de Cambona ',' Alguns delas contornaram o problema central da definição propriamente dita, e estabeleceram parâmetros externos para definir o fato artístico, recorrendo à consagração institucional, à autoridade, ou à resposta do público ou de pessoas consideradas peritas.','2014-05-25 00:00:00','2014-05-27 00:00:00',3,99),(144,'9 Carnaval na Areia ',' Um exemplo é a definição de George Dickie: um objeto artístico é em primeiro lugar um artefato, e em segundo, é um conjunto de aspectos que legitimou sua proposta de merecer atenção especial de alguma pessoa ou pessoas agindo em nome de alguma instituição social.','2014-03-01 00:00:00','2014-03-04 00:00:00',4,80),(145,'9 Festival da Uva e das Águas ',' Às vezes se recorre à sua localização e ao contexto cultural, como na declaração de Thomas McEvilley, dizendo que é arte o que está num museu.','2014-01-17 00:00:00','2014-01-19 00:00:00',8,84),(146,'9 Festival do Peixe ','Parece bem claro que hoje em dia mais ou menos qualquer coisa pode ser chamada de arte.','2014-03-21 00:00:00','2014-03-24 00:00:00',1,90),(147,'9 Jantar Típico Polonês ',' A questão é: ela foi chamada de arte pelo sistema de arte? Em nosso século, isso é tudo o que é preciso para definir arte.','2014-04-01 00:00:00','2014-04-30 00:00:00',5,16),(148,'9 Peixe & Mar ',' Na mesma linha de ideias, Robert Hughes disse que algo é arte se foi criado com o fim expresso de ser considerado como tal e foi colocado em um contexto em que é visto como tal.','2014-04-17 00:00:00','2014-04-20 00:00:00',5,49),(149,'9ª Cavalgada Ecológica e Cultural ','24 Segundo a definição da Encyclopedia Britannica, arte é aquilo que é criado deliberadamente pelo homem como uma expressão de habilidade ou da imaginação.','2014-07-04 00:00:00','2014-07-08 00:00:00',2,56),(150,'9ª Chocofest ','As artes são muitas vezes divididas em categorias específicas, tais como artes decorativas, artes plásticas ou visuais, artes do espectáculo, ou literatura.','2014-04-03 00:00:00','2014-04-21 00:00:00',5,51),(151,'9ª Confraternização Moto Grupo Unidos Pela Máquina ',' A pintura é uma forma de arte plástica ou visual, e a poesia é uma forma de literatura.','2014-04-05 00:00:00','2014-04-06 00:00:00',5,71),(152,'9ª Expopedras ','Uma forma de arte é uma forma específica de expressão artística, é um termo mais específico do que arte em geral, mas menos específico do que gênero.','2014-03-19 00:00:00','2014-03-23 00:00:00',5,95),(153,'9ª Exposição Regional de Orquídeas e 2 Bazar de Flor & Arte ',' Alguns exemplos incluem Arquitetura, Arte digital, Banda desenhada, Cinema, Dança, Desenho, Escultura, Graffiti, Fotografia, Literatura (Poesia e Prosa), Teatro, Música, Pintura, etc.','2014-03-29 00:00:00','2014-03-30 00:00:00',5,94),(154,'9ª Facic ','As técnicas para uma obra de arte ser construída são as mais diversas.','2014-05-09 00:00:00','2014-05-11 00:00:00',4,72),(155,'9ª Jantar Típico Italiano ',' Cada técnica caracteriza-se pelo emprego do material físico e de como se maneja tal material para atingir os resultados desejados.','2014-05-01 00:00:00','2014-05-30 00:00:00',5,59),(156,'9ª Magia da Páscoa ',' Assim, por exemplo, pedra e bronze são dois materiais utilizados na técnica da escultura por subtração, a qual se inclui na forma artística da escultura.','2014-04-12 00:00:00','2014-04-20 00:00:00',5,43),(157,'9ª Romaria e Festa de Santo Expedito ',' A música e a poesia usam o som, a pintura usa as técnicas do óleo, aquarela, guache, encáustica, etc.','2014-04-17 00:00:00','2014-04-20 00:00:00',5,112),(158,'9ª Trilha Tatu ','Um gênero artístico é o conjunto de convenções, temáticas e estilos dentro de uma forma de arte e mídia.','2014-04-19 00:00:00','2014-04-25 00:00:00',7,20),(159,'Carnaval ',' Por exemplo, o Cinema possui uma gama de gêneros, como aventura, horror, comédia, romance, ficção científica, etc.','2014-03-15 00:00:00','2014-03-17 00:00:00',4,72),(160,'Carnaval 2014 ',' Na música, há centenas de gêneros musicais, que variam de região, cultura e etc.','2014-02-13 00:00:00','2014-03-04 00:00:00',4,5),(161,'Carnaval de Rua ',', e vão da música erudita clássica, música folclórica,rock, MPB, música pop, muzak, etc.','2014-01-28 00:00:00','2014-02-02 00:00:00',4,76),(162,'Cruzeiro da Amizade – Laguna dos Patos ',' Na pintura incluem paisagem, retrato, nu, natureza morta, paisagem, cena histórica, etc.','2014-01-09 00:00:00','2014-01-25 00:00:00',7,8),(163,'Festa Colonial ','Desenvolveu-se entre o Paleolítico Superior e o Neolítico, onde aparecem as primeiras manifestações que podem ser considerados como arte.','2014-07-19 00:00:00','2014-07-29 00:00:00',3,58),(164,'Festa da Colheita da Macela ',' No Paleolítico o homem, dedicado à caça e vivendo em cavernas, praticou a chamada arte rupestre.','2014-04-17 00:00:00','2014-04-18 00:00:00',5,10),(165,'Festa de La Primma Vendemia ',' No Neolítico tornou-se sedentário e desenvolveu a agricultura, com sociedades cada vez mais complexas, onde a religião ganhou importância.','2014-01-24 00:00:00','2014-01-26 00:00:00',6,91),(166,'Festa de Nossa Senhora dos Navegantes ',' São exemplos os monumentos megalíticos e um início de produção artesanal na forma de vasos de cerâmica e estatuetas.','2014-02-02 00:00:00','2014-02-09 00:00:00',6,13),(167,'Festa de Santo Antônio de Pádua ','No Egito e na Mesopotâmia viveram as primeiras civilizações altamente estruturadas, e seus artistas/artesãos produziram obras complexas que já apresentam uma especialização profissional.','2014-06-15 00:00:00','2014-06-22 00:00:00',6,82),(168,'Festa de São Gabriel ',' A arte egípcia se caracterizou pelo caráter religioso e político, com destaque para a arquitetura, a pintura e a escultura.','2014-04-03 00:00:00','2014-04-05 00:00:00',6,66),(169,'Festa de São Pedro ',' A escultura e a pintura mostram a figura humana em um estilo fortemente hierático e esquemático, devido à rigidez de seus cânones simbólicos e religiosos.','2014-06-29 00:00:00','2014-07-04 00:00:00',6,76),(170,'Festa em Honra ao Padroeiro Santo Antônio de Pádua ',' A arte mesopotâmica se desenvolveu na área entre os rios Tigre e Eufrates, sendo testemunha de culturas diferentes, como os sumérios, acadianos, assírios e persas.','2014-07-05 00:00:00','2014-07-08 00:00:00',6,81),(171,'Festival de Verão de ',' Na arquitetura se incluem os zigurates, grandes templos piramidais em degraus, enquanto que na escultura predomina cenas religiosas, de caça e de guerra, com a presença de figuras humanas e animais reais ou mitológicos.','2014-01-01 00:00:00','2014-02-02 00:00:00',4,51),(172,'Homenagem à Iemanjá ','A arte da Grécia Antiga marcou a evolução da arte ocidental.','2014-02-02 00:00:00','2014-02-08 00:00:00',6,87),(173,'Páscoa em São Chico ',' Depois de um começo em que salientaram as civilizações Minoica e Micênica, a arte grega se desenvolveu em três períodos: arcaico, clássico e helenístico.','2014-04-18 00:00:00','2014-04-23 00:00:00',6,61),(174,'Reveillon ',' Na arquitetura se destacaram os templos, com suas três ordens: dórica, jônica e coríntia.','2014-01-01 00:00:00','2014-01-05 00:00:00',7,56),(175,'Rodeio Classificatório da 9ªRegião Tradicionalista ',' Na escultura dominou a representação do corpo humano, atingindo uma síntese entre naturalismo e idealismo no período clássico, com destaque para a produção de Míron, Fídias, Policleto e Praxíteles.','2014-01-31 00:00:00','2014-02-02 00:00:00',2,16),(176,'Rodeio Crioulo Estadual ',' Com claros precedentes na arte etrusca e na arte grega, a arte romana alcançou quase todos os cantos da Europa, Norte de África e do Oriente Médio, estabelecendo as bases da arte ocidental.','2014-02-21 00:00:00','2014-02-23 00:00:00',2,103),(177,'Triunfolia ',' Grandes engenheiros e construtores, se destacaram na arquitetura civil desenvolvendo o arco e a cúpula, com a construção de estradas, pontes, aquedutos e obras urbanas, bem como os templos, palácios, teatros, anfiteatros, circos, banhos, arcos triunfais, etc.','2014-02-28 00:00:00','2014-03-03 00:00:00',4,78),(178,'Via Sacra ',' A escultura, inspirada na grega, é também centrada na figura humana, mas de forma mais realista.','2014-04-18 00:00:00','2014-04-22 00:00:00',6,89);
/*!40000 ALTER TABLE `evento` ENABLE KEYS */;
UNLOCK TABLES;

--
-- Table structure for table `fornecedor`
--

DROP TABLE IF EXISTS `fornecedor`;
/*!40101 SET @saved_cs_client     = @@character_set_client */;
/*!40101 SET character_set_client = utf8 */;
CREATE TABLE `fornecedor` (
  `id` int(11) NOT NULL AUTO_INCREMENT,
  `empresa` int(11) NOT NULL,
  PRIMARY KEY (`id`),
  KEY `empresa_index` (`empresa`),
  CONSTRAINT `fornecedor_ibfk_1` FOREIGN KEY (`empresa`) REFERENCES `empresa` (`id`)
) ENGINE=InnoDB AUTO_INCREMENT=9 DEFAULT CHARSET=utf8;
/*!40101 SET character_set_client = @saved_cs_client */;

--
-- Dumping data for table `fornecedor`
--

LOCK TABLES `fornecedor` WRITE;
/*!40000 ALTER TABLE `fornecedor` DISABLE KEYS */;
INSERT INTO `fornecedor` VALUES (1,21),(2,22),(3,23),(4,24),(5,25),(6,26),(7,27),(8,28);
/*!40000 ALTER TABLE `fornecedor` ENABLE KEYS */;
UNLOCK TABLES;

--
-- Table structure for table `hotel`
--

DROP TABLE IF EXISTS `hotel`;
/*!40101 SET @saved_cs_client     = @@character_set_client */;
/*!40101 SET character_set_client = utf8 */;
CREATE TABLE `hotel` (
  `id` int(11) NOT NULL AUTO_INCREMENT,
  `empresa` int(11) NOT NULL,
  `endereco` varchar(45) DEFAULT NULL,
  `telefone` int(11) NOT NULL,
  `nome` varchar(45) DEFAULT NULL,
  PRIMARY KEY (`id`),
  KEY `empresa_index` (`empresa`),
  KEY `telefone_index` (`telefone`),
  CONSTRAINT `hotel_ibfk_1` FOREIGN KEY (`empresa`) REFERENCES `empresa` (`id`)
) ENGINE=InnoDB AUTO_INCREMENT=9 DEFAULT CHARSET=utf8;
/*!40101 SET character_set_client = @saved_cs_client */;

--
-- Dumping data for table `hotel`
--

LOCK TABLES `hotel` WRITE;
/*!40000 ALTER TABLE `hotel` DISABLE KEYS */;
INSERT INTO `hotel` VALUES (1,13,'Av. João Andrade, 354',113498760,'HOTEL OC'),(2,14,'Rua Sebastião Figueira, 535',817705123,'OC2015'),(3,15,'Rua Avarapiranga, 941',214299468,'OCSENAI'),(4,16,'Av. Tupinumbi, 335',617372811,'HOTEL OC 2014'),(5,17,'Rua Siripeba, 3567',414389572,'HOTEL OC 2015'),(6,18,'Av. Solifol, 566',316977598,'HOTEL SENAI'),(7,19,'Rua Griziella, 7134',514537333,'HOTEL OCTI'),(8,20,'Av. Zenirândia, 124',812390468,'HOTEL CAMPEÃO OC TI');
/*!40000 ALTER TABLE `hotel` ENABLE KEYS */;
UNLOCK TABLES;

--
-- Table structure for table `idioma`
--

DROP TABLE IF EXISTS `idioma`;
/*!40101 SET @saved_cs_client     = @@character_set_client */;
/*!40101 SET character_set_client = utf8 */;
CREATE TABLE `idioma` (
  `id` int(11) NOT NULL AUTO_INCREMENT,
  `sigla` varchar(5) DEFAULT NULL,
  `nome` varchar(12) DEFAULT NULL,
  `figura` varchar(12) DEFAULT NULL,
  PRIMARY KEY (`id`)
) ENGINE=InnoDB AUTO_INCREMENT=4 DEFAULT CHARSET=utf8;
/*!40101 SET character_set_client = @saved_cs_client */;

--
-- Dumping data for table `idioma`
--

LOCK TABLES `idioma` WRITE;
/*!40000 ALTER TABLE `idioma` DISABLE KEYS */;
INSERT INTO `idioma` VALUES (1,'pt','Português','pt.jpg'),(2,'en','Inglês','en.jpg'),(3,'eo','Esperanto','eo.jpg');
/*!40000 ALTER TABLE `idioma` ENABLE KEYS */;
UNLOCK TABLES;

--
-- Table structure for table `item`
--

DROP TABLE IF EXISTS `item`;
/*!40101 SET @saved_cs_client     = @@character_set_client */;
/*!40101 SET character_set_client = utf8 */;
CREATE TABLE `item` (
  `id` int(11) NOT NULL AUTO_INCREMENT,
  `produto` int(11) NOT NULL,
  `datacadastro` datetime DEFAULT NULL,
  PRIMARY KEY (`id`),
  KEY `produto_index` (`produto`),
  CONSTRAINT `item_ibfk_1` FOREIGN KEY (`produto`) REFERENCES `produto` (`id`)
) ENGINE=InnoDB AUTO_INCREMENT=2125 DEFAULT CHARSET=utf8;
/*!40101 SET character_set_client = @saved_cs_client */;

--
-- Dumping data for table `item`
--

LOCK TABLES `item` WRITE;
/*!40000 ALTER TABLE `item` DISABLE KEYS */;
INSERT INTO `item` VALUES (1,29,'2014-06-09 00:00:00'),(2,49,'2014-03-03 00:00:00'),(3,39,'2014-02-11 00:00:00'),(4,9,'2014-06-24 00:00:00'),(5,34,'2014-04-22 00:00:00'),(6,49,'2014-05-09 00:00:00'),(7,65,'2014-04-09 00:00:00'),(8,6,'2014-03-15 00:00:00'),(9,2,'2014-01-05 00:00:00'),(10,52,'2014-04-06 00:00:00'),(11,16,'2013-12-17 00:00:00'),(12,44,'2013-11-18 00:00:00'),(13,23,'2013-12-02 00:00:00'),(14,14,'2014-02-15 00:00:00'),(15,37,'2013-11-24 00:00:00'),(16,25,'2014-04-17 00:00:00'),(17,23,'2014-04-08 00:00:00'),(18,22,'2014-06-02 00:00:00'),(19,1,'2014-03-21 00:00:00'),(20,18,'2014-04-24 00:00:00'),(21,79,'2014-01-03 00:00:00'),(22,42,'2014-04-14 00:00:00'),(23,7,'2013-12-24 00:00:00'),(24,52,'2014-03-04 00:00:00'),(25,1,'2014-02-10 00:00:00'),(26,24,'2014-01-12 00:00:00'),(27,23,'2014-03-01 00:00:00'),(28,46,'2014-07-08 00:00:00'),(29,24,'2014-07-02 00:00:00'),(30,12,'2014-07-08 00:00:00'),(31,67,'2014-06-28 00:00:00'),(32,40,'2014-01-16 00:00:00'),(33,25,'2014-01-15 00:00:00'),(34,47,'2014-01-20 00:00:00'),(35,6,'2013-11-28 00:00:00'),(36,49,'2014-06-05 00:00:00'),(37,71,'2013-12-05 00:00:00'),(38,43,'2014-02-09 00:00:00'),(39,35,'2014-07-02 00:00:00'),(40,55,'2014-01-04 00:00:00'),(41,24,'2014-05-11 00:00:00'),(42,38,'2013-12-14 00:00:00'),(43,51,'2014-04-04 00:00:00'),(44,30,'2014-02-16 00:00:00'),(45,5,'2014-05-10 00:00:00'),(46,22,'2014-02-20 00:00:00'),(47,77,'2014-03-22 00:00:00'),(48,58,'2013-11-28 00:00:00'),(49,12,'2014-07-14 00:00:00'),(50,52,'2014-03-04 00:00:00'),(51,5,'2013-12-12 00:00:00'),(52,48,'2013-12-06 00:00:00'),(53,47,'2014-02-27 00:00:00'),(54,43,'2013-11-26 00:00:00'),(55,3,'2014-03-19 00:00:00'),(56,80,'2014-05-20 00:00:00'),(57,14,'2014-06-06 00:00:00'),(58,38,'2014-07-08 00:00:00'),(59,45,'2014-03-31 00:00:00'),(60,45,'2014-01-11 00:00:00'),(61,37,'2014-03-29 00:00:00'),(62,28,'2014-06-13 00:00:00'),(63,12,'2014-01-10 00:00:00'),(64,54,'2014-07-10 00:00:00'),(65,74,'2014-03-30 00:00:00'),(66,61,'2013-12-22 00:00:00'),(67,32,'2014-05-27 00:00:00'),(68,53,'2013-11-11 00:00:00'),(69,9,'2014-02-21 00:00:00'),(70,32,'2013-12-21 00:00:00'),(71,33,'2014-02-14 00:00:00'),(72,10,'2014-04-23 00:00:00'),(73,21,'2014-06-20 00:00:00'),(74,19,'2014-04-13 00:00:00'),(75,1,'2013-12-26 00:00:00'),(76,73,'2014-01-20 00:00:00'),(77,35,'2013-12-13 00:00:00'),(78,4,'2013-11-09 00:00:00'),(79,19,'2014-03-21 00:00:00'),(80,70,'2014-07-17 00:00:00'),(81,19,'2014-02-14 00:00:00'),(82,42,'2013-12-26 00:00:00'),(83,37,'2014-04-23 00:00:00'),(84,14,'2014-03-05 00:00:00'),(85,22,'2014-01-16 00:00:00'),(86,39,'2013-11-26 00:00:00'),(87,29,'2013-11-20 00:00:00'),(88,2,'2013-11-14 00:00:00'),(89,30,'2013-12-20 00:00:00'),(90,39,'2014-05-31 00:00:00'),(91,33,'2014-05-16 00:00:00'),(92,12,'2014-03-19 00:00:00'),(93,42,'2014-03-24 00:00:00'),(94,21,'2014-03-13 00:00:00'),(95,14,'2014-02-17 00:00:00'),(96,4,'2014-05-07 00:00:00'),(97,71,'2014-03-11 00:00:00'),(98,58,'2014-04-03 00:00:00'),(99,27,'2014-01-07 00:00:00'),(100,75,'2014-01-24 00:00:00'),(101,62,'2014-07-07 00:00:00'),(102,4,'2014-01-11 00:00:00'),(103,12,'2013-11-20 00:00:00'),(104,10,'2014-02-10 00:00:00'),(105,7,'2014-06-06 00:00:00'),(106,78,'2013-12-06 00:00:00'),(107,50,'2014-06-03 00:00:00'),(108,70,'2014-06-17 00:00:00'),(109,12,'2013-11-25 00:00:00'),(110,18,'2014-06-10 00:00:00'),(111,75,'2014-07-06 00:00:00'),(112,6,'2014-01-21 00:00:00'),(113,75,'2014-01-06 00:00:00'),(114,52,'2014-04-11 00:00:00'),(115,30,'2013-12-08 00:00:00'),(116,16,'2014-04-07 00:00:00'),(117,35,'2014-03-30 00:00:00'),(118,34,'2014-02-14 00:00:00'),(119,17,'2014-01-15 00:00:00'),(120,79,'2014-06-29 00:00:00'),(121,40,'2014-01-07 00:00:00'),(122,31,'2014-04-03 00:00:00'),(123,76,'2013-12-07 00:00:00'),(124,49,'2013-12-19 00:00:00'),(125,69,'2014-02-03 00:00:00'),(126,78,'2013-12-10 00:00:00'),(127,23,'2014-05-24 00:00:00'),(128,47,'2014-02-10 00:00:00'),(129,61,'2014-03-22 00:00:00'),(130,77,'2014-04-14 00:00:00'),(131,33,'2013-11-18 00:00:00'),(132,17,'2014-03-01 00:00:00'),(133,59,'2014-02-26 00:00:00'),(134,25,'2014-03-19 00:00:00'),(135,58,'2014-01-26 00:00:00'),(136,50,'2014-02-19 00:00:00'),(137,46,'2014-07-13 00:00:00'),(138,28,'2013-11-14 00:00:00'),(139,18,'2014-05-18 00:00:00'),(140,37,'2014-03-08 00:00:00'),(141,61,'2013-11-25 00:00:00'),(142,61,'2014-04-09 00:00:00'),(143,76,'2014-03-26 00:00:00'),(144,64,'2013-11-27 00:00:00'),(145,77,'2014-01-06 00:00:00'),(146,22,'2014-07-10 00:00:00'),(147,59,'2014-06-27 00:00:00'),(148,73,'2013-11-15 00:00:00'),(149,47,'2014-02-18 00:00:00'),(150,50,'2013-12-30 00:00:00'),(151,62,'2014-01-31 00:00:00'),(152,65,'2013-11-15 00:00:00'),(153,4,'2014-03-18 00:00:00'),(154,63,'2014-06-01 00:00:00'),(155,7,'2014-05-15 00:00:00'),(156,3,'2014-04-28 00:00:00'),(157,35,'2014-02-07 00:00:00'),(158,74,'2014-06-01 00:00:00'),(159,18,'2014-01-03 00:00:00'),(160,6,'2014-04-01 00:00:00'),(161,14,'2014-07-16 00:00:00'),(162,10,'2014-06-30 00:00:00'),(163,35,'2013-11-26 00:00:00'),(164,10,'2013-12-05 00:00:00'),(165,30,'2014-03-05 00:00:00'),(166,26,'2014-03-29 00:00:00'),(167,56,'2013-12-10 00:00:00'),(168,66,'2014-05-05 00:00:00'),(169,55,'2014-03-18 00:00:00'),(170,22,'2014-06-07 00:00:00'),(171,56,'2014-05-31 00:00:00'),(172,48,'2014-04-21 00:00:00'),(173,32,'2014-01-20 00:00:00'),(174,46,'2014-01-06 00:00:00'),(175,68,'2014-01-12 00:00:00'),(176,9,'2014-04-06 00:00:00'),(177,72,'2014-03-09 00:00:00'),(178,73,'2014-06-26 00:00:00'),(179,34,'2014-03-17 00:00:00'),(180,46,'2014-01-20 00:00:00'),(181,45,'2014-04-21 00:00:00'),(182,49,'2014-07-11 00:00:00'),(183,51,'2014-06-26 00:00:00'),(184,10,'2014-02-01 00:00:00'),(185,38,'2014-02-10 00:00:00'),(186,77,'2014-06-04 00:00:00'),(187,20,'2014-02-15 00:00:00'),(188,52,'2014-03-03 00:00:00'),(189,76,'2014-03-08 00:00:00'),(190,35,'2013-12-15 00:00:00'),(191,17,'2014-02-13 00:00:00'),(192,23,'2014-03-25 00:00:00'),(193,16,'2014-04-22 00:00:00'),(194,67,'2013-11-12 00:00:00'),(195,5,'2013-12-22 00:00:00'),(196,9,'2014-04-07 00:00:00'),(197,63,'2014-03-07 00:00:00'),(198,56,'2014-07-08 00:00:00'),(199,28,'2013-12-15 00:00:00'),(200,61,'2014-05-28 00:00:00'),(201,57,'2014-06-15 00:00:00'),(202,60,'2013-12-24 00:00:00'),(203,6,'2014-06-04 00:00:00'),(204,54,'2014-07-17 00:00:00'),(205,28,'2014-05-31 00:00:00'),(206,64,'2014-02-13 00:00:00'),(207,10,'2013-12-30 00:00:00'),(208,55,'2014-04-22 00:00:00'),(209,59,'2014-02-12 00:00:00'),(210,53,'2014-02-04 00:00:00'),(211,47,'2014-06-27 00:00:00'),(212,19,'2014-01-07 00:00:00'),(213,32,'2014-02-13 00:00:00'),(214,19,'2014-06-25 00:00:00'),(215,34,'2014-06-11 00:00:00'),(216,6,'2014-01-03 00:00:00'),(217,27,'2013-12-23 00:00:00'),(218,16,'2014-02-24 00:00:00'),(219,56,'2014-07-08 00:00:00'),(220,16,'2013-11-24 00:00:00'),(221,15,'2013-12-25 00:00:00'),(222,59,'2014-05-07 00:00:00'),(223,55,'2014-06-19 00:00:00'),(224,5,'2013-12-04 00:00:00'),(225,23,'2014-02-05 00:00:00'),(226,61,'2014-05-21 00:00:00'),(227,45,'2014-03-15 00:00:00'),(228,2,'2014-02-02 00:00:00'),(229,4,'2014-05-04 00:00:00'),(230,76,'2013-12-07 00:00:00'),(231,19,'2014-06-29 00:00:00'),(232,17,'2013-12-14 00:00:00'),(233,69,'2014-05-01 00:00:00'),(234,78,'2014-04-02 00:00:00'),(235,43,'2013-11-09 00:00:00'),(236,46,'2014-06-20 00:00:00'),(237,18,'2013-11-27 00:00:00'),(238,5,'2014-04-18 00:00:00'),(239,42,'2013-11-21 00:00:00'),(240,74,'2013-11-23 00:00:00'),(241,76,'2014-07-17 00:00:00'),(242,78,'2014-06-25 00:00:00'),(243,45,'2014-06-04 00:00:00'),(244,12,'2014-01-23 00:00:00'),(245,25,'2014-03-31 00:00:00'),(246,74,'2014-06-12 00:00:00'),(247,1,'2014-01-13 00:00:00'),(248,25,'2014-07-14 00:00:00'),(249,36,'2014-01-09 00:00:00'),(250,22,'2014-06-06 00:00:00'),(251,36,'2014-06-06 00:00:00'),(252,31,'2014-03-19 00:00:00'),(253,15,'2014-06-03 00:00:00'),(254,67,'2014-02-11 00:00:00'),(255,67,'2014-01-18 00:00:00'),(256,41,'2014-04-30 00:00:00'),(257,6,'2014-03-04 00:00:00'),(258,53,'2014-06-18 00:00:00'),(259,72,'2014-03-13 00:00:00'),(260,5,'2014-02-12 00:00:00'),(261,43,'2014-01-08 00:00:00'),(262,44,'2014-06-24 00:00:00'),(263,25,'2014-02-14 00:00:00'),(264,19,'2014-05-09 00:00:00'),(265,23,'2014-03-28 00:00:00'),(266,35,'2014-04-27 00:00:00'),(267,59,'2014-06-20 00:00:00'),(268,53,'2014-03-25 00:00:00'),(269,59,'2014-07-02 00:00:00'),(270,69,'2014-07-11 00:00:00'),(271,5,'2014-02-20 00:00:00'),(272,17,'2014-02-05 00:00:00'),(273,48,'2014-03-13 00:00:00'),(274,43,'2013-11-19 00:00:00'),(275,76,'2014-03-20 00:00:00'),(276,33,'2014-07-10 00:00:00'),(277,50,'2013-12-02 00:00:00'),(278,21,'2013-11-30 00:00:00'),(279,8,'2014-04-17 00:00:00'),(280,57,'2013-12-26 00:00:00'),(281,30,'2014-01-26 00:00:00'),(282,44,'2013-12-08 00:00:00'),(283,19,'2014-04-04 00:00:00'),(284,72,'2014-04-20 00:00:00'),(285,42,'2014-02-17 00:00:00'),(286,54,'2014-01-14 00:00:00'),(287,52,'2014-07-14 00:00:00'),(288,78,'2014-06-15 00:00:00'),(289,40,'2014-05-07 00:00:00'),(290,41,'2014-03-27 00:00:00'),(291,52,'2014-06-30 00:00:00'),(292,76,'2013-11-09 00:00:00'),(293,12,'2014-01-21 00:00:00'),(294,64,'2013-12-08 00:00:00'),(295,1,'2014-06-28 00:00:00'),(296,59,'2014-06-28 00:00:00'),(297,75,'2014-01-11 00:00:00'),(298,43,'2013-12-16 00:00:00'),(299,54,'2014-01-22 00:00:00'),(300,16,'2014-07-17 00:00:00'),(301,66,'2014-03-26 00:00:00'),(302,60,'2013-12-05 00:00:00'),(303,59,'2013-11-17 00:00:00'),(304,77,'2013-11-25 00:00:00'),(305,14,'2013-12-15 00:00:00'),(306,34,'2013-12-31 00:00:00'),(307,32,'2014-04-28 00:00:00'),(308,52,'2014-01-15 00:00:00'),(309,9,'2013-12-28 00:00:00'),(310,60,'2014-05-12 00:00:00'),(311,17,'2014-03-15 00:00:00'),(312,61,'2014-04-01 00:00:00'),(313,66,'2014-02-01 00:00:00'),(314,51,'2014-02-14 00:00:00'),(315,30,'2014-03-12 00:00:00'),(316,72,'2014-03-28 00:00:00'),(317,3,'2014-07-09 00:00:00'),(318,2,'2013-12-15 00:00:00'),(319,2,'2014-04-19 00:00:00'),(320,28,'2014-04-20 00:00:00'),(321,60,'2013-12-07 00:00:00'),(322,17,'2014-06-24 00:00:00'),(323,28,'2013-12-20 00:00:00'),(324,12,'2013-11-26 00:00:00'),(325,70,'2014-01-17 00:00:00'),(326,74,'2014-05-11 00:00:00'),(327,54,'2013-12-08 00:00:00'),(328,62,'2014-05-28 00:00:00'),(329,52,'2014-05-10 00:00:00'),(330,69,'2013-12-31 00:00:00'),(331,41,'2013-12-11 00:00:00'),(332,79,'2014-01-07 00:00:00'),(333,27,'2013-12-01 00:00:00'),(334,59,'2014-03-15 00:00:00'),(335,10,'2014-03-06 00:00:00'),(336,74,'2014-03-01 00:00:00'),(337,46,'2013-12-18 00:00:00'),(338,32,'2014-03-21 00:00:00'),(339,32,'2014-01-26 00:00:00'),(340,68,'2014-05-05 00:00:00'),(341,32,'2013-12-08 00:00:00'),(342,49,'2014-05-24 00:00:00'),(343,31,'2013-12-30 00:00:00'),(344,31,'2014-01-15 00:00:00'),(345,32,'2014-02-15 00:00:00'),(346,50,'2013-12-19 00:00:00'),(347,59,'2013-12-21 00:00:00'),(348,74,'2014-06-22 00:00:00'),(349,40,'2014-06-03 00:00:00'),(350,36,'2013-12-23 00:00:00'),(351,10,'2014-06-23 00:00:00'),(352,12,'2014-05-08 00:00:00'),(353,24,'2014-04-29 00:00:00'),(354,66,'2014-05-14 00:00:00'),(355,35,'2014-01-03 00:00:00'),(356,53,'2014-06-29 00:00:00'),(357,12,'2013-12-25 00:00:00'),(358,7,'2014-04-07 00:00:00'),(359,66,'2013-11-09 00:00:00'),(360,42,'2013-11-14 00:00:00'),(361,48,'2014-05-31 00:00:00'),(362,57,'2014-01-18 00:00:00'),(363,38,'2014-01-18 00:00:00'),(364,11,'2013-11-12 00:00:00'),(365,13,'2013-11-30 00:00:00'),(366,41,'2013-12-07 00:00:00'),(367,25,'2014-06-27 00:00:00'),(368,79,'2014-03-27 00:00:00'),(369,80,'2014-07-10 00:00:00'),(370,60,'2013-12-11 00:00:00'),(371,67,'2014-04-11 00:00:00'),(372,8,'2014-02-04 00:00:00'),(373,71,'2014-05-22 00:00:00'),(374,61,'2014-01-30 00:00:00'),(375,13,'2013-12-30 00:00:00'),(376,57,'2013-11-22 00:00:00'),(377,19,'2014-07-09 00:00:00'),(378,3,'2013-11-28 00:00:00'),(379,54,'2014-04-10 00:00:00'),(380,13,'2014-04-07 00:00:00'),(381,69,'2014-05-29 00:00:00'),(382,53,'2014-02-03 00:00:00'),(383,30,'2013-12-30 00:00:00'),(384,18,'2014-06-29 00:00:00'),(385,45,'2014-06-18 00:00:00'),(386,11,'2014-02-15 00:00:00'),(387,55,'2013-11-19 00:00:00'),(388,11,'2014-02-02 00:00:00'),(389,34,'2013-11-18 00:00:00'),(390,8,'2014-01-31 00:00:00'),(391,28,'2014-03-04 00:00:00'),(392,42,'2013-12-23 00:00:00'),(393,68,'2013-12-30 00:00:00'),(394,59,'2014-02-08 00:00:00'),(395,11,'2014-02-24 00:00:00'),(396,42,'2014-02-05 00:00:00'),(397,10,'2014-03-31 00:00:00'),(398,23,'2014-01-13 00:00:00'),(399,11,'2014-03-11 00:00:00'),(400,73,'2014-04-30 00:00:00'),(401,17,'2014-02-02 00:00:00'),(402,71,'2013-11-15 00:00:00'),(403,61,'2014-01-25 00:00:00'),(404,26,'2014-01-04 00:00:00'),(405,51,'2014-03-25 00:00:00'),(406,68,'2014-05-28 00:00:00'),(407,52,'2014-07-13 00:00:00'),(408,73,'2013-11-14 00:00:00'),(409,22,'2013-12-13 00:00:00'),(410,56,'2014-05-16 00:00:00'),(411,15,'2013-12-22 00:00:00'),(412,42,'2014-01-23 00:00:00'),(413,31,'2014-05-01 00:00:00'),(414,44,'2014-07-03 00:00:00'),(415,53,'2013-11-30 00:00:00'),(416,7,'2013-12-18 00:00:00'),(417,54,'2014-01-22 00:00:00'),(418,51,'2014-02-24 00:00:00'),(419,24,'2014-02-02 00:00:00'),(420,79,'2014-06-14 00:00:00'),(421,62,'2014-04-21 00:00:00'),(422,29,'2014-06-19 00:00:00'),(423,7,'2014-04-30 00:00:00'),(424,37,'2013-11-27 00:00:00'),(425,47,'2013-11-24 00:00:00'),(426,3,'2014-06-18 00:00:00'),(427,74,'2014-02-20 00:00:00'),(428,65,'2014-02-24 00:00:00'),(429,79,'2014-04-16 00:00:00'),(430,31,'2014-05-06 00:00:00'),(431,71,'2014-05-27 00:00:00'),(432,11,'2014-03-16 00:00:00'),(433,31,'2014-02-06 00:00:00'),(434,49,'2013-12-26 00:00:00'),(435,74,'2014-07-02 00:00:00'),(436,79,'2013-11-14 00:00:00'),(437,60,'2014-05-31 00:00:00'),(438,37,'2014-07-02 00:00:00'),(439,24,'2014-06-28 00:00:00'),(440,67,'2013-12-03 00:00:00'),(441,24,'2013-12-12 00:00:00'),(442,61,'2013-12-01 00:00:00'),(443,80,'2014-03-12 00:00:00'),(444,63,'2013-12-24 00:00:00'),(445,53,'2014-06-18 00:00:00'),(446,4,'2013-12-02 00:00:00'),(447,80,'2014-02-10 00:00:00'),(448,5,'2014-03-20 00:00:00'),(449,80,'2014-04-20 00:00:00'),(450,59,'2014-01-25 00:00:00'),(451,57,'2013-11-20 00:00:00'),(452,61,'2014-03-29 00:00:00'),(453,62,'2014-04-26 00:00:00'),(454,75,'2013-11-16 00:00:00'),(455,79,'2014-02-09 00:00:00'),(456,2,'2014-07-12 00:00:00'),(457,30,'2014-05-16 00:00:00'),(458,3,'2014-05-17 00:00:00'),(459,6,'2014-02-07 00:00:00'),(460,44,'2014-04-30 00:00:00'),(461,55,'2014-01-21 00:00:00'),(462,22,'2014-04-19 00:00:00'),(463,27,'2014-06-04 00:00:00'),(464,33,'2013-12-13 00:00:00'),(465,31,'2013-12-25 00:00:00'),(466,60,'2014-01-27 00:00:00'),(467,78,'2014-05-08 00:00:00'),(468,29,'2013-11-17 00:00:00'),(469,8,'2014-05-01 00:00:00'),(470,53,'2014-01-12 00:00:00'),(471,9,'2014-01-23 00:00:00'),(472,38,'2014-07-15 00:00:00'),(473,51,'2014-05-11 00:00:00'),(474,74,'2014-04-23 00:00:00'),(475,51,'2014-02-10 00:00:00'),(476,42,'2014-01-18 00:00:00'),(477,52,'2014-02-02 00:00:00'),(478,51,'2014-03-02 00:00:00'),(479,42,'2014-04-29 00:00:00'),(480,72,'2014-05-02 00:00:00'),(481,5,'2014-04-04 00:00:00'),(482,77,'2014-02-06 00:00:00'),(483,17,'2013-11-27 00:00:00'),(484,21,'2014-06-11 00:00:00'),(485,1,'2014-03-05 00:00:00'),(486,9,'2014-02-03 00:00:00'),(487,4,'2014-02-15 00:00:00'),(488,50,'2014-03-16 00:00:00'),(489,59,'2014-07-06 00:00:00'),(490,39,'2014-02-25 00:00:00'),(491,22,'2014-05-27 00:00:00'),(492,18,'2013-12-30 00:00:00'),(493,66,'2014-03-08 00:00:00'),(494,39,'2014-07-11 00:00:00'),(495,66,'2014-06-17 00:00:00'),(496,21,'2014-02-26 00:00:00'),(497,78,'2014-05-22 00:00:00'),(498,10,'2014-04-30 00:00:00'),(499,17,'2014-04-23 00:00:00'),(500,75,'2014-04-06 00:00:00'),(501,12,'2014-06-12 00:00:00'),(502,65,'2014-04-20 00:00:00'),(503,8,'2013-11-11 00:00:00'),(504,26,'2014-04-01 00:00:00'),(505,7,'2014-06-26 00:00:00'),(506,10,'2014-03-26 00:00:00'),(507,31,'2014-05-11 00:00:00'),(508,65,'2014-05-07 00:00:00'),(509,76,'2013-12-21 00:00:00'),(510,21,'2014-04-22 00:00:00'),(511,76,'2014-06-30 00:00:00'),(512,8,'2014-06-06 00:00:00'),(513,69,'2013-11-20 00:00:00'),(514,18,'2014-02-10 00:00:00'),(515,27,'2014-01-23 00:00:00'),(516,68,'2013-12-11 00:00:00'),(517,71,'2014-06-28 00:00:00'),(518,46,'2014-03-02 00:00:00'),(519,61,'2014-03-04 00:00:00'),(520,42,'2014-06-03 00:00:00'),(521,79,'2014-06-02 00:00:00'),(522,75,'2014-05-02 00:00:00'),(523,2,'2014-06-03 00:00:00'),(524,53,'2014-05-29 00:00:00'),(525,27,'2014-02-02 00:00:00'),(526,11,'2013-11-30 00:00:00'),(527,32,'2014-05-18 00:00:00'),(528,13,'2014-03-05 00:00:00'),(529,26,'2014-06-11 00:00:00'),(530,70,'2013-12-20 00:00:00'),(531,52,'2014-03-14 00:00:00'),(532,23,'2014-06-08 00:00:00'),(533,64,'2014-06-28 00:00:00'),(534,17,'2014-04-05 00:00:00'),(535,34,'2014-03-09 00:00:00'),(536,20,'2014-05-20 00:00:00'),(537,29,'2014-05-16 00:00:00'),(538,42,'2013-11-29 00:00:00'),(539,31,'2014-01-09 00:00:00'),(540,10,'2014-02-06 00:00:00'),(541,47,'2013-12-04 00:00:00'),(542,57,'2013-12-01 00:00:00'),(543,44,'2014-06-25 00:00:00'),(544,36,'2013-12-12 00:00:00'),(545,43,'2014-03-18 00:00:00'),(546,63,'2014-02-22 00:00:00'),(547,19,'2014-06-07 00:00:00'),(548,35,'2014-05-16 00:00:00'),(549,4,'2013-12-17 00:00:00'),(550,35,'2014-05-28 00:00:00'),(551,34,'2014-02-05 00:00:00'),(552,32,'2014-04-25 00:00:00'),(553,74,'2014-01-06 00:00:00'),(554,4,'2014-01-11 00:00:00'),(555,42,'2013-12-17 00:00:00'),(556,35,'2014-04-18 00:00:00'),(557,14,'2014-06-01 00:00:00'),(558,64,'2013-12-21 00:00:00'),(559,66,'2013-11-24 00:00:00'),(560,59,'2014-03-16 00:00:00'),(561,54,'2014-04-13 00:00:00'),(562,58,'2013-11-26 00:00:00'),(563,52,'2013-11-16 00:00:00'),(564,8,'2014-05-20 00:00:00'),(565,48,'2014-03-22 00:00:00'),(566,35,'2014-03-10 00:00:00'),(567,77,'2013-12-02 00:00:00'),(568,60,'2014-01-21 00:00:00'),(569,75,'2014-01-05 00:00:00'),(570,27,'2014-01-24 00:00:00'),(571,29,'2014-03-20 00:00:00'),(572,69,'2014-06-14 00:00:00'),(573,72,'2014-03-15 00:00:00'),(574,33,'2014-06-23 00:00:00'),(575,3,'2014-06-02 00:00:00'),(576,4,'2014-05-20 00:00:00'),(577,51,'2014-03-29 00:00:00'),(578,58,'2013-12-24 00:00:00'),(579,15,'2014-03-15 00:00:00'),(580,16,'2014-03-16 00:00:00'),(581,42,'2014-06-28 00:00:00'),(582,62,'2014-07-09 00:00:00'),(583,30,'2014-01-05 00:00:00'),(584,64,'2014-01-30 00:00:00'),(585,27,'2014-03-11 00:00:00'),(586,36,'2013-11-15 00:00:00'),(587,78,'2014-03-16 00:00:00'),(588,29,'2014-02-22 00:00:00'),(589,25,'2014-04-14 00:00:00'),(590,43,'2013-12-28 00:00:00'),(591,6,'2014-01-01 00:00:00'),(592,18,'2013-12-22 00:00:00'),(593,62,'2013-12-15 00:00:00'),(594,52,'2014-02-23 00:00:00'),(595,78,'2014-03-07 00:00:00'),(596,29,'2014-04-27 00:00:00'),(597,12,'2014-05-15 00:00:00'),(598,70,'2014-01-06 00:00:00'),(599,28,'2014-02-01 00:00:00'),(600,54,'2014-01-18 00:00:00'),(601,66,'2013-12-26 00:00:00'),(602,27,'2014-02-19 00:00:00'),(603,23,'2014-06-04 00:00:00'),(604,6,'2014-01-02 00:00:00'),(605,37,'2014-01-28 00:00:00'),(606,12,'2014-04-12 00:00:00'),(607,21,'2014-05-30 00:00:00'),(608,5,'2014-04-16 00:00:00'),(609,74,'2014-06-06 00:00:00'),(610,17,'2014-04-13 00:00:00'),(611,49,'2014-06-26 00:00:00'),(612,75,'2013-12-27 00:00:00'),(613,28,'2014-05-06 00:00:00'),(614,79,'2014-03-25 00:00:00'),(615,28,'2014-04-26 00:00:00'),(616,6,'2014-04-03 00:00:00'),(617,21,'2014-01-13 00:00:00'),(618,39,'2014-04-11 00:00:00'),(619,49,'2013-11-09 00:00:00'),(620,77,'2014-05-03 00:00:00'),(621,24,'2014-05-08 00:00:00'),(622,73,'2014-05-25 00:00:00'),(623,8,'2013-12-14 00:00:00'),(624,5,'2014-01-12 00:00:00'),(625,16,'2014-01-22 00:00:00'),(626,36,'2014-02-25 00:00:00'),(627,79,'2014-03-19 00:00:00'),(628,43,'2013-11-20 00:00:00'),(629,13,'2014-07-10 00:00:00'),(630,69,'2014-02-12 00:00:00'),(631,40,'2014-04-25 00:00:00'),(632,3,'2014-03-02 00:00:00'),(633,12,'2014-05-16 00:00:00'),(634,40,'2014-04-02 00:00:00'),(635,33,'2013-12-01 00:00:00'),(636,23,'2014-05-05 00:00:00'),(637,42,'2014-01-17 00:00:00'),(638,53,'2014-06-16 00:00:00'),(639,46,'2013-11-28 00:00:00'),(640,71,'2014-04-13 00:00:00'),(641,27,'2014-02-06 00:00:00'),(642,34,'2014-05-16 00:00:00'),(643,60,'2014-02-25 00:00:00'),(644,73,'2014-06-05 00:00:00'),(645,73,'2014-06-06 00:00:00'),(646,73,'2014-03-05 00:00:00'),(647,9,'2013-12-22 00:00:00'),(648,46,'2014-04-12 00:00:00'),(649,42,'2014-01-24 00:00:00'),(650,44,'2014-03-12 00:00:00'),(651,26,'2014-06-10 00:00:00'),(652,30,'2014-01-15 00:00:00'),(653,53,'2014-05-31 00:00:00'),(654,33,'2013-12-03 00:00:00'),(655,59,'2013-11-17 00:00:00'),(656,36,'2014-05-09 00:00:00'),(657,72,'2014-04-30 00:00:00'),(658,68,'2014-02-21 00:00:00'),(659,50,'2014-06-21 00:00:00'),(660,9,'2013-11-22 00:00:00'),(661,74,'2014-07-17 00:00:00'),(662,41,'2014-05-31 00:00:00'),(663,77,'2014-02-02 00:00:00'),(664,29,'2014-05-14 00:00:00'),(665,57,'2014-06-26 00:00:00'),(666,47,'2014-02-12 00:00:00'),(667,73,'2014-01-22 00:00:00'),(668,52,'2014-02-08 00:00:00'),(669,33,'2014-02-05 00:00:00'),(670,2,'2014-01-07 00:00:00'),(671,48,'2014-04-14 00:00:00'),(672,65,'2014-01-17 00:00:00'),(673,33,'2014-01-16 00:00:00'),(674,44,'2014-01-28 00:00:00'),(675,72,'2014-04-21 00:00:00'),(676,9,'2014-05-06 00:00:00'),(677,38,'2014-01-03 00:00:00'),(678,19,'2014-03-06 00:00:00'),(679,5,'2014-03-26 00:00:00'),(680,67,'2013-12-08 00:00:00'),(681,68,'2014-05-06 00:00:00'),(682,31,'2013-12-12 00:00:00'),(683,15,'2013-11-19 00:00:00'),(684,73,'2014-01-19 00:00:00'),(685,25,'2013-11-14 00:00:00'),(686,38,'2014-05-11 00:00:00'),(687,18,'2014-05-07 00:00:00'),(688,6,'2014-05-09 00:00:00'),(689,13,'2014-01-10 00:00:00'),(690,51,'2013-11-26 00:00:00'),(691,39,'2014-02-16 00:00:00'),(692,43,'2014-02-28 00:00:00'),(693,9,'2014-06-24 00:00:00'),(694,37,'2014-03-29 00:00:00'),(695,21,'2014-01-01 00:00:00'),(696,42,'2014-02-09 00:00:00'),(697,49,'2014-02-06 00:00:00'),(698,56,'2013-12-20 00:00:00'),(699,74,'2013-12-26 00:00:00'),(700,31,'2014-04-04 00:00:00'),(701,22,'2014-07-08 00:00:00'),(702,43,'2014-05-03 00:00:00'),(703,9,'2014-03-19 00:00:00'),(704,55,'2014-01-02 00:00:00'),(705,19,'2014-05-25 00:00:00'),(706,47,'2014-05-08 00:00:00'),(707,37,'2014-04-29 00:00:00'),(708,23,'2014-07-10 00:00:00'),(709,1,'2014-07-01 00:00:00'),(710,79,'2014-03-30 00:00:00'),(711,34,'2014-05-01 00:00:00'),(712,35,'2013-11-21 00:00:00'),(713,54,'2014-02-06 00:00:00'),(714,66,'2014-07-07 00:00:00'),(715,61,'2014-04-28 00:00:00'),(716,80,'2014-02-23 00:00:00'),(717,65,'2014-05-11 00:00:00'),(718,29,'2014-02-16 00:00:00'),(719,46,'2014-06-27 00:00:00'),(720,15,'2014-01-15 00:00:00'),(721,12,'2013-12-08 00:00:00'),(722,44,'2014-04-15 00:00:00'),(723,73,'2014-02-04 00:00:00'),(724,1,'2014-02-01 00:00:00'),(725,45,'2014-04-24 00:00:00'),(726,39,'2014-02-05 00:00:00'),(727,5,'2014-04-11 00:00:00'),(728,20,'2014-04-07 00:00:00'),(729,74,'2014-01-20 00:00:00'),(730,44,'2013-11-30 00:00:00'),(731,8,'2014-07-12 00:00:00'),(732,63,'2014-01-11 00:00:00'),(733,12,'2014-04-23 00:00:00'),(734,56,'2013-11-14 00:00:00'),(735,56,'2014-03-29 00:00:00'),(736,52,'2014-01-04 00:00:00'),(737,75,'2014-05-23 00:00:00'),(738,48,'2014-04-08 00:00:00'),(739,78,'2014-04-11 00:00:00'),(740,39,'2013-12-22 00:00:00'),(741,60,'2014-02-21 00:00:00'),(742,78,'2014-01-06 00:00:00'),(743,21,'2014-03-23 00:00:00'),(744,14,'2013-12-31 00:00:00'),(745,28,'2014-05-24 00:00:00'),(746,38,'2014-01-21 00:00:00'),(747,8,'2014-02-24 00:00:00'),(748,79,'2014-04-24 00:00:00'),(749,35,'2014-06-06 00:00:00'),(750,60,'2014-07-02 00:00:00'),(751,8,'2014-06-11 00:00:00'),(752,36,'2013-11-10 00:00:00'),(753,47,'2014-01-28 00:00:00'),(754,65,'2014-03-09 00:00:00'),(755,73,'2014-02-14 00:00:00'),(756,58,'2014-01-10 00:00:00'),(757,23,'2013-12-17 00:00:00'),(758,13,'2014-02-25 00:00:00'),(759,33,'2014-01-12 00:00:00'),(760,9,'2014-03-25 00:00:00'),(761,33,'2013-12-11 00:00:00'),(762,35,'2014-02-24 00:00:00'),(763,44,'2014-01-16 00:00:00'),(764,49,'2014-06-10 00:00:00'),(765,67,'2014-04-27 00:00:00'),(766,41,'2013-12-07 00:00:00'),(767,16,'2014-02-02 00:00:00'),(768,1,'2014-03-08 00:00:00'),(769,59,'2014-05-06 00:00:00'),(770,61,'2014-03-27 00:00:00'),(771,62,'2013-12-25 00:00:00'),(772,48,'2014-04-15 00:00:00'),(773,60,'2013-12-31 00:00:00'),(774,7,'2014-03-08 00:00:00'),(775,80,'2013-12-27 00:00:00'),(776,19,'2014-05-10 00:00:00'),(777,64,'2014-06-16 00:00:00'),(778,52,'2013-12-03 00:00:00'),(779,64,'2013-12-01 00:00:00'),(780,53,'2014-01-16 00:00:00'),(781,57,'2014-02-24 00:00:00'),(782,62,'2013-11-18 00:00:00'),(783,71,'2014-06-02 00:00:00'),(784,47,'2014-01-29 00:00:00'),(785,25,'2014-06-20 00:00:00'),(786,57,'2014-07-13 00:00:00'),(787,35,'2013-12-28 00:00:00'),(788,9,'2014-05-06 00:00:00'),(789,68,'2014-07-13 00:00:00'),(790,5,'2013-12-03 00:00:00'),(791,29,'2013-12-05 00:00:00'),(792,2,'2014-03-22 00:00:00'),(793,54,'2014-07-11 00:00:00'),(794,46,'2014-02-22 00:00:00'),(795,66,'2014-01-04 00:00:00'),(796,69,'2014-03-12 00:00:00'),(797,11,'2013-11-25 00:00:00'),(798,69,'2013-12-26 00:00:00'),(799,7,'2014-06-25 00:00:00'),(800,74,'2014-06-11 00:00:00'),(801,55,'2014-02-07 00:00:00'),(802,3,'2013-12-03 00:00:00'),(803,60,'2014-03-24 00:00:00'),(804,49,'2013-12-30 00:00:00'),(805,8,'2013-12-23 00:00:00'),(806,19,'2014-02-10 00:00:00'),(807,34,'2014-03-26 00:00:00'),(808,12,'2014-01-20 00:00:00'),(809,17,'2014-06-24 00:00:00'),(810,10,'2014-05-10 00:00:00'),(811,50,'2014-07-05 00:00:00'),(812,1,'2014-05-28 00:00:00'),(813,39,'2014-03-16 00:00:00'),(814,72,'2014-02-15 00:00:00'),(815,13,'2014-01-04 00:00:00'),(816,12,'2013-11-24 00:00:00'),(817,12,'2014-01-09 00:00:00'),(818,33,'2014-04-28 00:00:00'),(819,39,'2014-04-24 00:00:00'),(820,48,'2014-05-05 00:00:00'),(821,14,'2013-11-16 00:00:00'),(822,38,'2013-11-10 00:00:00'),(823,54,'2014-03-16 00:00:00'),(824,46,'2013-11-30 00:00:00'),(825,22,'2013-12-17 00:00:00'),(826,71,'2014-03-27 00:00:00'),(827,9,'2014-07-10 00:00:00'),(828,29,'2014-03-25 00:00:00'),(829,62,'2014-07-05 00:00:00'),(830,57,'2013-12-27 00:00:00'),(831,25,'2014-05-30 00:00:00'),(832,44,'2014-04-13 00:00:00'),(833,76,'2014-05-06 00:00:00'),(834,22,'2014-01-15 00:00:00'),(835,75,'2014-03-19 00:00:00'),(836,3,'2014-03-30 00:00:00'),(837,23,'2014-03-01 00:00:00'),(838,34,'2014-06-13 00:00:00'),(839,8,'2014-07-14 00:00:00'),(840,6,'2013-12-10 00:00:00'),(841,73,'2013-12-09 00:00:00'),(842,8,'2014-05-13 00:00:00'),(843,68,'2014-07-15 00:00:00'),(844,70,'2014-07-09 00:00:00'),(845,25,'2014-05-22 00:00:00'),(846,5,'2014-05-18 00:00:00'),(847,14,'2014-03-18 00:00:00'),(848,48,'2014-02-07 00:00:00'),(849,18,'2014-03-16 00:00:00'),(850,4,'2014-04-19 00:00:00'),(851,10,'2014-03-24 00:00:00'),(852,58,'2014-03-31 00:00:00'),(853,21,'2014-05-04 00:00:00'),(854,50,'2014-04-14 00:00:00'),(855,62,'2014-03-13 00:00:00'),(856,41,'2014-04-21 00:00:00'),(857,73,'2014-02-07 00:00:00'),(858,63,'2014-06-21 00:00:00'),(859,77,'2014-05-02 00:00:00'),(860,78,'2014-04-16 00:00:00'),(861,46,'2013-11-16 00:00:00'),(862,43,'2013-12-21 00:00:00'),(863,61,'2014-06-28 00:00:00'),(864,13,'2013-11-10 00:00:00'),(865,40,'2014-05-30 00:00:00'),(866,60,'2014-05-23 00:00:00'),(867,4,'2014-03-06 00:00:00'),(868,48,'2013-11-21 00:00:00'),(869,64,'2014-04-11 00:00:00'),(870,41,'2014-06-30 00:00:00'),(871,46,'2014-06-22 00:00:00'),(872,71,'2014-03-22 00:00:00'),(873,34,'2013-12-02 00:00:00'),(874,56,'2014-06-11 00:00:00'),(875,6,'2014-04-22 00:00:00'),(876,41,'2014-06-20 00:00:00'),(877,78,'2014-05-11 00:00:00'),(878,48,'2014-01-02 00:00:00'),(879,9,'2014-05-20 00:00:00'),(880,60,'2014-04-06 00:00:00'),(881,26,'2013-12-27 00:00:00'),(882,20,'2014-03-10 00:00:00'),(883,43,'2014-02-20 00:00:00'),(884,6,'2014-03-11 00:00:00'),(885,77,'2014-02-21 00:00:00'),(886,8,'2013-11-12 00:00:00'),(887,4,'2013-12-03 00:00:00'),(888,65,'2014-01-01 00:00:00'),(889,50,'2014-05-05 00:00:00'),(890,37,'2014-01-05 00:00:00'),(891,67,'2014-01-27 00:00:00'),(892,30,'2013-12-06 00:00:00'),(893,56,'2014-05-28 00:00:00'),(894,11,'2013-12-15 00:00:00'),(895,19,'2014-05-05 00:00:00'),(896,15,'2014-02-02 00:00:00'),(897,24,'2014-01-31 00:00:00'),(898,11,'2014-02-03 00:00:00'),(899,4,'2014-02-25 00:00:00'),(900,8,'2014-01-24 00:00:00'),(901,4,'2014-01-15 00:00:00'),(902,52,'2014-01-20 00:00:00'),(903,24,'2013-12-31 00:00:00'),(904,30,'2014-03-09 00:00:00'),(905,37,'2014-02-23 00:00:00'),(906,8,'2014-01-20 00:00:00'),(907,66,'2014-06-21 00:00:00'),(908,36,'2014-04-21 00:00:00'),(909,61,'2014-03-15 00:00:00'),(910,69,'2014-01-29 00:00:00'),(911,11,'2013-12-23 00:00:00'),(912,20,'2014-07-06 00:00:00'),(913,8,'2014-01-02 00:00:00'),(914,41,'2014-05-24 00:00:00'),(915,46,'2014-04-06 00:00:00'),(916,24,'2014-04-13 00:00:00'),(917,1,'2013-11-24 00:00:00'),(918,59,'2014-02-23 00:00:00'),(919,57,'2014-04-14 00:00:00'),(920,78,'2014-04-21 00:00:00'),(921,37,'2014-02-06 00:00:00'),(922,53,'2014-05-19 00:00:00'),(923,48,'2014-05-31 00:00:00'),(924,45,'2014-05-01 00:00:00'),(925,57,'2014-04-05 00:00:00'),(926,38,'2014-03-18 00:00:00'),(927,54,'2014-01-05 00:00:00'),(928,64,'2014-06-20 00:00:00'),(929,53,'2014-06-05 00:00:00'),(930,15,'2013-11-23 00:00:00'),(931,37,'2013-11-11 00:00:00'),(932,24,'2013-12-29 00:00:00'),(933,68,'2014-06-22 00:00:00'),(934,11,'2014-01-14 00:00:00'),(935,75,'2013-11-11 00:00:00'),(936,10,'2013-11-23 00:00:00'),(937,79,'2014-06-11 00:00:00'),(938,31,'2014-07-07 00:00:00'),(939,66,'2014-05-05 00:00:00'),(940,36,'2013-12-22 00:00:00'),(941,63,'2013-11-13 00:00:00'),(942,65,'2014-03-05 00:00:00'),(943,54,'2014-05-08 00:00:00'),(944,6,'2013-11-10 00:00:00'),(945,44,'2014-05-19 00:00:00'),(946,62,'2014-04-29 00:00:00'),(947,31,'2013-11-14 00:00:00'),(948,45,'2014-05-01 00:00:00'),(949,48,'2014-02-06 00:00:00'),(950,79,'2014-02-26 00:00:00'),(951,24,'2013-11-13 00:00:00'),(952,49,'2014-01-19 00:00:00'),(953,63,'2014-03-30 00:00:00'),(954,8,'2014-01-09 00:00:00'),(955,44,'2014-05-24 00:00:00'),(956,23,'2014-02-15 00:00:00'),(957,45,'2013-11-19 00:00:00'),(958,16,'2014-02-04 00:00:00'),(959,53,'2014-01-25 00:00:00'),(960,65,'2013-12-25 00:00:00'),(961,25,'2014-07-13 00:00:00'),(962,72,'2013-12-28 00:00:00'),(963,3,'2014-01-14 00:00:00'),(964,21,'2014-05-04 00:00:00'),(965,34,'2014-04-02 00:00:00'),(966,24,'2014-04-22 00:00:00'),(967,47,'2014-05-16 00:00:00'),(968,2,'2013-11-29 00:00:00'),(969,11,'2014-04-13 00:00:00'),(970,50,'2014-03-18 00:00:00'),(971,74,'2014-05-02 00:00:00'),(972,28,'2014-03-23 00:00:00'),(973,6,'2014-06-30 00:00:00'),(974,77,'2013-12-26 00:00:00'),(975,21,'2014-02-03 00:00:00'),(976,56,'2014-04-03 00:00:00'),(977,71,'2014-06-27 00:00:00'),(978,41,'2014-07-02 00:00:00'),(979,65,'2014-06-13 00:00:00'),(980,29,'2014-03-24 00:00:00'),(981,54,'2014-04-12 00:00:00'),(982,43,'2013-12-16 00:00:00'),(983,31,'2014-04-22 00:00:00'),(984,56,'2014-03-18 00:00:00'),(985,39,'2014-04-29 00:00:00'),(986,74,'2014-02-15 00:00:00'),(987,27,'2014-04-25 00:00:00'),(988,64,'2013-11-09 00:00:00'),(989,63,'2013-11-29 00:00:00'),(990,80,'2014-04-02 00:00:00'),(991,10,'2014-06-27 00:00:00'),(992,43,'2014-01-18 00:00:00'),(993,45,'2014-02-03 00:00:00'),(994,66,'2014-05-18 00:00:00'),(995,3,'2014-04-01 00:00:00'),(996,32,'2014-05-28 00:00:00'),(997,69,'2013-11-25 00:00:00'),(998,69,'2014-01-05 00:00:00'),(999,62,'2014-01-11 00:00:00'),(1000,28,'2013-12-15 00:00:00'),(1001,45,'2014-05-16 00:00:00'),(1002,62,'2014-03-03 00:00:00'),(1003,77,'2013-12-29 00:00:00'),(1004,70,'2014-04-10 00:00:00'),(1005,1,'2013-12-14 00:00:00'),(1006,19,'2014-07-01 00:00:00'),(1007,25,'2014-05-30 00:00:00'),(1008,26,'2013-11-09 00:00:00'),(1009,15,'2014-04-15 00:00:00'),(1010,43,'2014-03-01 00:00:00'),(1011,69,'2014-01-22 00:00:00'),(1012,23,'2014-04-09 00:00:00'),(1013,30,'2014-07-03 00:00:00'),(1014,20,'2014-02-06 00:00:00'),(1015,61,'2014-04-18 00:00:00'),(1016,40,'2013-12-04 00:00:00'),(1017,34,'2013-12-24 00:00:00'),(1018,58,'2014-03-08 00:00:00'),(1019,20,'2013-12-28 00:00:00'),(1020,42,'2014-04-28 00:00:00'),(1021,37,'2014-02-04 00:00:00'),(1022,71,'2014-06-25 00:00:00'),(1023,55,'2014-05-15 00:00:00'),(1024,27,'2014-07-09 00:00:00'),(1025,25,'2013-12-19 00:00:00'),(1026,31,'2014-04-21 00:00:00'),(1027,51,'2013-12-08 00:00:00'),(1028,58,'2013-11-17 00:00:00'),(1029,79,'2014-04-20 00:00:00'),(1030,45,'2014-01-13 00:00:00'),(1031,74,'2014-05-27 00:00:00'),(1032,34,'2014-02-17 00:00:00'),(1033,49,'2014-04-08 00:00:00'),(1034,44,'2014-03-28 00:00:00'),(1035,63,'2013-11-21 00:00:00'),(1036,15,'2014-02-22 00:00:00'),(1037,56,'2014-02-02 00:00:00'),(1038,62,'2013-11-25 00:00:00'),(1039,51,'2014-05-11 00:00:00'),(1040,43,'2014-06-20 00:00:00'),(1041,45,'2013-11-28 00:00:00'),(1042,6,'2014-04-24 00:00:00'),(1043,12,'2014-02-09 00:00:00'),(1044,21,'2013-12-05 00:00:00'),(1045,58,'2014-02-19 00:00:00'),(1046,16,'2014-02-16 00:00:00'),(1047,14,'2014-01-21 00:00:00'),(1048,71,'2014-07-05 00:00:00'),(1049,12,'2014-05-05 00:00:00'),(1050,68,'2014-06-08 00:00:00'),(1051,53,'2014-03-29 00:00:00'),(1052,45,'2014-05-26 00:00:00'),(1053,57,'2014-03-19 00:00:00'),(1054,4,'2014-07-03 00:00:00'),(1055,43,'2014-03-01 00:00:00'),(1056,72,'2014-06-27 00:00:00'),(1057,39,'2014-02-18 00:00:00'),(1058,76,'2014-01-12 00:00:00'),(1059,35,'2014-04-21 00:00:00'),(1060,38,'2014-04-24 00:00:00'),(1061,25,'2014-04-22 00:00:00'),(1062,35,'2013-11-30 00:00:00'),(1063,39,'2014-02-04 00:00:00'),(1064,29,'2014-05-25 00:00:00'),(1065,80,'2014-05-29 00:00:00'),(1066,79,'2014-02-11 00:00:00'),(1067,3,'2014-02-11 00:00:00'),(1068,49,'2014-06-29 00:00:00'),(1069,71,'2014-03-24 00:00:00'),(1070,33,'2014-01-11 00:00:00'),(1071,47,'2013-12-08 00:00:00'),(1072,33,'2014-03-04 00:00:00'),(1073,58,'2014-05-25 00:00:00'),(1074,36,'2014-03-08 00:00:00'),(1075,59,'2014-02-02 00:00:00'),(1076,29,'2013-11-18 00:00:00'),(1077,13,'2013-12-08 00:00:00'),(1078,33,'2014-03-31 00:00:00'),(1079,5,'2014-04-01 00:00:00'),(1080,36,'2014-06-18 00:00:00'),(1081,6,'2013-12-02 00:00:00'),(1082,16,'2014-07-06 00:00:00'),(1083,49,'2014-03-10 00:00:00'),(1084,72,'2014-04-14 00:00:00'),(1085,17,'2014-01-24 00:00:00'),(1086,66,'2014-04-20 00:00:00'),(1087,10,'2014-03-09 00:00:00'),(1088,47,'2014-02-28 00:00:00'),(1089,6,'2014-06-19 00:00:00'),(1090,67,'2014-02-21 00:00:00'),(1091,61,'2014-06-22 00:00:00'),(1092,10,'2014-02-05 00:00:00'),(1093,77,'2014-06-18 00:00:00'),(1094,48,'2013-11-18 00:00:00'),(1095,73,'2014-04-02 00:00:00'),(1096,76,'2014-05-31 00:00:00'),(1097,1,'2014-05-11 00:00:00'),(1098,66,'2014-02-10 00:00:00'),(1099,50,'2014-04-20 00:00:00'),(1100,56,'2013-11-26 00:00:00'),(1101,4,'2013-12-25 00:00:00'),(1102,17,'2014-01-02 00:00:00'),(1103,69,'2014-03-27 00:00:00'),(1104,2,'2014-01-20 00:00:00'),(1105,71,'2013-11-21 00:00:00'),(1106,67,'2014-02-09 00:00:00'),(1107,34,'2014-01-29 00:00:00'),(1108,1,'2014-02-28 00:00:00'),(1109,14,'2014-03-20 00:00:00'),(1110,24,'2014-06-15 00:00:00'),(1111,39,'2014-02-20 00:00:00'),(1112,69,'2013-11-11 00:00:00'),(1113,52,'2014-06-29 00:00:00'),(1114,48,'2013-11-27 00:00:00'),(1115,32,'2014-01-13 00:00:00'),(1116,55,'2014-01-13 00:00:00'),(1117,7,'2014-06-12 00:00:00'),(1118,66,'2014-04-17 00:00:00'),(1119,49,'2014-07-06 00:00:00'),(1120,71,'2014-02-13 00:00:00'),(1121,36,'2014-05-20 00:00:00'),(1122,44,'2013-12-22 00:00:00'),(1123,62,'2014-04-27 00:00:00'),(1124,68,'2014-06-20 00:00:00'),(1125,75,'2014-06-29 00:00:00'),(1126,67,'2014-03-17 00:00:00'),(1127,45,'2013-12-13 00:00:00'),(1128,62,'2013-11-23 00:00:00'),(1129,40,'2014-01-02 00:00:00'),(1130,70,'2013-12-29 00:00:00'),(1131,27,'2014-04-28 00:00:00'),(1132,55,'2014-02-12 00:00:00'),(1133,21,'2013-12-30 00:00:00'),(1134,55,'2014-02-09 00:00:00'),(1135,80,'2014-01-23 00:00:00'),(1136,76,'2014-06-07 00:00:00'),(1137,38,'2013-12-04 00:00:00'),(1138,39,'2014-07-11 00:00:00'),(1139,10,'2014-01-22 00:00:00'),(1140,65,'2014-06-04 00:00:00'),(1141,54,'2014-06-18 00:00:00'),(1142,66,'2014-02-02 00:00:00'),(1143,32,'2014-06-07 00:00:00'),(1144,54,'2014-06-24 00:00:00'),(1145,9,'2013-11-13 00:00:00'),(1146,79,'2014-05-07 00:00:00'),(1147,47,'2014-04-20 00:00:00'),(1148,45,'2014-06-06 00:00:00'),(1149,51,'2014-03-08 00:00:00'),(1150,52,'2014-03-16 00:00:00'),(1151,21,'2014-05-10 00:00:00'),(1152,16,'2014-05-27 00:00:00'),(1153,71,'2014-07-04 00:00:00'),(1154,64,'2014-04-18 00:00:00'),(1155,26,'2014-05-28 00:00:00'),(1156,39,'2013-11-26 00:00:00'),(1157,25,'2014-03-17 00:00:00'),(1158,62,'2013-11-16 00:00:00'),(1159,41,'2014-01-09 00:00:00'),(1160,25,'2013-12-28 00:00:00'),(1161,44,'2014-03-06 00:00:00'),(1162,12,'2014-03-16 00:00:00'),(1163,40,'2013-12-21 00:00:00'),(1164,40,'2014-07-13 00:00:00'),(1165,45,'2014-06-10 00:00:00'),(1166,51,'2013-12-21 00:00:00'),(1167,35,'2014-03-31 00:00:00'),(1168,9,'2013-12-30 00:00:00'),(1169,61,'2014-06-26 00:00:00'),(1170,7,'2014-06-08 00:00:00'),(1171,49,'2013-12-08 00:00:00'),(1172,16,'2014-07-08 00:00:00'),(1173,66,'2014-01-13 00:00:00'),(1174,64,'2014-03-29 00:00:00'),(1175,11,'2014-05-01 00:00:00'),(1176,52,'2014-07-09 00:00:00'),(1177,24,'2014-02-22 00:00:00'),(1178,60,'2014-07-14 00:00:00'),(1179,1,'2014-02-26 00:00:00'),(1180,26,'2014-03-11 00:00:00'),(1181,25,'2014-04-25 00:00:00'),(1182,58,'2013-12-10 00:00:00'),(1183,59,'2014-04-06 00:00:00'),(1184,14,'2014-01-19 00:00:00'),(1185,12,'2014-07-01 00:00:00'),(1186,40,'2014-05-20 00:00:00'),(1187,77,'2014-06-29 00:00:00'),(1188,74,'2014-02-14 00:00:00'),(1189,52,'2014-01-30 00:00:00'),(1190,79,'2014-01-12 00:00:00'),(1191,52,'2013-12-13 00:00:00'),(1192,73,'2014-05-24 00:00:00'),(1193,53,'2014-04-02 00:00:00'),(1194,18,'2014-05-19 00:00:00'),(1195,21,'2013-12-19 00:00:00'),(1196,18,'2014-03-13 00:00:00'),(1197,20,'2014-03-07 00:00:00'),(1198,42,'2013-12-22 00:00:00'),(1199,43,'2013-11-14 00:00:00'),(1200,36,'2014-06-14 00:00:00'),(1201,79,'2013-11-22 00:00:00'),(1202,12,'2013-11-28 00:00:00'),(1203,42,'2014-04-10 00:00:00'),(1204,58,'2014-04-30 00:00:00'),(1205,55,'2013-12-07 00:00:00'),(1206,77,'2013-12-01 00:00:00'),(1207,38,'2014-06-08 00:00:00'),(1208,72,'2013-12-21 00:00:00'),(1209,56,'2014-03-26 00:00:00'),(1210,24,'2014-03-30 00:00:00'),(1211,38,'2013-12-13 00:00:00'),(1212,26,'2014-05-24 00:00:00'),(1213,44,'2014-05-02 00:00:00'),(1214,49,'2013-12-16 00:00:00'),(1215,3,'2014-07-15 00:00:00'),(1216,64,'2014-05-15 00:00:00'),(1217,69,'2014-02-05 00:00:00'),(1218,25,'2014-02-08 00:00:00'),(1219,35,'2014-01-22 00:00:00'),(1220,55,'2014-06-06 00:00:00'),(1221,55,'2014-06-16 00:00:00'),(1222,66,'2014-01-25 00:00:00'),(1223,7,'2014-02-15 00:00:00'),(1224,45,'2013-12-13 00:00:00'),(1225,30,'2013-11-16 00:00:00'),(1226,29,'2013-11-18 00:00:00'),(1227,32,'2013-11-12 00:00:00'),(1228,72,'2014-04-05 00:00:00'),(1229,26,'2014-05-29 00:00:00'),(1230,46,'2014-04-21 00:00:00'),(1231,79,'2014-01-11 00:00:00'),(1232,69,'2014-01-31 00:00:00'),(1233,49,'2014-04-25 00:00:00'),(1234,7,'2014-01-18 00:00:00'),(1235,37,'2014-07-15 00:00:00'),(1236,36,'2014-05-22 00:00:00'),(1237,76,'2014-04-05 00:00:00'),(1238,14,'2014-02-07 00:00:00'),(1239,47,'2014-06-15 00:00:00'),(1240,41,'2013-11-17 00:00:00'),(1241,4,'2014-01-04 00:00:00'),(1242,3,'2014-07-17 00:00:00'),(1243,40,'2014-03-02 00:00:00'),(1244,2,'2014-07-15 00:00:00'),(1245,35,'2014-07-13 00:00:00'),(1246,53,'2014-02-17 00:00:00'),(1247,21,'2014-07-03 00:00:00'),(1248,36,'2014-02-14 00:00:00'),(1249,44,'2014-04-15 00:00:00'),(1250,33,'2014-03-09 00:00:00'),(1251,18,'2014-04-25 00:00:00'),(1252,17,'2013-11-30 00:00:00'),(1253,6,'2014-03-01 00:00:00'),(1254,4,'2014-02-04 00:00:00'),(1255,21,'2014-07-15 00:00:00'),(1256,56,'2014-02-02 00:00:00'),(1257,14,'2014-02-11 00:00:00'),(1258,31,'2014-06-19 00:00:00'),(1259,69,'2014-03-10 00:00:00'),(1260,22,'2014-04-09 00:00:00'),(1261,32,'2014-06-21 00:00:00'),(1262,43,'2014-03-31 00:00:00'),(1263,80,'2014-02-25 00:00:00'),(1264,15,'2014-06-28 00:00:00'),(1265,8,'2014-01-23 00:00:00'),(1266,69,'2014-07-16 00:00:00'),(1267,72,'2014-03-29 00:00:00'),(1268,57,'2014-03-26 00:00:00'),(1269,67,'2014-04-13 00:00:00'),(1270,49,'2014-06-07 00:00:00'),(1271,75,'2014-05-27 00:00:00'),(1272,66,'2014-07-13 00:00:00'),(1273,63,'2013-12-13 00:00:00'),(1274,47,'2014-06-16 00:00:00'),(1275,48,'2014-07-03 00:00:00'),(1276,41,'2014-02-16 00:00:00'),(1277,46,'2014-03-29 00:00:00'),(1278,70,'2014-01-25 00:00:00'),(1279,28,'2014-06-28 00:00:00'),(1280,39,'2014-01-20 00:00:00'),(1281,15,'2014-03-29 00:00:00'),(1282,17,'2014-02-24 00:00:00'),(1283,61,'2014-01-07 00:00:00'),(1284,15,'2014-06-28 00:00:00'),(1285,44,'2014-03-13 00:00:00'),(1286,74,'2014-06-12 00:00:00'),(1287,71,'2014-04-15 00:00:00'),(1288,18,'2014-01-05 00:00:00'),(1289,44,'2014-06-13 00:00:00'),(1290,23,'2013-11-24 00:00:00'),(1291,7,'2014-03-07 00:00:00'),(1292,25,'2014-02-21 00:00:00'),(1293,62,'2014-04-05 00:00:00'),(1294,3,'2014-07-08 00:00:00'),(1295,21,'2014-03-09 00:00:00'),(1296,15,'2014-04-06 00:00:00'),(1297,44,'2014-06-12 00:00:00'),(1298,25,'2014-05-04 00:00:00'),(1299,6,'2014-05-19 00:00:00'),(1300,65,'2013-11-26 00:00:00'),(1301,30,'2013-12-29 00:00:00'),(1302,8,'2013-12-23 00:00:00'),(1303,22,'2014-01-06 00:00:00'),(1304,37,'2014-06-28 00:00:00'),(1305,67,'2014-02-18 00:00:00'),(1306,33,'2014-05-28 00:00:00'),(1307,53,'2014-02-23 00:00:00'),(1308,2,'2014-01-25 00:00:00'),(1309,49,'2014-05-29 00:00:00'),(1310,8,'2014-06-20 00:00:00'),(1311,49,'2014-05-31 00:00:00'),(1312,12,'2014-06-18 00:00:00'),(1313,36,'2014-05-15 00:00:00'),(1314,69,'2014-07-03 00:00:00'),(1315,57,'2014-05-11 00:00:00'),(1316,54,'2013-11-20 00:00:00'),(1317,70,'2014-03-31 00:00:00'),(1318,67,'2014-07-02 00:00:00'),(1319,39,'2014-05-24 00:00:00'),(1320,37,'2013-11-16 00:00:00'),(1321,80,'2014-03-31 00:00:00'),(1322,60,'2013-11-28 00:00:00'),(1323,65,'2014-06-10 00:00:00'),(1324,25,'2014-07-04 00:00:00'),(1325,19,'2014-05-04 00:00:00'),(1326,59,'2013-12-15 00:00:00'),(1327,78,'2013-12-14 00:00:00'),(1328,77,'2013-12-26 00:00:00'),(1329,27,'2014-02-09 00:00:00'),(1330,44,'2014-05-15 00:00:00'),(1331,30,'2014-02-16 00:00:00'),(1332,30,'2014-01-10 00:00:00'),(1333,9,'2014-02-09 00:00:00'),(1334,19,'2014-04-24 00:00:00'),(1335,69,'2014-01-15 00:00:00'),(1336,59,'2014-04-18 00:00:00'),(1337,38,'2014-04-13 00:00:00'),(1338,65,'2014-06-09 00:00:00'),(1339,39,'2014-04-17 00:00:00'),(1340,16,'2014-03-29 00:00:00'),(1341,7,'2014-06-11 00:00:00'),(1342,25,'2014-06-17 00:00:00'),(1343,44,'2014-07-01 00:00:00'),(1344,69,'2013-11-18 00:00:00'),(1345,6,'2014-03-19 00:00:00'),(1346,64,'2014-01-06 00:00:00'),(1347,53,'2013-12-10 00:00:00'),(1348,51,'2013-12-03 00:00:00'),(1349,54,'2014-02-05 00:00:00'),(1350,60,'2014-05-31 00:00:00'),(1351,69,'2013-12-31 00:00:00'),(1352,37,'2014-06-19 00:00:00'),(1353,61,'2014-02-04 00:00:00'),(1354,51,'2014-05-11 00:00:00'),(1355,68,'2013-12-14 00:00:00'),(1356,34,'2014-04-24 00:00:00'),(1357,11,'2014-03-08 00:00:00'),(1358,58,'2014-03-06 00:00:00'),(1359,21,'2014-01-01 00:00:00'),(1360,44,'2014-06-29 00:00:00'),(1361,13,'2014-04-17 00:00:00'),(1362,48,'2014-02-19 00:00:00'),(1363,78,'2014-04-18 00:00:00'),(1364,78,'2014-06-16 00:00:00'),(1365,59,'2014-03-15 00:00:00'),(1366,51,'2013-11-19 00:00:00'),(1367,21,'2014-07-09 00:00:00'),(1368,45,'2013-12-18 00:00:00'),(1369,26,'2014-02-17 00:00:00'),(1370,62,'2014-03-27 00:00:00'),(1371,63,'2014-06-29 00:00:00'),(1372,25,'2014-06-29 00:00:00'),(1373,27,'2014-03-10 00:00:00'),(1374,13,'2014-01-08 00:00:00'),(1375,2,'2013-11-09 00:00:00'),(1376,71,'2014-01-31 00:00:00'),(1377,71,'2014-02-02 00:00:00'),(1378,23,'2014-06-02 00:00:00'),(1379,12,'2013-11-09 00:00:00'),(1380,7,'2014-06-13 00:00:00'),(1381,24,'2014-06-20 00:00:00'),(1382,33,'2013-12-12 00:00:00'),(1383,37,'2013-11-29 00:00:00'),(1384,72,'2013-11-30 00:00:00'),(1385,15,'2014-03-31 00:00:00'),(1386,49,'2013-12-02 00:00:00'),(1387,16,'2014-01-12 00:00:00'),(1388,61,'2013-12-29 00:00:00'),(1389,14,'2014-07-12 00:00:00'),(1390,54,'2014-03-17 00:00:00'),(1391,56,'2014-03-16 00:00:00'),(1392,20,'2013-11-16 00:00:00'),(1393,5,'2014-03-07 00:00:00'),(1394,15,'2014-04-15 00:00:00'),(1395,13,'2014-01-22 00:00:00'),(1396,62,'2014-04-27 00:00:00'),(1397,50,'2014-06-08 00:00:00'),(1398,17,'2014-02-18 00:00:00'),(1399,44,'2014-04-28 00:00:00'),(1400,42,'2014-02-09 00:00:00'),(1401,7,'2014-04-23 00:00:00'),(1402,70,'2014-01-26 00:00:00'),(1403,4,'2013-11-19 00:00:00'),(1404,53,'2014-04-12 00:00:00'),(1405,40,'2014-04-23 00:00:00'),(1406,26,'2014-01-06 00:00:00'),(1407,72,'2013-12-09 00:00:00'),(1408,10,'2014-03-01 00:00:00'),(1409,48,'2013-12-16 00:00:00'),(1410,14,'2014-02-14 00:00:00'),(1411,74,'2014-02-21 00:00:00'),(1412,58,'2014-04-05 00:00:00'),(1413,12,'2014-06-06 00:00:00'),(1414,45,'2014-05-19 00:00:00'),(1415,8,'2014-06-17 00:00:00'),(1416,66,'2013-11-09 00:00:00'),(1417,18,'2014-03-19 00:00:00'),(1418,74,'2014-02-14 00:00:00'),(1419,47,'2014-05-07 00:00:00'),(1420,49,'2014-03-12 00:00:00'),(1421,26,'2014-05-08 00:00:00'),(1422,33,'2013-11-25 00:00:00'),(1423,32,'2014-07-05 00:00:00'),(1424,6,'2014-05-23 00:00:00'),(1425,8,'2014-03-20 00:00:00'),(1426,1,'2013-12-01 00:00:00'),(1427,14,'2014-03-20 00:00:00'),(1428,29,'2014-05-21 00:00:00'),(1429,12,'2013-12-13 00:00:00'),(1430,23,'2014-05-02 00:00:00'),(1431,56,'2014-01-11 00:00:00'),(1432,49,'2014-01-08 00:00:00'),(1433,28,'2014-01-12 00:00:00'),(1434,62,'2014-03-23 00:00:00'),(1435,12,'2013-11-20 00:00:00'),(1436,52,'2014-05-17 00:00:00'),(1437,63,'2014-02-05 00:00:00'),(1438,9,'2014-03-28 00:00:00'),(1439,67,'2013-11-10 00:00:00'),(1440,37,'2014-01-23 00:00:00'),(1441,12,'2014-05-06 00:00:00'),(1442,50,'2014-02-25 00:00:00'),(1443,14,'2014-05-23 00:00:00'),(1444,2,'2014-03-15 00:00:00'),(1445,42,'2014-07-14 00:00:00'),(1446,6,'2014-05-12 00:00:00'),(1447,51,'2013-12-01 00:00:00'),(1448,33,'2014-05-08 00:00:00'),(1449,20,'2014-04-27 00:00:00'),(1450,5,'2013-11-26 00:00:00'),(1451,36,'2014-03-10 00:00:00'),(1452,37,'2014-01-27 00:00:00'),(1453,17,'2014-05-07 00:00:00'),(1454,76,'2014-06-04 00:00:00'),(1455,55,'2014-04-10 00:00:00'),(1456,19,'2014-01-29 00:00:00'),(1457,60,'2014-01-20 00:00:00'),(1458,74,'2014-06-07 00:00:00'),(1459,75,'2014-01-01 00:00:00'),(1460,38,'2014-02-13 00:00:00'),(1461,27,'2013-12-18 00:00:00'),(1462,1,'2013-12-10 00:00:00'),(1463,16,'2013-11-16 00:00:00'),(1464,19,'2014-07-10 00:00:00'),(1465,21,'2014-03-11 00:00:00'),(1466,61,'2014-06-05 00:00:00'),(1467,74,'2014-03-07 00:00:00'),(1468,59,'2014-05-28 00:00:00'),(1469,74,'2014-04-02 00:00:00'),(1470,53,'2014-03-29 00:00:00'),(1471,45,'2014-01-04 00:00:00'),(1472,1,'2014-06-20 00:00:00'),(1473,43,'2014-07-11 00:00:00'),(1474,49,'2014-04-18 00:00:00'),(1475,12,'2014-02-23 00:00:00'),(1476,31,'2014-05-03 00:00:00'),(1477,24,'2014-04-09 00:00:00'),(1478,74,'2014-01-01 00:00:00'),(1479,27,'2014-03-30 00:00:00'),(1480,22,'2014-04-29 00:00:00'),(1481,54,'2014-03-08 00:00:00'),(1482,56,'2013-12-14 00:00:00'),(1483,24,'2014-04-26 00:00:00'),(1484,45,'2013-12-06 00:00:00'),(1485,45,'2014-01-24 00:00:00'),(1486,12,'2014-03-22 00:00:00'),(1487,33,'2014-01-21 00:00:00'),(1488,16,'2014-03-12 00:00:00'),(1489,18,'2014-06-27 00:00:00'),(1490,38,'2014-04-08 00:00:00'),(1491,70,'2014-02-20 00:00:00'),(1492,74,'2014-06-21 00:00:00'),(1493,5,'2014-07-15 00:00:00'),(1494,34,'2014-02-24 00:00:00'),(1495,6,'2014-05-15 00:00:00'),(1496,16,'2014-02-10 00:00:00'),(1497,64,'2014-02-21 00:00:00'),(1498,32,'2014-05-05 00:00:00'),(1499,50,'2014-03-21 00:00:00'),(1500,28,'2014-01-24 00:00:00'),(1501,27,'2014-04-30 00:00:00'),(1502,46,'2014-02-19 00:00:00'),(1503,75,'2013-12-31 00:00:00'),(1504,34,'2013-11-28 00:00:00'),(1505,33,'2014-05-24 00:00:00'),(1506,71,'2014-05-22 00:00:00'),(1507,35,'2014-03-04 00:00:00'),(1508,52,'2014-07-04 00:00:00'),(1509,48,'2013-11-09 00:00:00'),(1510,67,'2014-03-21 00:00:00'),(1511,51,'2014-03-11 00:00:00'),(1512,79,'2014-06-17 00:00:00'),(1513,73,'2013-12-06 00:00:00'),(1514,78,'2014-01-09 00:00:00'),(1515,78,'2014-03-21 00:00:00'),(1516,71,'2014-02-15 00:00:00'),(1517,73,'2013-11-16 00:00:00'),(1518,30,'2014-01-17 00:00:00'),(1519,7,'2014-05-23 00:00:00'),(1520,53,'2014-05-12 00:00:00'),(1521,32,'2014-06-05 00:00:00'),(1522,19,'2014-03-14 00:00:00'),(1523,21,'2013-11-13 00:00:00'),(1524,9,'2013-11-09 00:00:00'),(1525,8,'2014-02-10 00:00:00'),(1526,59,'2014-07-10 00:00:00'),(1527,34,'2014-01-15 00:00:00'),(1528,67,'2014-05-02 00:00:00'),(1529,76,'2013-12-07 00:00:00'),(1530,66,'2014-05-09 00:00:00'),(1531,63,'2014-06-26 00:00:00'),(1532,77,'2013-11-14 00:00:00'),(1533,6,'2014-01-02 00:00:00'),(1534,47,'2014-05-09 00:00:00'),(1535,72,'2014-02-06 00:00:00'),(1536,42,'2014-02-05 00:00:00'),(1537,31,'2014-06-22 00:00:00'),(1538,57,'2014-01-29 00:00:00'),(1539,56,'2014-06-14 00:00:00'),(1540,66,'2014-06-02 00:00:00'),(1541,39,'2014-03-14 00:00:00'),(1542,71,'2014-04-26 00:00:00'),(1543,13,'2013-11-19 00:00:00'),(1544,77,'2014-01-10 00:00:00'),(1545,49,'2014-03-08 00:00:00'),(1546,33,'2014-02-01 00:00:00'),(1547,80,'2014-04-27 00:00:00'),(1548,25,'2014-04-01 00:00:00'),(1549,16,'2013-12-17 00:00:00'),(1550,78,'2014-02-20 00:00:00'),(1551,37,'2014-06-06 00:00:00'),(1552,30,'2014-05-09 00:00:00'),(1553,44,'2013-11-13 00:00:00'),(1554,35,'2014-03-25 00:00:00'),(1555,29,'2014-06-26 00:00:00'),(1556,3,'2014-05-31 00:00:00'),(1557,47,'2014-07-07 00:00:00'),(1558,42,'2014-01-27 00:00:00'),(1559,69,'2014-06-11 00:00:00'),(1560,79,'2014-04-01 00:00:00'),(1561,51,'2013-11-11 00:00:00'),(1562,72,'2014-05-12 00:00:00'),(1563,32,'2014-05-18 00:00:00'),(1564,43,'2014-05-03 00:00:00'),(1565,63,'2014-02-18 00:00:00'),(1566,42,'2013-12-03 00:00:00'),(1567,62,'2013-12-14 00:00:00'),(1568,31,'2014-03-12 00:00:00'),(1569,70,'2014-07-01 00:00:00'),(1570,43,'2014-04-19 00:00:00'),(1571,80,'2014-01-09 00:00:00'),(1572,41,'2014-02-20 00:00:00'),(1573,23,'2013-12-18 00:00:00'),(1574,31,'2014-02-13 00:00:00'),(1575,80,'2014-01-02 00:00:00'),(1576,67,'2014-01-28 00:00:00'),(1577,7,'2014-03-10 00:00:00'),(1578,76,'2013-12-13 00:00:00'),(1579,46,'2014-01-19 00:00:00'),(1580,34,'2014-06-14 00:00:00'),(1581,40,'2014-02-24 00:00:00'),(1582,16,'2014-03-28 00:00:00'),(1583,23,'2014-04-04 00:00:00'),(1584,75,'2014-03-19 00:00:00'),(1585,60,'2014-04-03 00:00:00'),(1586,55,'2014-05-25 00:00:00'),(1587,36,'2014-06-28 00:00:00'),(1588,57,'2013-11-13 00:00:00'),(1589,11,'2014-04-29 00:00:00'),(1590,54,'2014-06-09 00:00:00'),(1591,26,'2014-03-27 00:00:00'),(1592,26,'2013-11-13 00:00:00'),(1593,65,'2014-05-17 00:00:00'),(1594,4,'2013-11-28 00:00:00'),(1595,25,'2013-11-30 00:00:00'),(1596,11,'2013-12-26 00:00:00'),(1597,7,'2013-12-24 00:00:00'),(1598,18,'2014-01-27 00:00:00'),(1599,39,'2014-07-13 00:00:00'),(1600,16,'2014-07-02 00:00:00'),(1601,74,'2014-03-19 00:00:00'),(1602,51,'2014-02-13 00:00:00'),(1603,77,'2013-12-11 00:00:00'),(1604,79,'2014-02-03 00:00:00'),(1605,17,'2014-06-17 00:00:00'),(1606,65,'2013-12-07 00:00:00'),(1607,17,'2013-12-26 00:00:00'),(1608,71,'2014-06-07 00:00:00'),(1609,13,'2014-06-11 00:00:00'),(1610,49,'2014-06-10 00:00:00'),(1611,68,'2014-01-28 00:00:00'),(1612,73,'2014-06-29 00:00:00'),(1613,69,'2014-04-05 00:00:00'),(1614,76,'2014-04-27 00:00:00'),(1615,66,'2014-07-14 00:00:00'),(1616,55,'2014-03-22 00:00:00'),(1617,13,'2014-02-05 00:00:00'),(1618,46,'2014-05-04 00:00:00'),(1619,80,'2014-06-02 00:00:00'),(1620,55,'2013-11-26 00:00:00'),(1621,20,'2014-01-14 00:00:00'),(1622,55,'2013-11-30 00:00:00'),(1623,32,'2014-02-17 00:00:00'),(1624,7,'2014-02-28 00:00:00'),(1625,66,'2014-04-09 00:00:00'),(1626,62,'2014-06-09 00:00:00'),(1627,67,'2014-06-29 00:00:00'),(1628,41,'2013-12-07 00:00:00'),(1629,1,'2014-06-12 00:00:00'),(1630,55,'2014-01-21 00:00:00'),(1631,42,'2014-03-30 00:00:00'),(1632,37,'2013-12-18 00:00:00'),(1633,42,'2014-01-02 00:00:00'),(1634,78,'2014-01-03 00:00:00'),(1635,66,'2014-04-20 00:00:00'),(1636,77,'2014-05-16 00:00:00'),(1637,37,'2014-06-08 00:00:00'),(1638,32,'2013-12-16 00:00:00'),(1639,25,'2014-06-03 00:00:00'),(1640,47,'2014-01-19 00:00:00'),(1641,67,'2013-11-30 00:00:00'),(1642,25,'2014-03-30 00:00:00'),(1643,30,'2014-04-08 00:00:00'),(1644,29,'2013-12-17 00:00:00'),(1645,36,'2014-06-01 00:00:00'),(1646,75,'2013-12-26 00:00:00'),(1647,67,'2014-06-05 00:00:00'),(1648,32,'2014-07-06 00:00:00'),(1649,37,'2014-04-01 00:00:00'),(1650,74,'2014-06-03 00:00:00'),(1651,18,'2014-07-16 00:00:00'),(1652,44,'2014-05-02 00:00:00'),(1653,17,'2014-07-13 00:00:00'),(1654,19,'2013-12-20 00:00:00'),(1655,5,'2013-12-02 00:00:00'),(1656,66,'2014-05-11 00:00:00'),(1657,56,'2014-04-30 00:00:00'),(1658,51,'2014-06-16 00:00:00'),(1659,43,'2013-11-14 00:00:00'),(1660,9,'2014-06-10 00:00:00'),(1661,10,'2014-03-03 00:00:00'),(1662,15,'2013-12-09 00:00:00'),(1663,68,'2014-02-22 00:00:00'),(1664,50,'2013-11-20 00:00:00'),(1665,71,'2014-02-20 00:00:00'),(1666,48,'2013-12-12 00:00:00'),(1667,26,'2013-11-12 00:00:00'),(1668,15,'2013-11-30 00:00:00'),(1669,31,'2013-12-05 00:00:00'),(1670,29,'2014-03-10 00:00:00'),(1671,27,'2014-05-19 00:00:00'),(1672,51,'2014-01-31 00:00:00'),(1673,76,'2014-06-09 00:00:00'),(1674,5,'2014-04-13 00:00:00'),(1675,11,'2014-02-13 00:00:00'),(1676,69,'2013-11-20 00:00:00'),(1677,69,'2014-05-28 00:00:00'),(1678,25,'2013-12-20 00:00:00'),(1679,79,'2014-06-23 00:00:00'),(1680,9,'2014-01-28 00:00:00'),(1681,70,'2014-03-19 00:00:00'),(1682,42,'2014-05-08 00:00:00'),(1683,24,'2014-06-02 00:00:00'),(1684,43,'2014-01-17 00:00:00'),(1685,69,'2014-05-17 00:00:00'),(1686,28,'2014-04-25 00:00:00'),(1687,13,'2014-02-06 00:00:00'),(1688,43,'2014-07-11 00:00:00'),(1689,31,'2014-06-14 00:00:00'),(1690,8,'2014-05-23 00:00:00'),(1691,4,'2014-01-27 00:00:00'),(1692,79,'2014-01-04 00:00:00'),(1693,49,'2014-02-26 00:00:00'),(1694,27,'2014-07-04 00:00:00'),(1695,41,'2014-04-27 00:00:00'),(1696,55,'2014-04-30 00:00:00'),(1697,76,'2014-01-23 00:00:00'),(1698,70,'2014-02-01 00:00:00'),(1699,73,'2014-05-03 00:00:00'),(1700,38,'2014-07-16 00:00:00'),(1701,16,'2014-05-25 00:00:00'),(1702,59,'2014-02-20 00:00:00'),(1703,28,'2014-02-03 00:00:00'),(1704,75,'2014-01-27 00:00:00'),(1705,13,'2014-03-04 00:00:00'),(1706,78,'2014-02-05 00:00:00'),(1707,44,'2014-07-11 00:00:00'),(1708,20,'2014-05-16 00:00:00'),(1709,72,'2014-04-05 00:00:00'),(1710,74,'2014-05-18 00:00:00'),(1711,32,'2014-04-12 00:00:00'),(1712,27,'2013-12-19 00:00:00'),(1713,37,'2013-12-01 00:00:00'),(1714,14,'2013-11-25 00:00:00'),(1715,43,'2014-04-17 00:00:00'),(1716,12,'2014-05-23 00:00:00'),(1717,40,'2013-11-09 00:00:00'),(1718,54,'2014-05-01 00:00:00'),(1719,72,'2014-06-26 00:00:00'),(1720,44,'2014-02-25 00:00:00'),(1721,76,'2014-02-25 00:00:00'),(1722,80,'2014-02-09 00:00:00'),(1723,23,'2014-06-05 00:00:00'),(1724,38,'2014-04-19 00:00:00'),(1725,36,'2014-03-12 00:00:00'),(1726,2,'2014-01-29 00:00:00'),(1727,24,'2014-01-18 00:00:00'),(1728,49,'2013-11-23 00:00:00'),(1729,30,'2013-12-13 00:00:00'),(1730,42,'2014-06-13 00:00:00'),(1731,11,'2013-12-27 00:00:00'),(1732,47,'2014-02-04 00:00:00'),(1733,73,'2013-11-24 00:00:00'),(1734,2,'2014-02-13 00:00:00'),(1735,33,'2013-11-18 00:00:00'),(1736,7,'2014-02-16 00:00:00'),(1737,17,'2014-05-09 00:00:00'),(1738,61,'2014-02-07 00:00:00'),(1739,74,'2014-04-18 00:00:00'),(1740,12,'2014-02-15 00:00:00'),(1741,4,'2014-01-08 00:00:00'),(1742,36,'2014-06-15 00:00:00'),(1743,26,'2014-07-01 00:00:00'),(1744,15,'2014-04-29 00:00:00'),(1745,70,'2014-05-28 00:00:00'),(1746,26,'2014-04-22 00:00:00'),(1747,23,'2014-01-12 00:00:00'),(1748,46,'2014-05-03 00:00:00'),(1749,62,'2013-11-29 00:00:00'),(1750,71,'2014-06-07 00:00:00'),(1751,25,'2014-05-02 00:00:00'),(1752,76,'2014-07-17 00:00:00'),(1753,30,'2014-03-06 00:00:00'),(1754,77,'2014-02-17 00:00:00'),(1755,43,'2014-01-29 00:00:00'),(1756,72,'2013-12-04 00:00:00'),(1757,25,'2013-12-22 00:00:00'),(1758,68,'2014-05-25 00:00:00'),(1759,78,'2014-02-27 00:00:00'),(1760,53,'2014-01-25 00:00:00'),(1761,34,'2014-05-16 00:00:00'),(1762,75,'2014-03-05 00:00:00'),(1763,65,'2013-12-15 00:00:00'),(1764,42,'2014-05-11 00:00:00'),(1765,61,'2013-12-16 00:00:00'),(1766,13,'2013-12-28 00:00:00'),(1767,54,'2014-04-12 00:00:00'),(1768,50,'2014-04-13 00:00:00'),(1769,37,'2014-01-25 00:00:00'),(1770,60,'2013-12-09 00:00:00'),(1771,75,'2014-06-23 00:00:00'),(1772,46,'2014-04-27 00:00:00'),(1773,79,'2014-06-04 00:00:00'),(1774,52,'2013-12-03 00:00:00'),(1775,60,'2014-07-12 00:00:00'),(1776,21,'2013-11-29 00:00:00'),(1777,14,'2014-06-05 00:00:00'),(1778,80,'2014-02-01 00:00:00'),(1779,36,'2014-02-05 00:00:00'),(1780,33,'2014-01-16 00:00:00'),(1781,32,'2014-03-02 00:00:00'),(1782,59,'2013-12-17 00:00:00'),(1783,73,'2014-01-31 00:00:00'),(1784,28,'2013-11-13 00:00:00'),(1785,48,'2014-07-04 00:00:00'),(1786,45,'2014-03-01 00:00:00'),(1787,50,'2014-02-04 00:00:00'),(1788,4,'2014-01-06 00:00:00'),(1789,66,'2014-03-30 00:00:00'),(1790,6,'2014-06-24 00:00:00'),(1791,17,'2014-07-17 00:00:00'),(1792,80,'2014-02-04 00:00:00'),(1793,12,'2014-02-12 00:00:00'),(1794,80,'2014-01-09 00:00:00'),(1795,54,'2014-02-18 00:00:00'),(1796,43,'2013-12-17 00:00:00'),(1797,40,'2014-02-16 00:00:00'),(1798,2,'2014-01-31 00:00:00'),(1799,56,'2014-06-22 00:00:00'),(1800,62,'2013-11-23 00:00:00'),(1801,16,'2014-02-21 00:00:00'),(1802,33,'2014-06-15 00:00:00'),(1803,46,'2013-12-23 00:00:00'),(1804,52,'2014-03-04 00:00:00'),(1805,22,'2014-04-18 00:00:00'),(1806,19,'2014-05-26 00:00:00'),(1807,72,'2014-02-05 00:00:00'),(1808,9,'2013-12-30 00:00:00'),(1809,8,'2014-06-04 00:00:00'),(1810,55,'2014-06-14 00:00:00'),(1811,54,'2014-01-11 00:00:00'),(1812,17,'2013-11-18 00:00:00'),(1813,60,'2014-05-08 00:00:00'),(1814,69,'2014-06-22 00:00:00'),(1815,74,'2014-04-13 00:00:00'),(1816,56,'2014-04-11 00:00:00'),(1817,17,'2013-11-14 00:00:00'),(1818,61,'2013-12-03 00:00:00'),(1819,4,'2014-02-19 00:00:00'),(1820,63,'2014-03-19 00:00:00'),(1821,12,'2014-06-29 00:00:00'),(1822,19,'2013-11-14 00:00:00'),(1823,60,'2014-04-29 00:00:00'),(1824,16,'2014-04-13 00:00:00'),(1825,67,'2013-12-16 00:00:00'),(1826,39,'2014-06-12 00:00:00'),(1827,17,'2014-01-29 00:00:00'),(1828,42,'2014-06-19 00:00:00'),(1829,23,'2013-12-10 00:00:00'),(1830,28,'2014-04-20 00:00:00'),(1831,38,'2014-07-13 00:00:00'),(1832,47,'2013-12-12 00:00:00'),(1833,10,'2014-01-03 00:00:00'),(1834,16,'2013-12-08 00:00:00'),(1835,14,'2013-12-03 00:00:00'),(1836,76,'2014-06-25 00:00:00'),(1837,20,'2013-12-03 00:00:00'),(1838,11,'2014-02-24 00:00:00'),(1839,47,'2014-06-04 00:00:00'),(1840,25,'2014-04-08 00:00:00'),(1841,12,'2014-07-02 00:00:00'),(1842,65,'2014-06-24 00:00:00'),(1843,73,'2013-11-16 00:00:00'),(1844,51,'2014-05-02 00:00:00'),(1845,51,'2014-03-03 00:00:00'),(1846,34,'2014-01-30 00:00:00'),(1847,8,'2014-07-05 00:00:00'),(1848,21,'2014-01-19 00:00:00'),(1849,38,'2014-06-26 00:00:00'),(1850,57,'2014-02-25 00:00:00'),(1851,1,'2014-06-18 00:00:00'),(1852,60,'2014-03-26 00:00:00'),(1853,1,'2014-02-04 00:00:00'),(1854,79,'2014-05-21 00:00:00'),(1855,19,'2014-02-10 00:00:00'),(1856,76,'2014-05-04 00:00:00'),(1857,55,'2014-03-17 00:00:00'),(1858,50,'2013-12-17 00:00:00'),(1859,16,'2014-03-28 00:00:00'),(1860,30,'2013-11-28 00:00:00'),(1861,25,'2014-06-26 00:00:00'),(1862,42,'2014-07-02 00:00:00'),(1863,76,'2014-07-01 00:00:00'),(1864,18,'2014-04-20 00:00:00'),(1865,7,'2014-02-27 00:00:00'),(1866,28,'2014-01-26 00:00:00'),(1867,47,'2013-11-10 00:00:00'),(1868,74,'2014-07-04 00:00:00'),(1869,74,'2014-01-12 00:00:00'),(1870,52,'2014-03-29 00:00:00'),(1871,52,'2014-01-01 00:00:00'),(1872,30,'2014-05-05 00:00:00'),(1873,11,'2014-06-16 00:00:00'),(1874,70,'2014-07-05 00:00:00'),(1875,31,'2014-02-15 00:00:00'),(1876,18,'2014-03-03 00:00:00'),(1877,10,'2014-03-05 00:00:00'),(1878,36,'2013-12-16 00:00:00'),(1879,59,'2014-07-13 00:00:00'),(1880,80,'2014-01-05 00:00:00'),(1881,56,'2013-12-19 00:00:00'),(1882,23,'2014-07-11 00:00:00'),(1883,53,'2014-01-25 00:00:00'),(1884,26,'2013-11-13 00:00:00'),(1885,44,'2014-05-05 00:00:00'),(1886,29,'2013-12-02 00:00:00'),(1887,32,'2014-05-21 00:00:00'),(1888,40,'2013-11-16 00:00:00'),(1889,72,'2014-07-01 00:00:00'),(1890,32,'2013-11-09 00:00:00'),(1891,43,'2014-03-31 00:00:00'),(1892,37,'2014-07-02 00:00:00'),(1893,77,'2013-11-12 00:00:00'),(1894,23,'2013-12-06 00:00:00'),(1895,21,'2014-04-10 00:00:00'),(1896,63,'2014-03-02 00:00:00'),(1897,40,'2014-04-13 00:00:00'),(1898,57,'2014-03-10 00:00:00'),(1899,22,'2014-04-10 00:00:00'),(1900,2,'2014-07-16 00:00:00'),(1901,66,'2014-04-16 00:00:00'),(1902,54,'2014-07-09 00:00:00'),(1903,62,'2014-02-20 00:00:00'),(1904,7,'2014-02-06 00:00:00'),(1905,25,'2013-11-18 00:00:00'),(1906,1,'2014-07-01 00:00:00'),(1907,44,'2014-06-21 00:00:00'),(1908,30,'2014-02-17 00:00:00'),(1909,30,'2014-02-03 00:00:00'),(1910,70,'2014-03-28 00:00:00'),(1911,77,'2014-01-03 00:00:00'),(1912,38,'2013-12-02 00:00:00'),(1913,31,'2014-04-13 00:00:00'),(1914,35,'2014-05-15 00:00:00'),(1915,6,'2014-06-22 00:00:00'),(1916,78,'2014-01-13 00:00:00'),(1917,69,'2014-06-16 00:00:00'),(1918,14,'2014-02-21 00:00:00'),(1919,8,'2014-05-16 00:00:00'),(1920,57,'2014-01-29 00:00:00'),(1921,31,'2014-03-22 00:00:00'),(1922,51,'2013-11-15 00:00:00'),(1923,80,'2014-05-29 00:00:00'),(1924,25,'2014-06-07 00:00:00'),(1925,27,'2014-05-24 00:00:00'),(1926,4,'2014-05-05 00:00:00'),(1927,2,'2014-04-12 00:00:00'),(1928,45,'2014-01-20 00:00:00'),(1929,64,'2014-04-01 00:00:00'),(1930,72,'2014-03-13 00:00:00'),(1931,14,'2014-04-28 00:00:00'),(1932,17,'2014-07-05 00:00:00'),(1933,55,'2014-02-25 00:00:00'),(1934,27,'2014-05-05 00:00:00'),(1935,17,'2014-04-09 00:00:00'),(1936,36,'2013-12-25 00:00:00'),(1937,8,'2014-04-20 00:00:00'),(1938,73,'2014-02-24 00:00:00'),(1939,77,'2014-04-17 00:00:00'),(1940,78,'2013-12-12 00:00:00'),(1941,26,'2014-05-04 00:00:00'),(1942,70,'2013-11-11 00:00:00'),(1943,16,'2014-04-26 00:00:00'),(1944,52,'2014-04-30 00:00:00'),(1945,80,'2014-05-14 00:00:00'),(1946,13,'2014-06-07 00:00:00'),(1947,64,'2014-06-24 00:00:00'),(1948,66,'2014-06-02 00:00:00'),(1949,69,'2014-03-27 00:00:00'),(1950,7,'2014-01-29 00:00:00'),(1951,63,'2013-12-09 00:00:00'),(1952,7,'2014-02-04 00:00:00'),(1953,14,'2014-05-12 00:00:00'),(1954,34,'2014-03-04 00:00:00'),(1955,55,'2014-07-15 00:00:00'),(1956,14,'2014-06-18 00:00:00'),(1957,22,'2014-02-02 00:00:00'),(1958,6,'2014-04-06 00:00:00'),(1959,15,'2013-12-04 00:00:00'),(1960,48,'2014-03-10 00:00:00'),(1961,36,'2014-04-05 00:00:00'),(1962,43,'2014-03-28 00:00:00'),(1963,72,'2013-11-28 00:00:00'),(1964,55,'2014-05-31 00:00:00'),(1965,32,'2014-03-27 00:00:00'),(1966,50,'2014-04-09 00:00:00'),(1967,38,'2014-05-28 00:00:00'),(1968,25,'2014-04-06 00:00:00'),(1969,44,'2014-03-06 00:00:00'),(1970,50,'2013-12-15 00:00:00'),(1971,8,'2014-05-28 00:00:00'),(1972,17,'2014-05-24 00:00:00'),(1973,74,'2013-11-10 00:00:00'),(1974,75,'2014-04-11 00:00:00'),(1975,18,'2014-06-02 00:00:00'),(1976,55,'2013-12-03 00:00:00'),(1977,70,'2014-03-05 00:00:00'),(1978,15,'2013-12-25 00:00:00'),(1979,40,'2013-11-18 00:00:00'),(1980,65,'2013-11-25 00:00:00'),(1981,27,'2014-04-12 00:00:00'),(1982,29,'2013-11-27 00:00:00'),(1983,79,'2014-05-16 00:00:00'),(1984,74,'2014-06-15 00:00:00'),(1985,22,'2014-02-25 00:00:00'),(1986,26,'2014-06-22 00:00:00'),(1987,36,'2014-01-05 00:00:00'),(1988,70,'2013-11-16 00:00:00'),(1989,33,'2014-04-01 00:00:00'),(1990,44,'2014-04-13 00:00:00'),(1991,15,'2014-03-24 00:00:00'),(1992,31,'2013-12-17 00:00:00'),(1993,68,'2013-11-19 00:00:00'),(1994,32,'2014-02-11 00:00:00'),(1995,23,'2014-06-27 00:00:00'),(1996,27,'2013-12-22 00:00:00'),(1997,7,'2014-05-09 00:00:00'),(1998,12,'2014-03-08 00:00:00'),(1999,80,'2014-01-21 00:00:00'),(2000,68,'2014-01-24 00:00:00'),(2001,5,'2014-01-01 00:00:00'),(2002,30,'2013-12-17 00:00:00'),(2003,56,'2013-12-24 00:00:00'),(2004,77,'2014-03-28 00:00:00'),(2005,71,'2014-01-17 00:00:00'),(2006,44,'2014-01-03 00:00:00'),(2007,3,'2014-05-08 00:00:00'),(2008,74,'2013-12-14 00:00:00'),(2009,54,'2014-03-25 00:00:00'),(2010,12,'2014-01-30 00:00:00'),(2011,62,'2014-02-11 00:00:00'),(2012,65,'2014-02-22 00:00:00'),(2013,41,'2014-03-16 00:00:00'),(2014,80,'2013-12-18 00:00:00'),(2015,46,'2014-06-09 00:00:00'),(2016,28,'2013-11-15 00:00:00'),(2017,73,'2014-02-15 00:00:00'),(2018,6,'2014-07-04 00:00:00'),(2019,3,'2014-02-03 00:00:00'),(2020,59,'2014-01-30 00:00:00'),(2021,35,'2013-12-25 00:00:00'),(2022,71,'2014-01-26 00:00:00'),(2023,7,'2014-05-25 00:00:00'),(2024,32,'2014-05-08 00:00:00'),(2025,13,'2014-03-25 00:00:00'),(2026,27,'2014-04-13 00:00:00'),(2027,74,'2014-05-27 00:00:00'),(2028,77,'2014-06-19 00:00:00'),(2029,25,'2014-03-30 00:00:00'),(2030,63,'2014-02-09 00:00:00'),(2031,58,'2014-02-01 00:00:00'),(2032,57,'2014-05-31 00:00:00'),(2033,40,'2014-06-04 00:00:00'),(2034,80,'2013-11-23 00:00:00'),(2035,7,'2014-02-16 00:00:00'),(2036,47,'2014-01-20 00:00:00'),(2037,27,'2014-05-25 00:00:00'),(2038,74,'2013-11-16 00:00:00'),(2039,74,'2013-12-06 00:00:00'),(2040,61,'2013-12-07 00:00:00'),(2041,45,'2014-06-17 00:00:00'),(2042,70,'2014-03-31 00:00:00'),(2043,6,'2014-01-15 00:00:00'),(2044,44,'2014-01-25 00:00:00'),(2045,9,'2014-05-16 00:00:00'),(2046,69,'2014-04-04 00:00:00'),(2047,74,'2014-04-16 00:00:00'),(2048,75,'2014-02-01 00:00:00'),(2049,47,'2014-02-26 00:00:00'),(2050,7,'2014-01-24 00:00:00'),(2051,25,'2014-05-16 00:00:00'),(2052,4,'2013-12-04 00:00:00'),(2053,49,'2014-02-14 00:00:00'),(2054,78,'2014-04-25 00:00:00'),(2055,23,'2014-05-26 00:00:00'),(2056,47,'2014-04-01 00:00:00'),(2057,29,'2013-12-26 00:00:00'),(2058,30,'2014-06-08 00:00:00'),(2059,70,'2014-05-22 00:00:00'),(2060,27,'2014-03-21 00:00:00'),(2061,5,'2013-11-30 00:00:00'),(2062,13,'2014-05-19 00:00:00'),(2063,13,'2013-12-23 00:00:00'),(2064,28,'2014-02-06 00:00:00'),(2065,51,'2014-06-08 00:00:00'),(2066,3,'2014-06-13 00:00:00'),(2067,39,'2014-06-04 00:00:00'),(2068,33,'2014-05-01 00:00:00'),(2069,9,'2013-12-16 00:00:00'),(2070,64,'2014-06-29 00:00:00'),(2071,27,'2014-06-15 00:00:00'),(2072,69,'2013-12-15 00:00:00'),(2073,29,'2014-01-17 00:00:00'),(2074,9,'2014-06-29 00:00:00'),(2075,45,'2014-04-24 00:00:00'),(2076,72,'2014-02-13 00:00:00'),(2077,31,'2014-06-28 00:00:00'),(2078,70,'2014-07-12 00:00:00'),(2079,5,'2014-06-02 00:00:00'),(2080,56,'2014-02-16 00:00:00'),(2081,60,'2014-05-02 00:00:00'),(2082,44,'2013-11-22 00:00:00'),(2083,74,'2013-11-12 00:00:00'),(2084,19,'2013-12-15 00:00:00'),(2085,69,'2014-01-31 00:00:00'),(2086,8,'2014-03-23 00:00:00'),(2087,73,'2014-02-11 00:00:00'),(2088,53,'2014-03-26 00:00:00'),(2089,59,'2014-03-23 00:00:00'),(2090,7,'2014-05-26 00:00:00'),(2091,7,'2014-01-22 00:00:00'),(2092,79,'2014-05-20 00:00:00'),(2093,69,'2014-04-15 00:00:00'),(2094,63,'2014-02-22 00:00:00'),(2095,16,'2014-04-24 00:00:00'),(2096,9,'2014-01-23 00:00:00'),(2097,1,'2014-03-16 00:00:00'),(2098,58,'2014-04-25 00:00:00'),(2099,44,'2014-07-15 00:00:00'),(2100,12,'2013-12-08 00:00:00'),(2101,2,'2014-07-09 00:00:00'),(2102,6,'2014-04-26 00:00:00'),(2103,75,'2014-03-06 00:00:00'),(2104,69,'2014-03-16 00:00:00'),(2105,53,'2013-11-29 00:00:00'),(2106,3,'2014-07-03 00:00:00'),(2107,66,'2014-01-30 00:00:00'),(2108,19,'2013-12-03 00:00:00'),(2109,68,'2014-03-24 00:00:00'),(2110,76,'2014-03-28 00:00:00'),(2111,38,'2014-05-04 00:00:00'),(2112,40,'2014-06-10 00:00:00'),(2113,49,'2014-05-28 00:00:00'),(2114,50,'2014-07-04 00:00:00'),(2115,77,'2014-07-10 00:00:00'),(2116,67,'2013-12-23 00:00:00'),(2117,35,'2014-01-01 00:00:00'),(2118,29,'2014-01-07 00:00:00'),(2119,13,'2014-03-31 00:00:00'),(2120,59,'2014-02-13 00:00:00'),(2121,48,'2014-01-23 00:00:00'),(2122,20,'2014-05-13 00:00:00'),(2123,7,'2014-04-04 00:00:00'),(2124,2,'2014-05-24 00:00:00');
/*!40000 ALTER TABLE `item` ENABLE KEYS */;
UNLOCK TABLES;

--
-- Table structure for table `marcacao`
--

DROP TABLE IF EXISTS `marcacao`;
/*!40101 SET @saved_cs_client     = @@character_set_client */;
/*!40101 SET character_set_client = utf8 */;
CREATE TABLE `marcacao` (
  `id` int(11) NOT NULL AUTO_INCREMENT,
  `pessoa` int(11) NOT NULL,
  `evento` int(11) NOT NULL,
  `vai` int(11) NOT NULL,
  PRIMARY KEY (`id`),
  KEY `pessoa_index` (`pessoa`),
  KEY `evento_index` (`evento`),
  KEY `vai_index` (`vai`),
  CONSTRAINT `marcacao_ibfk_1` FOREIGN KEY (`pessoa`) REFERENCES `pessoa` (`id`),
  CONSTRAINT `marcacao_ibfk_2` FOREIGN KEY (`evento`) REFERENCES `evento` (`id`)
) ENGINE=InnoDB AUTO_INCREMENT=271 DEFAULT CHARSET=utf8;
/*!40101 SET character_set_client = @saved_cs_client */;

--
-- Dumping data for table `marcacao`
--

LOCK TABLES `marcacao` WRITE;
/*!40000 ALTER TABLE `marcacao` DISABLE KEYS */;
INSERT INTO `marcacao` VALUES (1,102,40,1),(2,52,154,0),(3,83,88,0),(4,117,33,0),(5,94,92,1),(6,22,114,1),(7,78,178,1),(8,2,97,1),(9,109,163,1),(10,20,114,0),(11,95,69,1),(12,92,37,1),(13,57,63,0),(14,76,63,1),(15,105,19,1),(16,40,108,0),(17,45,53,1),(18,35,67,1),(19,24,73,1),(20,6,170,1),(21,91,20,0),(22,54,33,0),(23,52,127,0),(24,57,106,1),(25,46,124,1),(26,84,142,0),(27,20,49,1),(28,61,79,0),(29,71,75,0),(30,25,80,1),(31,76,73,0),(32,95,133,1),(33,49,159,1),(34,13,14,0),(35,70,141,0),(36,93,21,0),(37,51,129,1),(38,70,115,1),(39,19,48,1),(40,99,17,1),(41,28,137,0),(42,112,167,0),(43,17,21,0),(44,26,54,0),(45,52,15,0),(46,53,80,1),(47,93,150,0),(48,51,1,1),(49,39,80,0),(50,14,122,1),(51,32,97,1),(52,23,92,0),(53,28,114,1),(54,108,63,0),(55,74,53,0),(56,105,44,1),(57,31,158,1),(58,35,98,1),(59,74,43,1),(60,49,59,1),(61,63,4,1),(62,26,156,1),(63,38,102,0),(64,74,93,0),(65,115,64,1),(66,101,59,1),(67,34,41,1),(68,1,120,1),(69,89,170,0),(70,98,169,0),(71,89,157,0),(72,32,107,0),(73,88,155,0),(74,26,48,1),(75,116,162,0),(76,38,43,0),(77,73,62,1),(78,52,25,1),(79,106,107,0),(80,86,46,0),(81,52,108,0),(82,3,3,0),(83,78,139,0),(84,32,26,1),(85,9,30,0),(86,90,83,0),(87,34,70,0),(88,116,32,1),(89,98,81,0),(90,36,61,0),(91,66,173,1),(92,44,75,0),(93,2,1,1),(94,106,2,1),(95,113,3,1),(96,51,4,1),(97,39,5,1),(98,59,6,1),(99,17,7,1),(100,25,8,1),(101,58,9,1),(102,13,10,1),(103,31,11,1),(104,24,12,1),(105,70,13,1),(106,97,14,1),(107,45,15,1),(108,60,16,1),(109,51,17,1),(110,8,18,1),(111,83,19,1),(112,60,20,1),(113,6,21,1),(114,27,22,1),(115,111,23,1),(116,107,24,1),(117,81,25,1),(118,92,26,1),(119,41,27,1),(120,45,28,1),(121,26,29,1),(122,11,30,1),(123,27,31,1),(124,80,32,1),(125,74,33,1),(126,72,34,1),(127,110,35,1),(128,93,36,1),(129,108,37,1),(130,31,38,1),(131,18,39,1),(132,56,40,1),(133,59,41,1),(134,48,42,1),(135,80,43,1),(136,24,44,1),(137,102,45,1),(138,25,46,1),(139,105,47,1),(140,112,48,1),(141,101,49,1),(142,72,50,1),(143,21,51,1),(144,67,52,1),(145,83,53,1),(146,2,54,1),(147,35,55,1),(148,38,56,1),(149,95,57,1),(150,102,58,1),(151,43,59,1),(152,110,60,1),(153,60,61,1),(154,91,62,1),(155,38,63,1),(156,102,64,1),(157,57,65,1),(158,50,66,1),(159,112,67,1),(160,63,68,1),(161,65,69,1),(162,54,70,1),(163,66,71,1),(164,72,72,1),(165,62,73,1),(166,118,74,1),(167,61,75,1),(168,1,76,1),(169,67,77,1),(170,20,78,1),(171,50,79,1),(172,36,80,1),(173,93,81,1),(174,62,82,1),(175,6,83,1),(176,20,84,1),(177,27,85,1),(178,54,86,1),(179,101,87,1),(180,20,88,1),(181,103,89,1),(182,75,90,1),(183,110,91,1),(184,96,92,1),(185,15,93,1),(186,70,94,1),(187,58,95,1),(188,36,96,1),(189,3,97,1),(190,82,98,1),(191,29,99,1),(192,37,100,1),(193,117,101,1),(194,54,102,1),(195,37,103,1),(196,18,104,1),(197,44,105,1),(198,36,106,1),(199,115,107,1),(200,117,108,1),(201,3,109,1),(202,78,110,1),(203,52,111,1),(204,21,112,1),(205,79,113,1),(206,68,114,1),(207,106,115,1),(208,88,116,1),(209,112,117,1),(210,78,118,1),(211,13,119,1),(212,41,120,1),(213,43,121,1),(214,105,122,1),(215,56,123,1),(216,2,124,1),(217,44,125,1),(218,59,126,1),(219,13,127,1),(220,100,128,1),(221,16,129,1),(222,73,130,1),(223,67,131,1),(224,66,132,1),(225,61,133,1),(226,39,134,1),(227,13,135,1),(228,21,136,1),(229,14,137,1),(230,100,138,1),(231,22,139,1),(232,32,140,1),(233,79,141,1),(234,41,142,1),(235,99,143,1),(236,80,144,1),(237,84,145,1),(238,90,146,1),(239,16,147,1),(240,49,148,1),(241,56,149,1),(242,51,150,1),(243,71,151,1),(244,95,152,1),(245,94,153,1),(246,72,154,1),(247,59,155,1),(248,43,156,1),(249,112,157,1),(250,20,158,1),(251,72,159,1),(252,5,160,1),(253,76,161,1),(254,8,162,1),(255,58,163,1),(256,10,164,1),(257,91,165,1),(258,13,166,1),(259,82,167,1),(260,66,168,1),(261,76,169,1),(262,81,170,1),(263,51,171,1),(264,87,172,1),(265,61,173,1),(266,56,174,1),(267,16,175,1),(268,103,176,1),(269,78,177,1),(270,89,178,1);
/*!40000 ALTER TABLE `marcacao` ENABLE KEYS */;
UNLOCK TABLES;

--
-- Table structure for table `orcamento`
--

DROP TABLE IF EXISTS `orcamento`;
/*!40101 SET @saved_cs_client     = @@character_set_client */;
/*!40101 SET character_set_client = utf8 */;
CREATE TABLE `orcamento` (
  `id` int(11) NOT NULL AUTO_INCREMENT,
  `tipoquarto` int(11) NOT NULL,
  `hotel` int(11) NOT NULL,
  `preco` double DEFAULT NULL,
  PRIMARY KEY (`id`),
  KEY `tipoquarto_index` (`tipoquarto`),
  KEY `hotel_index` (`hotel`),
  CONSTRAINT `orcamento_ibfk_1` FOREIGN KEY (`tipoquarto`) REFERENCES `tipoquarto` (`id`),
  CONSTRAINT `orcamento_ibfk_2` FOREIGN KEY (`hotel`) REFERENCES `hotel` (`id`)
) ENGINE=InnoDB AUTO_INCREMENT=31 DEFAULT CHARSET=utf8;
/*!40101 SET character_set_client = @saved_cs_client */;

--
-- Dumping data for table `orcamento`
--

LOCK TABLES `orcamento` WRITE;
/*!40000 ALTER TABLE `orcamento` DISABLE KEYS */;
INSERT INTO `orcamento` VALUES (1,4,3,374.82),(2,5,3,479.34),(3,1,6,90.41),(4,1,1,220.21),(5,3,3,225.84),(6,6,4,467.25),(7,6,3,432.93),(8,5,5,385.94),(9,2,6,116.53),(10,5,7,225.44),(11,1,7,309.42),(12,2,7,265.97),(13,6,2,394.71),(14,1,2,319.3),(15,6,8,174.91),(16,4,1,411.24),(17,5,8,360.69),(18,6,5,83.41),(19,2,5,190.76),(20,2,3,138.59),(21,3,4,292.64),(22,1,8,127.55),(23,3,6,280.86),(24,5,2,202.61),(25,5,6,439.05),(26,3,7,266.78),(27,2,8,460.84),(28,6,1,163.78),(29,2,2,104.91),(30,6,7,111.34);
/*!40000 ALTER TABLE `orcamento` ENABLE KEYS */;
UNLOCK TABLES;

--
-- Table structure for table `pacote`
--

DROP TABLE IF EXISTS `pacote`;
/*!40101 SET @saved_cs_client     = @@character_set_client */;
/*!40101 SET character_set_client = utf8 */;
CREATE TABLE `pacote` (
  `codigo` int(11) NOT NULL AUTO_INCREMENT,
  `vooIda` int(11) DEFAULT NULL,
  `vooVolta` int(11) DEFAULT NULL,
  `hotel` int(11) DEFAULT NULL,
  `DataInicio` date DEFAULT NULL,
  `valor` float DEFAULT NULL,
  `imagem` varchar(45) DEFAULT NULL,
  `DataFim` date DEFAULT NULL,
  `descricao` varchar(145) DEFAULT NULL,
  PRIMARY KEY (`codigo`),
  KEY `vooIda` (`vooIda`),
  KEY `vooVolta` (`vooVolta`),
  KEY `hotel` (`hotel`),
  CONSTRAINT `pacote_ibfk_1` FOREIGN KEY (`vooIda`) REFERENCES `voo` (`id`),
  CONSTRAINT `pacote_ibfk_2` FOREIGN KEY (`vooVolta`) REFERENCES `voo` (`id`),
  CONSTRAINT `pacote_ibfk_3` FOREIGN KEY (`hotel`) REFERENCES `hotel` (`id`)
) ENGINE=InnoDB AUTO_INCREMENT=9 DEFAULT CHARSET=utf8;
/*!40101 SET character_set_client = @saved_cs_client */;

--
-- Dumping data for table `pacote`
--

LOCK TABLES `pacote` WRITE;
/*!40000 ALTER TABLE `pacote` DISABLE KEYS */;
INSERT INTO `pacote` VALUES (1,1,1,1,'2015-01-05',2500,'1.jpg','2015-01-20','Litoral Paulista'),(2,1,1,1,'2015-01-10',3000,'2.jpg','2015-01-31','Litoral Bahiano'),(3,2,1,2,'2015-02-02',1000,'3.jpg','2015-02-10','Europa'),(4,5,2,3,'2015-01-15',1430,'4.jpg','2015-01-20','Litoral Carioca'),(5,3,4,4,'2015-01-05',2000,'5.jpg','2015-01-10','Serras Gauchas'),(6,5,7,5,'2015-01-05',1500,'6.jpg','2015-01-10','Serras'),(7,4,6,4,'2015-01-05',900,'7.jpg','2015-01-10','Litoral'),(8,323,1278,1,'2015-01-09',4100,'',NULL,NULL);
/*!40000 ALTER TABLE `pacote` ENABLE KEYS */;
UNLOCK TABLES;

--
-- Table structure for table `pais`
--

DROP TABLE IF EXISTS `pais`;
/*!40101 SET @saved_cs_client     = @@character_set_client */;
/*!40101 SET character_set_client = utf8 */;
CREATE TABLE `pais` (
  `id` int(11) NOT NULL AUTO_INCREMENT,
  `nome` varchar(25) DEFAULT NULL,
  PRIMARY KEY (`id`)
) ENGINE=InnoDB AUTO_INCREMENT=193 DEFAULT CHARSET=utf8;
/*!40101 SET character_set_client = @saved_cs_client */;

--
-- Dumping data for table `pais`
--

LOCK TABLES `pais` WRITE;
/*!40000 ALTER TABLE `pais` DISABLE KEYS */;
INSERT INTO `pais` VALUES (1,'Brasil'),(2,'Holanda'),(3,'Dinamarca'),(4,'Canadá'),(5,'Arábia Saudita'),(6,'Reino Unido'),(7,'Costa do Marfim'),(8,'Itália'),(9,'Abu Dhabi'),(10,'Egito'),(11,'Nigéria'),(12,'México'),(13,'Gana'),(14,'Estados Unidos'),(15,'Turquia'),(16,'Etiópia'),(17,'Austrália'),(18,'Iêmen'),(19,'Indonésia'),(20,'Eslovênia'),(21,'França'),(22,'Cabo Verde'),(23,'Espanha'),(24,'Marrocos'),(25,'Índia'),(26,'Porto Rico'),(27,'Algéria'),(28,'Irã'),(29,'Ilhas Cook'),(30,'Japão'),(31,'Dubai'),(32,'Guernesei'),(33,'Peru'),(34,'Síria'),(35,'Macedônia'),(36,'Grécia'),(37,'Colômbia'),(38,'China'),(39,'Paquistão'),(40,'Alemanha'),(41,'Cazaquistão'),(42,'Malásia'),(43,'Noruega'),(44,'Suíça'),(45,'Rússia'),(46,'Ilhas Marshall'),(47,'Madagascar'),(48,'Jibuti'),(49,'Argentina'),(50,'Samoa'),(51,'Jordânia'),(52,'Andorra'),(53,'Suécia'),(54,'Anguilha'),(55,'Antiga & Barbuda'),(56,'Chile'),(57,'Cuba'),(58,'Ucrânia'),(59,'Bélgica'),(60,'Romênia'),(61,'Aruba'),(62,'Tanzânia'),(63,'Iraque'),(64,'Turcomenistão'),(65,'Eritrea'),(66,'Paraguai'),(67,'Nova Zelândia'),(68,'Nicarágua'),(69,'Palau'),(70,'Guiné'),(71,'Afeganistão'),(72,'Barém'),(73,'Azerbaijão'),(74,'Polônia'),(75,'Ilha de Man'),(76,'Mali'),(77,'Brunei'),(78,'Sri Lanka'),(79,'Tailândia'),(80,'República Centro-Africana'),(81,'Bósnia-Herzegovina'),(82,'Gâmbia'),(83,'Mongólia'),(84,'República Dominicana'),(85,'Guiné Equatorial'),(86,'Geórgia'),(87,'Timor Leste'),(88,'Vanuatu'),(89,'Moçambique'),(90,'Líbano'),(91,'Sérvia'),(92,'Belize'),(93,'Israel'),(94,'Líbia'),(95,'Somalilândia'),(96,'Bermuda'),(97,'Quirguistão'),(98,'Guiné-Bissau'),(99,'Malavi'),(100,'África do Sul'),(101,'Áustria'),(102,'Países Baixos Caribenhos'),(103,'Quiribati'),(104,'Somália'),(105,'Polinésia Francesa'),(106,'Bulgária'),(107,'Croácia'),(108,'Portugal'),(109,'Eslováquia'),(110,'Congo'),(111,'República Tcheca'),(112,'Hungria'),(113,'Burundi'),(114,'Usbequistão'),(115,'Zimbábue'),(116,'Vietnã'),(117,'Coréia do Sul'),(118,'Dominica'),(119,'Haiti'),(120,'Bolívia'),(121,'Uruguai'),(122,'Tunísia'),(123,'Santa Lúcia'),(124,'Guiana Francesa'),(125,'Singapura'),(126,'Jersey'),(127,'Hong Kong'),(128,'Taiwan'),(129,'Venezuela'),(130,'Moldova'),(131,'Bangladesh'),(132,'Micronésia'),(133,'Filipinas'),(134,'Irlanda'),(135,'Benin'),(136,'Trinidad & Tobago'),(137,'Senegal'),(138,'Níger'),(139,'Catar'),(140,'Camarões'),(141,'Tajiquistão'),(142,'Maiote'),(143,'Islândia'),(144,'Ilhas Canary'),(145,'El Salvador'),(146,'Quênia'),(147,'Finlândia'),(148,'Uganda'),(149,'Namíbia'),(150,'Bahamas'),(151,'Luxemburgo'),(152,'Açores'),(153,'Guatemala'),(154,'Gabão'),(155,'Equador'),(156,'Serra Leoa'),(157,'Tonga'),(158,'Tuvalu'),(159,'Madeira'),(160,'Maldivas'),(161,'Palestina'),(162,'Congo'),(163,'Guiana'),(164,'Gibraltar'),(165,'Togo'),(166,'Honduras'),(167,'Armênia'),(168,'Suriname'),(169,'Costa Rica'),(170,'Estônia'),(171,'Nepal'),(172,'Lituânia'),(173,'Sudão'),(174,'Ruanda'),(175,'Jamaica'),(176,'Látvia'),(177,'Zâmbia'),(178,'Angola'),(179,'Malta'),(180,'Macau'),(181,'Seicheles'),(182,'Mianmar'),(183,'Mônaco'),(184,'Fiji'),(185,'Mauritânia'),(186,'Burquina Faso'),(187,'Panamá'),(188,'Butão'),(189,'Cambódia'),(190,'Coréia do Norte'),(191,'São Tomé e Príncipe'),(192,'Ilhas Malvinas');
/*!40000 ALTER TABLE `pais` ENABLE KEYS */;
UNLOCK TABLES;

--
-- Table structure for table `papeis`
--

DROP TABLE IF EXISTS `papeis`;
/*!40101 SET @saved_cs_client     = @@character_set_client */;
/*!40101 SET character_set_client = utf8 */;
CREATE TABLE `papeis` (
  `id` int(11) NOT NULL AUTO_INCREMENT,
  `nome` varchar(25) DEFAULT NULL,
  PRIMARY KEY (`id`)
) ENGINE=InnoDB AUTO_INCREMENT=7 DEFAULT CHARSET=utf8;
/*!40101 SET character_set_client = @saved_cs_client */;

--
-- Dumping data for table `papeis`
--

LOCK TABLES `papeis` WRITE;
/*!40000 ALTER TABLE `papeis` DISABLE KEYS */;
INSERT INTO `papeis` VALUES (1,'ADMINISTRADOR'),(2,'REPRESENTANTE'),(3,'ASSESSORIA'),(4,'PUBLICIDADE'),(5,'AUTOR'),(6,'GERENTETI');
/*!40000 ALTER TABLE `papeis` ENABLE KEYS */;
UNLOCK TABLES;

--
-- Table structure for table `passagem`
--

DROP TABLE IF EXISTS `passagem`;
/*!40101 SET @saved_cs_client     = @@character_set_client */;
/*!40101 SET character_set_client = utf8 */;
CREATE TABLE `passagem` (
  `id` int(11) NOT NULL AUTO_INCREMENT,
  `pessoa` int(11) NOT NULL,
  `data` datetime DEFAULT NULL,
  `vooida` int(11) NOT NULL,
  `voovolta` int(11) NOT NULL,
  `numeropessoas` int(11) NOT NULL,
  `total` double DEFAULT NULL,
  PRIMARY KEY (`id`),
  KEY `pessoa_index` (`pessoa`),
  KEY `vooida_index` (`vooida`),
  KEY `voovolta_index` (`voovolta`),
  KEY `numeropessoas_index` (`numeropessoas`),
  CONSTRAINT `passagem_ibfk_1` FOREIGN KEY (`vooida`) REFERENCES `voo` (`id`),
  CONSTRAINT `passagem_ibfk_2` FOREIGN KEY (`voovolta`) REFERENCES `voo` (`id`),
  CONSTRAINT `passagem_ibfk_3` FOREIGN KEY (`pessoa`) REFERENCES `pessoa` (`id`)
) ENGINE=InnoDB AUTO_INCREMENT=1336 DEFAULT CHARSET=utf8;
/*!40101 SET character_set_client = @saved_cs_client */;

--
-- Dumping data for table `passagem`
--

LOCK TABLES `passagem` WRITE;
/*!40000 ALTER TABLE `passagem` DISABLE KEYS */;
INSERT INTO `passagem` VALUES (1,44,'2015-01-31 00:00:00',708,348,10,730.9),(2,58,'2014-01-29 00:00:00',622,1,3,282.11),(3,39,'2013-11-24 00:00:00',648,1,4,505.02),(4,105,'2015-02-26 00:00:00',751,1,3,678.77),(5,46,'2014-10-05 00:00:00',420,299,5,536.34),(6,65,'2014-02-23 00:00:00',990,356,4,690.41),(7,30,'2014-04-03 00:00:00',637,322,2,820.82),(8,93,'2014-09-01 00:00:00',580,1,2,307.42),(9,65,'2014-08-08 00:00:00',428,1,4,362.18),(10,25,'2014-12-24 00:00:00',211,368,7,1162.39),(11,65,'2013-07-11 00:00:00',986,286,2,1171.09),(12,53,'2013-12-10 00:00:00',225,1,5,632.44),(13,99,'2015-05-29 00:00:00',630,293,5,936.3),(14,78,'2013-12-21 00:00:00',195,297,3,949.81),(15,46,'2014-06-13 00:00:00',794,1,9,456.39),(16,32,'2014-02-04 00:00:00',862,311,2,683.9),(17,7,'2014-07-29 00:00:00',640,1,6,416.48),(18,68,'2014-05-01 00:00:00',34,1,7,160.39),(19,29,'2013-12-02 00:00:00',608,1,8,687.25),(20,30,'2014-05-07 00:00:00',914,1,8,389.4),(21,28,'2014-08-28 00:00:00',417,1,5,617.81),(22,6,'2014-07-02 00:00:00',834,1,7,268.99),(23,17,'2014-04-28 00:00:00',587,286,9,1547.75),(24,28,'2013-08-23 00:00:00',735,1,2,454.91),(25,110,'2015-05-12 00:00:00',480,297,9,1392.05),(26,21,'2014-11-03 00:00:00',355,302,2,815.08),(27,82,'2013-10-12 00:00:00',131,376,2,431.33),(28,80,'2014-12-25 00:00:00',815,1,6,398.51),(29,73,'2014-10-16 00:00:00',885,290,5,854.98),(30,19,'2015-06-12 00:00:00',129,1,1,174.28),(31,14,'2014-09-27 00:00:00',860,1,3,616.49),(32,6,'2014-05-24 00:00:00',846,1,8,216.45),(33,54,'2015-06-01 00:00:00',121,289,9,1313.13),(34,97,'2013-10-03 00:00:00',393,1,3,300.15),(35,27,'2014-03-04 00:00:00',348,1,9,508.41),(36,58,'2013-07-28 00:00:00',778,350,2,749.13),(37,8,'2015-01-29 00:00:00',235,1,7,727.21),(38,76,'2013-10-21 00:00:00',819,1,10,549.25),(39,63,'2014-01-09 00:00:00',612,1,3,585.07),(40,9,'2014-10-15 00:00:00',282,1,3,585.83),(41,57,'2014-03-04 00:00:00',348,1,5,508.41),(42,101,'2014-05-08 00:00:00',265,1,7,450.56),(43,70,'2014-06-09 00:00:00',812,1,7,508.66),(44,57,'2014-01-17 00:00:00',325,369,4,953.86),(45,18,'2014-06-01 00:00:00',896,351,10,1464.85),(46,55,'2013-09-01 00:00:00',102,365,6,524.95),(47,26,'2013-07-28 00:00:00',73,362,7,904.67),(48,95,'2015-01-08 00:00:00',839,1,1,833.26),(49,21,'2015-05-29 00:00:00',379,1,9,778.65),(50,40,'2014-01-21 00:00:00',779,1,4,779.86),(51,64,'2014-04-22 00:00:00',689,1,8,453.58),(52,91,'2013-08-29 00:00:00',146,309,1,1095.74),(53,43,'2015-02-10 00:00:00',451,1,4,398.98),(54,97,'2015-06-12 00:00:00',129,1,3,174.28),(55,102,'2014-10-05 00:00:00',376,319,4,748.44),(56,87,'2014-10-22 00:00:00',203,1,6,180.01),(57,90,'2014-12-16 00:00:00',646,1,6,261.86),(58,7,'2014-05-18 00:00:00',421,1,2,819.15),(59,93,'2015-05-18 00:00:00',504,1,5,761.2),(60,81,'2014-03-16 00:00:00',409,376,6,642.51),(61,38,'2015-03-22 00:00:00',802,281,3,1082.37),(62,66,'2013-11-18 00:00:00',754,1,1,572.33),(63,19,'2013-09-30 00:00:00',13,1,5,431.26),(64,35,'2014-04-02 00:00:00',829,1,6,291.2),(65,71,'2013-11-28 00:00:00',851,1,2,790.88),(66,81,'2015-05-23 00:00:00',149,1,6,698.17),(67,103,'2014-05-13 00:00:00',497,1,10,295.11),(68,97,'2015-04-09 00:00:00',491,310,2,631.8),(69,7,'2013-12-06 00:00:00',828,1,9,744.49),(70,116,'2014-05-15 00:00:00',631,344,7,697.42),(71,55,'2014-05-05 00:00:00',849,1,2,392.61),(72,95,'2014-09-29 00:00:00',61,287,1,1470.34),(73,4,'2013-12-28 00:00:00',979,1,7,344.78),(74,25,'2015-01-11 00:00:00',861,1,8,773.4),(75,106,'2014-11-21 00:00:00',300,303,10,658.51),(76,13,'2013-11-10 00:00:00',80,359,4,890.46),(77,70,'2015-06-17 00:00:00',824,325,1,1195),(78,29,'2014-12-06 00:00:00',677,339,1,700.93),(79,33,'2013-11-07 00:00:00',931,1,2,515.16),(80,95,'2014-06-01 00:00:00',734,1,2,444.57),(81,117,'2014-10-03 00:00:00',869,1,6,362.15),(82,35,'2014-06-23 00:00:00',410,311,1,851.26),(83,115,'2014-12-10 00:00:00',424,285,5,1118.05),(84,32,'2014-02-16 00:00:00',318,1,1,337.04),(85,82,'2015-01-09 00:00:00',138,1,9,676.75),(86,45,'2013-09-28 00:00:00',874,376,8,721.31),(87,91,'2014-03-24 00:00:00',186,360,2,945.87),(88,38,'2014-02-03 00:00:00',795,1,4,677.33),(89,69,'2013-09-11 00:00:00',287,1,7,768.35),(90,67,'2014-05-14 00:00:00',782,1,9,206.1),(91,62,'2013-09-10 00:00:00',898,1,9,413.32),(92,68,'2014-05-07 00:00:00',535,294,5,957.17),(93,55,'2013-09-21 00:00:00',150,1,10,152.16),(94,70,'2013-09-24 00:00:00',832,334,7,597.67),(95,70,'2013-10-10 00:00:00',97,1,10,280.46),(96,54,'2013-10-19 00:00:00',733,1,3,591.79),(97,65,'2014-11-17 00:00:00',599,1,5,346.75),(98,113,'2014-09-07 00:00:00',457,1,5,633.6),(99,61,'2014-01-05 00:00:00',397,1,6,858.16),(100,104,'2013-12-20 00:00:00',993,1,7,576.43),(101,2,'2014-12-10 00:00:00',424,285,6,1118.05),(102,54,'2014-03-15 00:00:00',349,1,9,844.48),(103,117,'2014-05-09 00:00:00',373,339,6,950.78),(104,59,'2013-09-17 00:00:00',981,341,8,561.84),(105,77,'2014-08-15 00:00:00',437,1,5,250.31),(106,79,'2015-04-09 00:00:00',491,310,7,631.8),(107,111,'2013-08-08 00:00:00',405,1,9,673.25),(108,42,'2014-09-16 00:00:00',223,1,1,827.22),(109,22,'2015-06-17 00:00:00',378,1,4,748.88),(110,63,'2014-06-20 00:00:00',609,364,1,643.17),(111,26,'2014-12-01 00:00:00',924,1,8,581.81),(112,30,'2014-12-10 00:00:00',906,1,4,814.17),(113,112,'2014-09-05 00:00:00',881,1,3,477.46),(114,30,'2015-05-12 00:00:00',105,1,4,354.65),(115,90,'2014-04-02 00:00:00',518,1,3,441.05),(116,8,'2014-01-21 00:00:00',779,1,6,779.86),(117,15,'2014-02-22 00:00:00',970,1,2,623.85),(118,115,'2014-06-16 00:00:00',978,1,1,616.91),(119,91,'2014-01-04 00:00:00',153,290,9,772.27),(120,97,'2014-06-08 00:00:00',757,1,4,460.69),(121,51,'2014-10-30 00:00:00',115,1,10,562.46),(122,12,'2014-01-12 00:00:00',865,1,3,219.24),(123,98,'2013-10-04 00:00:00',361,346,7,1029.55),(124,94,'2015-06-22 00:00:00',401,1,4,423.09),(125,116,'2015-06-17 00:00:00',378,1,1,748.88),(126,18,'2014-06-29 00:00:00',505,291,9,1405.8),(127,77,'2014-04-21 00:00:00',205,1,10,745.04),(128,17,'2015-06-28 00:00:00',155,348,6,997.15),(129,62,'2014-06-03 00:00:00',90,361,8,1293.06),(130,35,'2014-08-27 00:00:00',442,1,9,665.56),(131,92,'2014-04-07 00:00:00',669,311,7,1100.1),(132,10,'2013-09-02 00:00:00',448,1,9,432.63),(133,8,'2015-01-17 00:00:00',94,1,1,592.3),(134,76,'2014-11-05 00:00:00',179,1,1,397.27),(135,103,'2014-07-01 00:00:00',2,334,9,1125.42),(136,41,'2015-04-06 00:00:00',407,1,7,255.17),(137,105,'2014-01-18 00:00:00',654,1,2,511.53),(138,46,'2015-02-08 00:00:00',721,1,2,423.47),(139,116,'2014-05-16 00:00:00',945,1,10,785.21),(140,47,'2013-12-16 00:00:00',43,355,2,841.85),(141,99,'2014-12-23 00:00:00',3,1,5,328.09),(142,21,'2015-02-21 00:00:00',600,332,2,877.01),(143,90,'2014-01-17 00:00:00',87,1,7,612.88),(144,53,'2014-12-04 00:00:00',171,284,8,962.73),(145,7,'2013-07-14 00:00:00',20,326,4,520.43),(146,112,'2013-11-14 00:00:00',664,326,3,335.68),(147,50,'2015-06-13 00:00:00',737,284,3,1025.23),(148,16,'2015-05-20 00:00:00',634,332,1,1492.34),(149,37,'2014-10-12 00:00:00',479,1,5,709.19),(150,41,'2015-01-28 00:00:00',515,347,2,1262.09),(151,64,'2015-03-11 00:00:00',547,340,1,1125.94),(152,82,'2014-01-10 00:00:00',42,348,5,1079.09),(153,65,'2014-02-05 00:00:00',414,1,9,845.4),(154,22,'2015-02-26 00:00:00',751,1,3,678.77),(155,66,'2014-12-03 00:00:00',983,1,8,468.3),(156,33,'2014-07-01 00:00:00',2,334,4,1125.42),(157,26,'2014-12-10 00:00:00',424,285,4,1118.05),(158,62,'2014-03-23 00:00:00',419,1,10,609.68),(159,84,'2013-08-19 00:00:00',558,1,3,756.05),(160,58,'2014-07-02 00:00:00',4,1,10,663.58),(161,65,'2015-05-21 00:00:00',182,1,5,359.02),(162,88,'2013-08-07 00:00:00',579,291,2,1055.62),(163,49,'2015-04-15 00:00:00',517,1,1,448.8),(164,83,'2014-09-28 00:00:00',9,1,5,611.46),(165,31,'2015-03-22 00:00:00',715,1,10,487.41),(166,104,'2014-07-17 00:00:00',918,1,2,653.5),(167,20,'2013-08-12 00:00:00',117,1,9,214.88),(168,16,'2015-05-18 00:00:00',210,1,5,221.41),(169,93,'2015-05-09 00:00:00',842,292,5,440.77),(170,48,'2014-09-26 00:00:00',415,1,7,765.29),(171,73,'2014-01-10 00:00:00',31,1,8,665.95),(172,46,'2014-12-03 00:00:00',983,1,1,468.3),(173,83,'2015-03-05 00:00:00',209,1,1,668.52),(174,11,'2014-05-14 00:00:00',782,1,2,206.1),(175,82,'2014-04-04 00:00:00',124,370,7,793.47),(176,91,'2013-11-19 00:00:00',776,370,2,685.58),(177,72,'2014-11-21 00:00:00',46,306,7,753.39),(178,87,'2014-06-19 00:00:00',164,343,2,1312.68),(179,9,'2013-10-23 00:00:00',220,1,2,196.73),(180,48,'2014-01-17 00:00:00',325,369,7,953.86),(181,93,'2014-12-06 00:00:00',641,1,10,405.64),(182,37,'2015-03-19 00:00:00',673,340,3,961.77),(183,56,'2014-06-28 00:00:00',23,1,6,719.89),(184,4,'2015-06-27 00:00:00',403,344,5,988.98),(185,5,'2013-09-16 00:00:00',222,1,10,432.3),(186,38,'2015-01-17 00:00:00',995,1,5,542.72),(187,89,'2015-01-24 00:00:00',732,1,2,166.41),(188,77,'2015-01-06 00:00:00',607,1,9,514.67),(189,48,'2015-04-01 00:00:00',768,1,7,453.23),(190,57,'2015-02-02 00:00:00',752,1,2,456.41),(191,46,'2015-05-12 00:00:00',363,1,1,622.47),(192,10,'2013-10-21 00:00:00',626,1,1,502.44),(193,50,'2015-03-04 00:00:00',624,1,1,684.71),(194,60,'2014-04-06 00:00:00',175,1,3,345.03),(195,25,'2015-06-28 00:00:00',243,1,4,507.52),(196,49,'2014-11-14 00:00:00',262,1,2,463.47),(197,46,'2014-07-30 00:00:00',932,1,5,660.4),(198,39,'2013-11-10 00:00:00',259,1,8,369.4),(199,51,'2014-02-01 00:00:00',753,362,2,1254.51),(200,12,'2014-05-05 00:00:00',849,1,6,392.61),(201,67,'2015-01-12 00:00:00',888,1,10,603.67),(202,28,'2014-06-13 00:00:00',660,1,2,691.02),(203,94,'2014-01-04 00:00:00',93,1,1,509.71),(204,64,'2015-05-16 00:00:00',892,1,9,190.55),(205,21,'2014-05-04 00:00:00',542,1,1,302.13),(206,105,'2013-12-28 00:00:00',482,337,8,1020.25),(207,68,'2014-04-04 00:00:00',52,1,7,771.94),(208,12,'2015-02-26 00:00:00',751,1,9,678.77),(209,12,'2013-09-30 00:00:00',13,1,7,431.26),(210,54,'2014-02-22 00:00:00',970,1,10,623.85),(211,18,'2014-06-05 00:00:00',299,367,9,868.78),(212,109,'2013-08-07 00:00:00',478,1,4,355.1),(213,24,'2014-01-29 00:00:00',120,1,5,385.72),(214,3,'2014-05-09 00:00:00',373,339,7,950.78),(215,21,'2014-02-13 00:00:00',453,1,8,459.48),(216,3,'2015-06-13 00:00:00',737,284,5,1025.23),(217,107,'2014-04-28 00:00:00',730,1,4,371.99),(218,24,'2014-12-16 00:00:00',646,1,7,261.86),(219,94,'2013-12-27 00:00:00',71,1,2,420.59),(220,18,'2014-06-21 00:00:00',229,341,10,464.35),(221,22,'2013-12-27 00:00:00',71,1,2,420.59),(222,112,'2013-09-07 00:00:00',119,295,9,1101.75),(223,102,'2014-04-06 00:00:00',714,286,3,916.71),(224,82,'2014-11-13 00:00:00',108,324,2,1363.32),(225,100,'2015-06-02 00:00:00',765,1,5,771.28),(226,95,'2013-07-22 00:00:00',47,313,5,1090.65),(227,21,'2015-03-15 00:00:00',611,1,3,159.34),(228,22,'2014-01-01 00:00:00',727,1,7,169.99),(229,70,'2014-10-26 00:00:00',840,1,4,294.01),(230,109,'2015-03-08 00:00:00',800,1,10,752.85),(231,75,'2014-06-16 00:00:00',792,300,4,616.16),(232,59,'2015-06-17 00:00:00',337,354,8,653.77),(233,28,'2013-07-04 00:00:00',530,1,2,580.41),(234,8,'2013-11-14 00:00:00',104,1,3,594.35),(235,97,'2015-05-20 00:00:00',277,1,1,820.35),(236,6,'2014-11-15 00:00:00',35,1,10,216.55),(237,107,'2014-06-23 00:00:00',109,1,6,789.67),(238,15,'2014-09-01 00:00:00',713,285,2,775.4),(239,18,'2014-04-12 00:00:00',324,1,6,670.98),(240,49,'2015-06-26 00:00:00',676,1,7,704.15),(241,5,'2014-02-02 00:00:00',836,342,4,1046.98),(242,93,'2014-06-24 00:00:00',114,375,4,912.85),(243,107,'2014-06-02 00:00:00',665,1,7,715.25),(244,114,'2013-11-26 00:00:00',625,1,4,210.64),(245,65,'2013-08-17 00:00:00',703,340,1,640.53),(246,69,'2015-05-08 00:00:00',331,1,10,677.18),(247,111,'2015-03-10 00:00:00',200,1,3,472.72),(248,29,'2014-01-05 00:00:00',910,359,8,1414.23),(249,38,'2014-06-28 00:00:00',902,1,10,595.43),(250,35,'2013-10-02 00:00:00',352,1,9,199.95),(251,73,'2013-11-19 00:00:00',776,370,10,685.58),(252,38,'2014-03-18 00:00:00',858,1,2,402.18),(253,111,'2013-11-12 00:00:00',32,285,2,717.43),(254,103,'2014-09-14 00:00:00',26,320,2,1195.12),(255,24,'2015-01-11 00:00:00',861,1,8,773.4),(256,90,'2015-04-10 00:00:00',788,1,10,740.26),(257,71,'2014-05-05 00:00:00',849,1,9,392.61),(258,42,'2015-01-16 00:00:00',439,1,7,431.03),(259,36,'2014-07-08 00:00:00',621,339,6,906.72),(260,99,'2014-07-14 00:00:00',64,331,6,1376.11),(261,89,'2015-01-22 00:00:00',707,1,5,632.88),(262,40,'2014-03-09 00:00:00',163,1,3,509.4),(263,12,'2014-07-02 00:00:00',279,1,7,659.08),(264,106,'2014-10-13 00:00:00',591,325,4,833.67),(265,79,'2014-05-07 00:00:00',914,1,6,389.4),(266,25,'2015-02-22 00:00:00',88,1,2,446.14),(267,19,'2014-10-13 00:00:00',591,325,1,833.67),(268,96,'2015-04-01 00:00:00',96,289,5,939.71),(269,52,'2014-12-03 00:00:00',983,1,7,468.3),(270,69,'2014-05-21 00:00:00',559,364,8,976.99),(271,56,'2014-11-17 00:00:00',599,1,9,346.75),(272,15,'2014-05-31 00:00:00',496,361,3,754.59),(273,83,'2014-09-19 00:00:00',857,1,10,739.06),(274,21,'2015-06-10 00:00:00',40,1,10,735.02),(275,51,'2015-05-09 00:00:00',532,1,2,387.63),(276,19,'2013-11-21 00:00:00',228,1,8,342.7),(277,95,'2013-10-09 00:00:00',544,1,4,415.65),(278,38,'2014-09-23 00:00:00',227,1,2,743.65),(279,117,'2013-12-02 00:00:00',656,1,7,271.24),(280,16,'2014-10-15 00:00:00',468,1,4,559.97),(281,80,'2014-04-23 00:00:00',984,339,5,1006.24),(282,114,'2013-10-27 00:00:00',691,323,2,415.8),(283,114,'2015-05-27 00:00:00',955,1,3,276),(284,60,'2015-01-16 00:00:00',439,1,3,431.03),(285,50,'2015-01-10 00:00:00',283,1,9,591.43),(286,28,'2014-06-09 00:00:00',812,1,6,508.66),(287,87,'2015-05-29 00:00:00',379,1,5,778.65),(288,2,'2014-02-21 00:00:00',718,1,10,714.48),(289,42,'2015-05-11 00:00:00',985,1,10,472.48),(290,89,'2013-07-10 00:00:00',604,1,10,337.71),(291,115,'2013-07-14 00:00:00',66,281,1,1217.23),(292,83,'2014-07-14 00:00:00',64,331,3,1376.11),(293,22,'2015-02-23 00:00:00',658,370,8,730.75),(294,46,'2013-09-21 00:00:00',150,1,8,152.16),(295,92,'2013-12-19 00:00:00',897,1,1,187.84),(296,30,'2015-01-07 00:00:00',841,339,10,735.42),(297,3,'2014-09-22 00:00:00',789,322,8,1033.47),(298,63,'2014-12-26 00:00:00',189,351,5,1123.62),(299,20,'2013-07-19 00:00:00',294,1,7,626.78),(300,53,'2014-09-28 00:00:00',9,1,10,611.46),(301,4,'2014-01-17 00:00:00',87,1,2,612.88),(302,25,'2014-07-08 00:00:00',621,339,10,906.72),(303,63,'2013-07-10 00:00:00',366,1,10,621.26),(304,103,'2014-09-14 00:00:00',659,1,9,283.95),(305,107,'2013-09-26 00:00:00',273,367,6,1440.52),(306,60,'2015-05-12 00:00:00',989,1,2,187.76),(307,45,'2013-09-11 00:00:00',460,315,1,708.51),(308,56,'2014-08-11 00:00:00',929,1,8,814.67),(309,66,'2014-05-21 00:00:00',559,364,6,976.99),(310,22,'2013-11-17 00:00:00',697,294,9,1181.35),(311,93,'2014-08-26 00:00:00',645,1,9,199.25),(312,34,'2015-06-17 00:00:00',378,1,4,748.88),(313,74,'2014-12-03 00:00:00',319,302,6,881.94),(314,61,'2013-09-02 00:00:00',448,1,5,432.63),(315,58,'2013-08-31 00:00:00',872,360,8,1112.38),(316,22,'2014-12-26 00:00:00',189,351,2,1123.62),(317,39,'2015-06-17 00:00:00',378,1,6,748.88),(318,65,'2015-03-14 00:00:00',913,1,7,200.99),(319,62,'2013-08-02 00:00:00',416,1,6,497.8),(320,22,'2015-05-18 00:00:00',596,335,5,1356.59),(321,51,'2014-09-16 00:00:00',698,1,9,237.61),(322,76,'2013-09-06 00:00:00',894,1,1,359.85),(323,81,'2014-04-28 00:00:00',587,286,2,1547.75),(324,99,'2013-11-18 00:00:00',48,1,8,458.79),(325,47,'2013-12-18 00:00:00',384,343,2,1011.28),(326,118,'2013-12-28 00:00:00',979,1,1,344.78),(327,112,'2014-10-26 00:00:00',6,1,10,466.16),(328,100,'2014-09-16 00:00:00',698,1,3,237.61),(329,110,'2013-11-23 00:00:00',549,338,10,1429.19),(330,25,'2013-11-22 00:00:00',467,1,4,271.72),(331,31,'2013-09-14 00:00:00',920,1,3,334.78),(332,60,'2013-12-12 00:00:00',174,1,10,730.27),(333,17,'2014-08-08 00:00:00',428,1,4,362.18),(334,23,'2015-05-24 00:00:00',493,356,10,836.29),(335,117,'2015-03-15 00:00:00',611,1,3,159.34),(336,32,'2013-11-19 00:00:00',877,1,9,699.2),(337,91,'2013-08-17 00:00:00',703,340,8,640.53),(338,101,'2014-08-06 00:00:00',879,1,9,274.95),(339,55,'2015-05-26 00:00:00',672,358,6,830.61),(340,26,'2014-01-31 00:00:00',555,1,3,596.73),(341,23,'2014-08-28 00:00:00',417,1,9,617.81),(342,34,'2014-06-13 00:00:00',660,1,2,691.02),(343,79,'2014-03-17 00:00:00',899,319,8,1324.66),(344,79,'2014-05-20 00:00:00',763,283,8,955.55),(345,116,'2015-03-15 00:00:00',611,1,9,159.34),(346,103,'2013-10-26 00:00:00',452,1,10,225.98),(347,75,'2015-01-19 00:00:00',232,285,5,1075.63),(348,4,'2014-02-18 00:00:00',972,1,9,452.32),(349,26,'2014-10-17 00:00:00',464,339,2,379.19),(350,45,'2014-06-09 00:00:00',441,1,2,406.75),(351,53,'2014-10-16 00:00:00',59,1,10,427.53),(352,62,'2014-02-22 00:00:00',513,303,10,1134.13),(353,36,'2013-07-04 00:00:00',787,349,3,1236.79),(354,19,'2015-01-06 00:00:00',607,1,6,514.67),(355,93,'2014-08-21 00:00:00',747,315,6,538.48),(356,17,'2014-06-05 00:00:00',299,367,2,868.78),(357,20,'2014-07-07 00:00:00',875,1,2,333.68),(358,34,'2014-06-27 00:00:00',54,294,2,1111.13),(359,116,'2013-12-27 00:00:00',958,288,5,1362.05),(360,73,'2015-06-28 00:00:00',155,348,3,997.15),(361,29,'2014-10-26 00:00:00',840,1,2,294.01),(362,87,'2013-11-10 00:00:00',259,1,1,369.4),(363,74,'2014-11-27 00:00:00',338,326,8,828.16),(364,36,'2014-12-30 00:00:00',369,1,5,428.85),(365,108,'2015-05-08 00:00:00',331,1,7,677.18),(366,82,'2015-06-06 00:00:00',821,351,2,1223.26),(367,87,'2013-10-12 00:00:00',907,343,5,717.71),(368,81,'2014-06-08 00:00:00',728,348,4,982.03),(369,37,'2014-09-28 00:00:00',9,1,7,611.46),(370,87,'2014-01-27 00:00:00',827,1,7,219.66),(371,44,'2014-06-13 00:00:00',794,1,4,456.39),(372,109,'2013-10-26 00:00:00',452,1,9,225.98),(373,110,'2014-07-03 00:00:00',188,331,1,1287.16),(374,71,'2014-10-12 00:00:00',479,1,1,709.19),(375,57,'2014-04-12 00:00:00',324,1,3,670.98),(376,18,'2015-03-24 00:00:00',825,1,6,400.15),(377,95,'2014-07-08 00:00:00',621,339,6,906.72),(378,47,'2014-11-05 00:00:00',578,1,2,333.23),(379,114,'2015-05-29 00:00:00',630,293,2,936.3),(380,18,'2013-11-26 00:00:00',85,1,3,215.79),(381,35,'2015-01-24 00:00:00',732,1,2,166.41),(382,2,'2014-09-07 00:00:00',345,1,4,708.72),(383,80,'2015-04-10 00:00:00',322,1,5,445.73),(384,42,'2015-05-08 00:00:00',331,1,3,677.18),(385,61,'2013-08-03 00:00:00',486,322,1,640.86),(386,117,'2015-03-07 00:00:00',820,1,1,564.79),(387,55,'2014-06-09 00:00:00',441,1,2,406.75),(388,30,'2015-02-23 00:00:00',658,370,10,730.75),(389,3,'2013-12-13 00:00:00',443,329,5,915.54),(390,95,'2014-09-26 00:00:00',470,361,3,788.26),(391,86,'2015-03-31 00:00:00',37,338,7,1328.06),(392,65,'2014-06-09 00:00:00',441,1,6,406.75),(393,41,'2013-09-16 00:00:00',222,1,4,432.3),(394,16,'2014-11-21 00:00:00',964,1,2,713.67),(395,107,'2015-06-27 00:00:00',783,307,1,1565.91),(396,19,'2013-10-23 00:00:00',220,1,2,196.73),(397,27,'2015-02-21 00:00:00',845,296,3,749.12),(398,5,'2014-08-07 00:00:00',75,294,4,953.01),(399,33,'2014-05-25 00:00:00',165,1,1,273.93),(400,68,'2014-08-29 00:00:00',371,363,10,1110.27),(401,110,'2013-11-22 00:00:00',799,350,10,666.66),(402,56,'2014-03-17 00:00:00',899,319,4,1324.66),(403,36,'2013-10-22 00:00:00',498,1,10,826.16),(404,105,'2014-03-22 00:00:00',240,317,6,730.36),(405,76,'2014-04-15 00:00:00',900,1,3,345.34),(406,104,'2013-12-05 00:00:00',383,1,7,485.37),(407,20,'2014-08-17 00:00:00',269,346,4,712.35),(408,10,'2014-03-12 00:00:00',316,294,1,1154.41),(409,66,'2013-11-12 00:00:00',32,285,9,717.43),(410,31,'2013-09-21 00:00:00',356,1,2,535.74),(411,49,'2013-11-23 00:00:00',481,307,10,1114.78),(412,111,'2013-09-03 00:00:00',749,1,10,609.56),(413,29,'2014-03-18 00:00:00',858,1,4,402.18),(414,77,'2013-12-23 00:00:00',7,350,9,623.54),(415,2,'2013-12-03 00:00:00',456,375,9,694.63),(416,60,'2014-06-13 00:00:00',660,1,5,691.02),(417,76,'2013-08-01 00:00:00',675,1,2,722.92),(418,112,'2014-07-02 00:00:00',912,1,9,627.37),(419,97,'2013-12-01 00:00:00',14,1,8,595.86),(420,92,'2013-09-26 00:00:00',273,367,4,1440.52),(421,113,'2014-01-26 00:00:00',796,378,9,1024.78),(422,50,'2013-12-03 00:00:00',930,379,8,1322.29),(423,48,'2015-01-21 00:00:00',864,1,7,522.46),(424,64,'2014-10-25 00:00:00',475,1,8,703.53),(425,12,'2013-07-04 00:00:00',787,349,2,1236.79),(426,92,'2014-06-13 00:00:00',794,1,7,456.39),(427,41,'2014-11-03 00:00:00',355,302,7,815.08),(428,116,'2013-12-28 00:00:00',106,284,7,875.77),(429,111,'2015-04-06 00:00:00',565,350,8,795.87),(430,29,'2014-01-26 00:00:00',796,378,6,1024.78),(431,3,'2015-03-14 00:00:00',148,1,6,531.42),(432,21,'2015-05-08 00:00:00',583,1,4,380.94),(433,92,'2014-01-13 00:00:00',520,1,4,706.12),(434,69,'2013-07-18 00:00:00',208,1,4,404.87),(435,7,'2013-12-04 00:00:00',963,294,9,908.39),(436,41,'2014-07-11 00:00:00',57,1,6,693.76),(437,31,'2014-07-16 00:00:00',332,303,2,1145.37),(438,78,'2013-07-10 00:00:00',354,334,6,556.77),(439,110,'2014-01-04 00:00:00',93,1,3,509.71),(440,38,'2015-04-22 00:00:00',272,309,2,1022.77),(441,14,'2015-04-20 00:00:00',489,1,10,640.83),(442,94,'2014-11-13 00:00:00',108,324,6,1363.32),(443,67,'2015-05-21 00:00:00',182,1,5,359.02),(444,30,'2013-10-25 00:00:00',81,305,5,1307.53),(445,10,'2014-11-08 00:00:00',70,1,6,806.92),(446,26,'2015-06-06 00:00:00',821,351,2,1223.26),(447,57,'2015-04-22 00:00:00',272,309,5,1022.77),(448,96,'2014-01-04 00:00:00',93,1,6,509.71),(449,13,'2014-09-27 00:00:00',170,1,7,317.74),(450,36,'2014-09-07 00:00:00',739,316,3,1027.77),(451,45,'2013-08-17 00:00:00',703,340,7,640.53),(452,28,'2013-07-31 00:00:00',330,1,3,261.92),(453,17,'2014-11-09 00:00:00',197,378,5,1041.22),(454,114,'2015-01-19 00:00:00',232,285,7,1075.63),(455,47,'2014-09-11 00:00:00',937,349,4,1166.69),(456,51,'2014-05-08 00:00:00',265,1,1,450.56),(457,26,'2014-02-24 00:00:00',951,1,3,455.89),(458,28,'2014-11-15 00:00:00',24,1,3,377.47),(459,20,'2013-07-18 00:00:00',15,1,4,260.8),(460,4,'2015-04-01 00:00:00',768,1,3,453.23),(461,4,'2013-07-11 00:00:00',764,336,9,407.56),(462,51,'2015-03-19 00:00:00',673,340,1,961.77),(463,9,'2015-03-11 00:00:00',547,340,8,1125.94),(464,84,'2014-02-07 00:00:00',700,329,1,1529.2),(465,117,'2014-01-30 00:00:00',560,1,7,211.72),(466,54,'2013-09-02 00:00:00',353,380,1,961.58),(467,42,'2013-09-24 00:00:00',832,334,7,597.67),(468,111,'2013-11-07 00:00:00',494,1,3,215.92),(469,29,'2014-06-29 00:00:00',826,281,5,904.55),(470,88,'2015-03-08 00:00:00',800,1,9,752.85),(471,82,'2015-03-16 00:00:00',252,1,2,504.4),(472,89,'2015-01-06 00:00:00',607,1,2,514.67),(473,5,'2015-03-26 00:00:00',17,1,6,355.99),(474,74,'2014-01-18 00:00:00',971,341,9,598.15),(475,19,'2014-11-21 00:00:00',300,303,7,658.51),(476,81,'2014-02-19 00:00:00',130,344,8,991.67),(477,34,'2014-05-09 00:00:00',373,339,10,950.78),(478,20,'2014-05-31 00:00:00',496,361,2,754.59),(479,100,'2014-03-06 00:00:00',364,1,7,410.64),(480,73,'2014-11-21 00:00:00',964,1,1,713.67),(481,43,'2014-09-07 00:00:00',345,1,3,708.72),(482,64,'2013-12-28 00:00:00',482,337,9,1020.25),(483,69,'2013-09-30 00:00:00',178,1,3,839.16),(484,104,'2014-05-11 00:00:00',101,347,3,850.81),(485,81,'2014-02-21 00:00:00',718,1,6,714.48),(486,74,'2014-12-24 00:00:00',211,368,6,1162.39),(487,78,'2013-10-23 00:00:00',564,1,4,808.63),(488,100,'2014-09-24 00:00:00',817,1,3,504.94),(489,27,'2013-10-16 00:00:00',305,1,10,748.08),(490,105,'2015-05-26 00:00:00',934,1,9,777.84),(491,88,'2014-10-31 00:00:00',666,292,7,584.15),(492,108,'2015-05-23 00:00:00',440,338,6,1008.04),(493,81,'2014-05-07 00:00:00',914,1,4,389.4),(494,10,'2014-09-10 00:00:00',309,1,9,288.31),(495,39,'2014-01-27 00:00:00',827,1,7,219.66),(496,17,'2014-02-26 00:00:00',643,298,3,836.7),(497,100,'2014-10-31 00:00:00',553,291,10,1255.28),(498,105,'2013-08-07 00:00:00',459,1,8,593.93),(499,53,'2014-01-13 00:00:00',520,1,8,706.12),(500,6,'2014-11-14 00:00:00',584,327,1,1169.8),(501,117,'2014-10-22 00:00:00',203,1,9,180.01),(502,109,'2013-12-23 00:00:00',7,350,6,623.54),(503,22,'2015-03-26 00:00:00',399,348,3,1132.01),(504,54,'2014-08-15 00:00:00',408,1,5,727.15),(505,25,'2014-12-01 00:00:00',924,1,1,581.81),(506,93,'2013-09-06 00:00:00',894,1,5,359.85),(507,21,'2015-06-01 00:00:00',904,1,2,770.04),(508,71,'2015-03-21 00:00:00',162,1,6,667.88),(509,30,'2013-07-29 00:00:00',258,1,3,258.91),(510,45,'2015-01-29 00:00:00',44,1,2,237.75),(511,18,'2014-03-06 00:00:00',364,1,3,410.64),(512,79,'2014-05-20 00:00:00',763,283,5,955.55),(513,33,'2013-11-27 00:00:00',329,1,10,736.27),(514,24,'2013-10-09 00:00:00',544,1,7,415.65),(515,106,'2014-06-20 00:00:00',609,364,8,643.17),(516,58,'2014-08-16 00:00:00',38,330,6,512.15),(517,23,'2013-11-21 00:00:00',228,1,8,342.7),(518,45,'2014-11-18 00:00:00',785,335,3,1331.56),(519,59,'2015-06-06 00:00:00',125,374,1,1250.77),(520,82,'2014-04-26 00:00:00',891,1,5,317.77),(521,92,'2015-03-12 00:00:00',231,1,7,713.48),(522,57,'2014-11-01 00:00:00',921,343,9,980.41),(523,59,'2014-11-19 00:00:00',145,1,5,338.7),(524,16,'2014-06-16 00:00:00',978,1,2,616.91),(525,14,'2013-08-03 00:00:00',486,322,3,640.86),(526,29,'2014-11-21 00:00:00',719,1,5,650.15),(527,11,'2015-05-20 00:00:00',634,332,9,1492.34),(528,14,'2014-01-18 00:00:00',838,294,9,1292.05),(529,45,'2013-10-14 00:00:00',82,1,8,483.38),(530,70,'2014-03-13 00:00:00',474,1,2,565.91),(531,35,'2015-01-31 00:00:00',708,348,4,730.9),(532,94,'2014-08-06 00:00:00',5,1,8,795.04),(533,112,'2015-04-06 00:00:00',565,350,3,795.87),(534,35,'2013-11-25 00:00:00',883,1,2,367.2),(535,90,'2014-05-09 00:00:00',373,339,2,950.78),(536,10,'2014-09-01 00:00:00',580,1,2,307.42),(537,82,'2014-05-09 00:00:00',373,339,9,950.78),(538,115,'2014-03-15 00:00:00',804,1,9,637.4),(539,14,'2015-04-22 00:00:00',395,1,2,565.38),(540,46,'2014-05-26 00:00:00',388,1,2,574.94),(541,104,'2015-06-28 00:00:00',155,348,1,997.15),(542,17,'2014-12-19 00:00:00',917,322,6,698.57),(543,47,'2013-10-12 00:00:00',131,376,8,431.33),(544,50,'2013-09-03 00:00:00',749,1,6,609.56),(545,54,'2013-10-09 00:00:00',544,1,6,415.65),(546,75,'2014-06-29 00:00:00',157,1,7,437.87),(547,68,'2013-11-23 00:00:00',549,338,10,1429.19),(548,38,'2015-02-05 00:00:00',159,281,1,1363.38),(549,18,'2013-10-22 00:00:00',381,1,9,753.35),(550,101,'2014-10-02 00:00:00',78,1,1,421.87),(551,64,'2014-08-11 00:00:00',619,363,4,999.43),(552,24,'2014-12-03 00:00:00',319,302,3,881.94),(553,50,'2013-12-28 00:00:00',99,1,1,351.06),(554,31,'2015-03-02 00:00:00',573,1,2,447.1),(555,6,'2014-05-07 00:00:00',914,1,3,389.4),(556,74,'2013-12-30 00:00:00',982,1,7,185.71),(557,65,'2015-04-17 00:00:00',686,1,6,732.3),(558,61,'2013-10-14 00:00:00',82,1,6,483.38),(559,105,'2013-08-04 00:00:00',808,1,1,772.65),(560,105,'2014-05-20 00:00:00',601,1,7,784.6),(561,76,'2014-12-01 00:00:00',924,1,3,581.81),(562,55,'2015-04-06 00:00:00',565,350,7,795.87),(563,96,'2013-11-04 00:00:00',561,1,5,825.5),(564,76,'2013-09-07 00:00:00',119,295,9,1101.75),(565,81,'2013-11-27 00:00:00',329,1,5,736.27),(566,68,'2014-03-12 00:00:00',847,298,8,580.03),(567,87,'2014-06-27 00:00:00',54,294,1,1111.13),(568,7,'2013-07-04 00:00:00',530,1,9,580.41),(569,3,'2014-03-17 00:00:00',899,319,10,1324.66),(570,39,'2015-04-25 00:00:00',365,1,4,254.43),(571,23,'2014-07-02 00:00:00',912,1,8,627.37),(572,41,'2013-07-07 00:00:00',980,1,6,678.67),(573,53,'2014-03-26 00:00:00',291,1,10,722.38),(574,103,'2013-09-02 00:00:00',353,380,1,961.58),(575,102,'2013-10-18 00:00:00',357,341,3,636.46),(576,49,'2015-03-16 00:00:00',252,1,2,504.4),(577,32,'2014-08-16 00:00:00',38,330,6,512.15),(578,56,'2014-07-17 00:00:00',918,1,4,653.5),(579,60,'2013-08-23 00:00:00',702,1,4,539.04),(580,94,'2014-10-16 00:00:00',59,1,8,427.53),(581,91,'2013-08-23 00:00:00',735,1,10,454.91),(582,54,'2014-02-22 00:00:00',513,303,9,1134.13),(583,30,'2015-01-29 00:00:00',563,355,4,795.93),(584,3,'2014-03-11 00:00:00',477,344,8,831.81),(585,4,'2014-05-19 00:00:00',916,1,3,743.63),(586,19,'2014-04-18 00:00:00',433,291,4,1349.84),(587,105,'2014-07-02 00:00:00',912,1,1,627.37),(588,111,'2014-07-03 00:00:00',188,331,8,1287.16),(589,8,'2014-08-06 00:00:00',879,1,1,274.95),(590,10,'2013-11-22 00:00:00',467,1,2,271.72),(591,41,'2015-01-23 00:00:00',884,323,9,331.05),(592,57,'2014-11-21 00:00:00',652,1,9,616.88),(593,21,'2014-07-28 00:00:00',359,1,7,772.7),(594,89,'2014-10-22 00:00:00',190,337,10,1262.43),(595,80,'2014-10-26 00:00:00',312,1,2,362.19),(596,4,'2013-08-22 00:00:00',620,1,1,196.94),(597,84,'2014-09-14 00:00:00',806,1,3,689.13),(598,20,'2014-11-30 00:00:00',570,1,9,769.74),(599,2,'2015-03-22 00:00:00',802,281,9,1082.37),(600,22,'2014-11-13 00:00:00',108,324,1,1363.32),(601,24,'2014-04-11 00:00:00',313,1,2,699),(602,47,'2015-06-13 00:00:00',118,1,5,825.25),(603,107,'2013-08-19 00:00:00',558,1,3,756.05),(604,27,'2015-04-09 00:00:00',400,293,2,815.06),(605,29,'2014-03-31 00:00:00',152,288,4,1459.06),(606,75,'2014-11-19 00:00:00',145,1,9,338.7),(607,86,'2014-02-03 00:00:00',795,1,2,677.33),(608,81,'2014-04-04 00:00:00',270,350,5,512.53),(609,15,'2015-06-12 00:00:00',129,1,1,174.28),(610,91,'2013-09-18 00:00:00',854,284,5,811.36),(611,35,'2014-10-26 00:00:00',840,1,7,294.01),(612,37,'2014-09-12 00:00:00',807,329,9,1058.92),(613,81,'2013-08-08 00:00:00',405,1,4,673.25),(614,6,'2013-10-19 00:00:00',843,1,1,677.06),(615,14,'2014-04-04 00:00:00',52,1,6,771.94),(616,69,'2014-02-03 00:00:00',795,1,2,677.33),(617,47,'2015-05-18 00:00:00',504,1,7,761.2),(618,64,'2014-12-25 00:00:00',592,298,3,534.98),(619,31,'2015-04-01 00:00:00',768,1,8,453.23),(620,34,'2014-10-17 00:00:00',464,339,1,379.19),(621,97,'2014-04-26 00:00:00',537,344,6,732.49),(622,82,'2014-11-21 00:00:00',396,1,1,353.1),(623,37,'2013-09-02 00:00:00',448,1,8,432.63),(624,7,'2013-09-26 00:00:00',679,1,7,716.81),(625,112,'2014-04-26 00:00:00',537,344,3,732.49),(626,64,'2015-02-28 00:00:00',538,1,2,796.67),(627,98,'2014-06-01 00:00:00',975,1,2,250.66),(628,113,'2015-04-22 00:00:00',126,1,5,616.63),(629,115,'2014-03-13 00:00:00',529,1,3,237.82),(630,25,'2015-01-24 00:00:00',949,1,1,837.3),(631,80,'2015-04-20 00:00:00',489,1,4,640.83),(632,42,'2014-10-15 00:00:00',282,1,4,585.83),(633,7,'2014-04-18 00:00:00',638,292,9,786.85),(634,38,'2014-10-05 00:00:00',420,299,5,536.34),(635,89,'2013-12-12 00:00:00',500,357,8,1151.92),(636,4,'2013-11-20 00:00:00',392,1,6,164.86),(637,115,'2014-11-21 00:00:00',254,1,1,700.26),(638,36,'2013-09-09 00:00:00',961,1,5,751.96),(639,19,'2013-10-16 00:00:00',690,343,8,799.91),(640,84,'2014-11-01 00:00:00',921,343,8,980.41),(641,98,'2013-12-29 00:00:00',805,1,3,706.22),(642,55,'2013-10-12 00:00:00',360,1,6,779.4),(643,34,'2014-08-26 00:00:00',454,1,3,737.61),(644,83,'2015-01-23 00:00:00',276,1,4,808.16),(645,55,'2013-08-08 00:00:00',405,1,4,673.25),(646,69,'2015-05-14 00:00:00',835,1,7,794.21),(647,86,'2013-11-19 00:00:00',743,330,2,611.95),(648,101,'2014-03-17 00:00:00',572,1,2,662.28),(649,15,'2015-05-12 00:00:00',105,1,3,354.65),(650,114,'2013-08-16 00:00:00',370,1,6,555.34),(651,78,'2013-11-26 00:00:00',625,1,6,210.64),(652,71,'2015-04-01 00:00:00',768,1,9,453.23),(653,92,'2014-10-15 00:00:00',450,1,1,616),(654,39,'2015-04-20 00:00:00',489,1,8,640.83),(655,19,'2014-10-23 00:00:00',458,1,3,738.39),(656,69,'2013-08-25 00:00:00',693,1,2,358.35),(657,75,'2015-02-16 00:00:00',219,366,1,928.96),(658,81,'2014-11-02 00:00:00',566,1,6,216.69),(659,87,'2013-08-12 00:00:00',117,1,3,214.88),(660,13,'2014-06-23 00:00:00',410,311,10,851.26),(661,98,'2014-08-17 00:00:00',269,346,5,712.35),(662,4,'2015-01-24 00:00:00',732,1,7,166.41),(663,102,'2014-11-15 00:00:00',24,1,7,377.47),(664,23,'2013-12-10 00:00:00',225,1,1,632.44),(665,43,'2013-09-18 00:00:00',50,357,9,676.23),(666,41,'2015-04-21 00:00:00',28,1,3,184.87),(667,78,'2014-12-31 00:00:00',837,1,7,577.72),(668,60,'2013-08-03 00:00:00',486,322,1,640.86),(669,86,'2015-05-12 00:00:00',350,1,4,240.94),(670,116,'2014-02-24 00:00:00',951,1,5,455.89),(671,30,'2014-10-02 00:00:00',78,1,3,421.87),(672,116,'2014-09-07 00:00:00',457,1,5,633.6),(673,71,'2015-03-19 00:00:00',673,340,10,961.77),(674,70,'2014-05-14 00:00:00',782,1,8,206.1),(675,99,'2014-12-24 00:00:00',706,1,10,552.75),(676,32,'2014-09-22 00:00:00',789,322,10,1033.47),(677,112,'2013-12-28 00:00:00',99,1,9,351.06),(678,114,'2014-11-01 00:00:00',921,343,1,980.41),(679,84,'2013-11-18 00:00:00',813,1,10,870.59),(680,57,'2014-01-24 00:00:00',852,1,6,387.44),(681,117,'2014-11-28 00:00:00',710,1,6,700.2),(682,26,'2013-11-16 00:00:00',242,1,9,739.2),(683,74,'2013-12-14 00:00:00',616,362,10,1523.99),(684,64,'2014-02-26 00:00:00',643,298,6,836.7),(685,60,'2014-06-30 00:00:00',435,1,3,345.43),(686,92,'2014-12-30 00:00:00',369,1,9,428.85),(687,16,'2014-05-26 00:00:00',388,1,6,574.94),(688,75,'2014-01-16 00:00:00',684,1,9,295.91),(689,84,'2015-01-13 00:00:00',925,378,10,1089.17),(690,42,'2013-10-21 00:00:00',122,1,7,625.69),(691,84,'2013-12-28 00:00:00',482,337,1,1020.25),(692,91,'2014-05-26 00:00:00',388,1,2,574.94),(693,13,'2015-04-17 00:00:00',774,1,1,236.83),(694,111,'2014-01-13 00:00:00',436,1,8,771),(695,69,'2013-08-22 00:00:00',620,1,7,196.94),(696,25,'2013-11-16 00:00:00',242,1,6,739.2),(697,29,'2014-05-01 00:00:00',34,1,8,160.39),(698,10,'2014-07-01 00:00:00',923,316,6,1342.29),(699,25,'2013-09-02 00:00:00',448,1,1,432.63),(700,79,'2014-10-29 00:00:00',797,373,3,1517.01),(701,106,'2014-12-25 00:00:00',760,308,5,1355.49),(702,104,'2015-05-18 00:00:00',504,1,7,761.2),(703,31,'2013-11-20 00:00:00',392,1,9,164.86),(704,16,'2015-03-16 00:00:00',758,1,10,303.48),(705,44,'2014-10-09 00:00:00',791,325,8,1326.45),(706,28,'2014-01-15 00:00:00',940,1,4,521.93),(707,107,'2014-10-22 00:00:00',190,337,1,1262.43),(708,76,'2014-08-06 00:00:00',5,1,6,795.04),(709,63,'2014-06-07 00:00:00',41,1,7,637.95),(710,108,'2013-07-06 00:00:00',950,350,5,561.84),(711,57,'2014-09-01 00:00:00',713,285,6,775.4),(712,48,'2014-12-02 00:00:00',915,1,10,705.94),(713,18,'2014-07-30 00:00:00',932,1,8,660.4),(714,15,'2014-09-09 00:00:00',112,1,4,304.81),(715,33,'2014-09-24 00:00:00',817,1,8,504.94),(716,92,'2013-10-22 00:00:00',498,1,5,826.16),(717,111,'2014-11-07 00:00:00',548,375,10,1058.35),(718,42,'2015-03-22 00:00:00',802,281,3,1082.37),(719,23,'2014-06-27 00:00:00',54,294,6,1111.13),(720,116,'2014-08-04 00:00:00',502,1,6,733.21),(721,34,'2015-01-29 00:00:00',44,1,1,237.75),(722,39,'2013-09-03 00:00:00',878,298,9,686.06),(723,109,'2013-08-07 00:00:00',172,1,10,701.8),(724,57,'2015-04-10 00:00:00',322,1,10,445.73),(725,74,'2015-01-28 00:00:00',515,347,5,1262.09),(726,22,'2014-06-07 00:00:00',41,1,7,637.95),(727,19,'2014-03-12 00:00:00',316,294,8,1154.41),(728,100,'2015-06-01 00:00:00',121,289,5,1313.13),(729,73,'2015-03-05 00:00:00',209,1,5,668.52),(730,47,'2014-11-21 00:00:00',254,1,5,700.26),(731,8,'2014-02-04 00:00:00',862,311,7,683.9),(732,23,'2013-12-24 00:00:00',594,324,2,1107.69),(733,47,'2015-05-21 00:00:00',182,1,6,359.02),(734,11,'2014-09-19 00:00:00',358,1,2,619.14),(735,10,'2015-04-01 00:00:00',193,1,9,228.52),(736,90,'2013-10-09 00:00:00',544,1,6,415.65),(737,23,'2013-07-07 00:00:00',980,1,7,678.67),(738,51,'2015-01-27 00:00:00',444,1,6,448.56),(739,16,'2014-12-06 00:00:00',677,339,3,700.93),(740,108,'2014-01-23 00:00:00',374,1,4,842.4),(741,76,'2014-06-23 00:00:00',109,1,7,789.67),(742,29,'2014-09-25 00:00:00',447,1,9,834.56),(743,5,'2014-01-27 00:00:00',827,1,2,219.66),(744,6,'2014-06-30 00:00:00',435,1,8,345.43),(745,39,'2015-01-24 00:00:00',949,1,9,837.3),(746,60,'2014-05-29 00:00:00',503,354,2,576.29),(747,63,'2013-09-07 00:00:00',119,295,2,1101.75),(748,106,'2014-09-20 00:00:00',58,1,7,483.5),(749,30,'2014-07-16 00:00:00',445,1,6,742.82),(750,40,'2014-10-03 00:00:00',260,1,9,697.42),(751,118,'2013-08-16 00:00:00',370,1,5,555.34),(752,61,'2014-04-01 00:00:00',204,1,7,723.58),(753,52,'2015-05-29 00:00:00',999,1,7,548.63),(754,102,'2014-10-16 00:00:00',59,1,10,427.53),(755,112,'2013-11-17 00:00:00',863,1,8,707.65),(756,64,'2014-06-09 00:00:00',812,1,1,508.66),(757,3,'2014-07-20 00:00:00',790,1,5,563.77),(758,39,'2014-08-13 00:00:00',404,380,9,1133.38),(759,75,'2014-09-05 00:00:00',598,1,1,757.95),(760,54,'2013-09-16 00:00:00',222,1,7,432.3),(761,27,'2015-04-17 00:00:00',686,1,1,732.3),(762,83,'2013-12-03 00:00:00',930,379,7,1322.29),(763,117,'2015-01-21 00:00:00',864,1,9,522.46),(764,105,'2014-07-08 00:00:00',621,339,3,906.72),(765,55,'2014-08-07 00:00:00',75,294,1,953.01),(766,51,'2014-01-16 00:00:00',684,1,8,295.91),(767,117,'2013-07-18 00:00:00',15,1,7,260.8),(768,90,'2014-07-28 00:00:00',359,1,1,772.7),(769,3,'2014-09-12 00:00:00',724,355,5,818.58),(770,98,'2014-08-11 00:00:00',619,363,2,999.43),(771,48,'2014-07-02 00:00:00',912,1,8,627.37),(772,58,'2013-07-04 00:00:00',530,1,5,580.41),(773,57,'2014-03-09 00:00:00',163,1,6,509.4),(774,91,'2014-04-08 00:00:00',521,1,9,486.29),(775,57,'2014-10-16 00:00:00',59,1,1,427.53),(776,36,'2014-10-09 00:00:00',746,320,7,731.51),(777,2,'2015-02-05 00:00:00',429,1,4,495.73),(778,91,'2014-03-12 00:00:00',316,294,2,1154.41),(779,29,'2013-08-08 00:00:00',405,1,9,673.25),(780,52,'2014-03-09 00:00:00',163,1,4,509.4),(781,85,'2013-11-17 00:00:00',856,1,10,470.33),(782,116,'2014-12-06 00:00:00',677,339,8,700.93),(783,25,'2014-12-21 00:00:00',214,318,4,767.3),(784,28,'2015-06-23 00:00:00',744,281,7,1277.37),(785,79,'2014-01-17 00:00:00',545,1,6,828.14),(786,25,'2015-03-10 00:00:00',226,1,3,408.94),(787,62,'2014-03-19 00:00:00',295,351,7,1387.66),(788,80,'2014-08-06 00:00:00',879,1,3,274.95),(789,77,'2013-12-10 00:00:00',187,1,1,688.75),(790,53,'2015-02-03 00:00:00',741,1,3,250.28),(791,4,'2014-06-19 00:00:00',164,343,1,1312.68),(792,77,'2014-04-14 00:00:00',113,1,5,718.67),(793,115,'2015-03-22 00:00:00',181,1,9,524.09),(794,62,'2013-11-14 00:00:00',104,1,9,594.35),(795,57,'2014-07-20 00:00:00',790,1,6,563.77),(796,27,'2014-01-12 00:00:00',865,1,1,219.24),(797,76,'2015-04-25 00:00:00',365,1,3,254.43),(798,7,'2014-01-14 00:00:00',234,1,6,442.14),(799,65,'2014-08-13 00:00:00',140,347,8,1210.12),(800,49,'2013-08-07 00:00:00',777,1,4,443.76),(801,115,'2014-06-24 00:00:00',962,1,4,655.93),(802,97,'2013-11-04 00:00:00',561,1,8,825.5),(803,80,'2014-01-18 00:00:00',654,1,3,511.53),(804,102,'2015-03-07 00:00:00',820,1,3,564.79),(805,22,'2014-02-13 00:00:00',453,1,4,459.48),(806,20,'2013-12-12 00:00:00',174,1,7,730.27),(807,86,'2013-09-06 00:00:00',894,1,6,359.85),(808,24,'2015-05-23 00:00:00',149,1,10,698.17),(809,57,'2014-05-22 00:00:00',411,1,1,471.63),(810,10,'2014-11-28 00:00:00',710,1,10,700.2),(811,18,'2015-05-12 00:00:00',480,297,7,1392.05),(812,8,'2015-01-09 00:00:00',476,320,10,1206.02),(813,35,'2014-05-11 00:00:00',101,347,2,850.81),(814,87,'2014-06-29 00:00:00',157,1,4,437.87),(815,13,'2015-01-08 00:00:00',839,1,6,833.26),(816,24,'2014-07-30 00:00:00',932,1,4,660.4),(817,102,'2013-10-12 00:00:00',131,376,6,431.33),(818,6,'2014-11-15 00:00:00',855,341,3,285),(819,33,'2013-08-23 00:00:00',735,1,8,454.91),(820,117,'2015-06-02 00:00:00',765,1,3,771.28),(821,68,'2013-08-02 00:00:00',416,1,6,497.8),(822,52,'2013-11-14 00:00:00',664,326,8,335.68),(823,71,'2014-01-15 00:00:00',940,1,2,521.93),(824,109,'2014-12-26 00:00:00',189,351,1,1123.62),(825,91,'2015-06-13 00:00:00',118,1,8,825.25),(826,116,'2015-02-22 00:00:00',88,1,8,446.14),(827,26,'2015-01-29 00:00:00',235,1,2,727.21),(828,34,'2014-07-17 00:00:00',918,1,2,653.5),(829,67,'2015-04-22 00:00:00',126,1,4,616.63),(830,30,'2014-02-09 00:00:00',682,1,1,733.98),(831,102,'2013-11-17 00:00:00',856,1,2,470.33),(832,91,'2013-12-19 00:00:00',377,315,2,910.45),(833,115,'2014-08-11 00:00:00',619,363,1,999.43),(834,91,'2014-12-19 00:00:00',508,1,9,784.84),(835,18,'2015-04-03 00:00:00',77,1,10,643.65),(836,52,'2013-11-23 00:00:00',549,338,2,1429.19),(837,35,'2014-01-17 00:00:00',87,1,9,612.88),(838,88,'2015-03-15 00:00:00',196,1,10,794.26),(839,84,'2015-06-27 00:00:00',403,344,4,988.98),(840,89,'2015-06-09 00:00:00',696,308,1,1052.42),(841,21,'2014-05-01 00:00:00',34,1,3,160.39),(842,6,'2014-01-08 00:00:00',736,1,10,790.64),(843,66,'2013-11-17 00:00:00',402,374,8,1221.25),(844,95,'2013-08-03 00:00:00',486,322,1,640.86),(845,112,'2014-01-23 00:00:00',374,1,1,842.4),(846,8,'2013-10-31 00:00:00',389,307,4,1572.49),(847,93,'2013-11-21 00:00:00',228,1,2,342.7),(848,112,'2014-07-20 00:00:00',790,1,7,563.77),(849,105,'2013-10-26 00:00:00',452,1,2,225.98),(850,91,'2014-10-26 00:00:00',6,1,3,466.16),(851,75,'2014-09-27 00:00:00',860,1,8,616.49),(852,113,'2013-09-03 00:00:00',878,298,3,686.06),(853,57,'2014-05-13 00:00:00',497,1,2,295.11),(854,23,'2013-09-26 00:00:00',939,1,1,631.53),(855,113,'2014-08-17 00:00:00',269,346,1,712.35),(856,63,'2014-07-11 00:00:00',57,1,3,693.76),(857,29,'2015-03-22 00:00:00',802,281,4,1082.37),(858,22,'2014-10-03 00:00:00',726,306,10,903.35),(859,15,'2013-12-10 00:00:00',225,1,7,632.44),(860,114,'2014-06-29 00:00:00',157,1,5,437.87),(861,61,'2015-06-18 00:00:00',725,344,8,326.27),(862,22,'2014-06-06 00:00:00',956,327,2,876.55),(863,96,'2013-08-07 00:00:00',579,291,2,1055.62),(864,40,'2015-03-10 00:00:00',226,1,1,408.94),(865,74,'2015-03-10 00:00:00',226,1,2,408.94),(866,40,'2014-09-05 00:00:00',598,1,2,757.95),(867,80,'2013-11-28 00:00:00',593,1,5,580.6),(868,42,'2013-09-02 00:00:00',868,1,9,502.12),(869,112,'2014-10-03 00:00:00',260,1,5,697.42),(870,90,'2013-07-30 00:00:00',304,1,5,222.33),(871,95,'2014-12-20 00:00:00',711,367,3,1350.85),(872,79,'2014-12-01 00:00:00',867,1,1,882.38),(873,46,'2014-09-05 00:00:00',881,1,5,477.46),(874,99,'2015-01-28 00:00:00',767,1,8,693.14),(875,37,'2015-05-23 00:00:00',705,1,9,763.25),(876,51,'2014-01-08 00:00:00',736,1,5,790.64),(877,55,'2014-08-24 00:00:00',340,1,1,399.55),(878,27,'2013-08-31 00:00:00',872,360,10,1112.38),(879,113,'2014-08-27 00:00:00',903,1,7,367.77),(880,78,'2014-08-13 00:00:00',404,380,2,1133.38),(881,75,'2014-08-06 00:00:00',151,318,10,949.24),(882,7,'2013-12-23 00:00:00',72,367,3,1385.81),(883,78,'2015-02-16 00:00:00',219,366,2,928.96),(884,21,'2013-11-07 00:00:00',494,1,2,215.92),(885,108,'2015-05-26 00:00:00',39,1,7,346.13),(886,3,'2015-05-05 00:00:00',809,379,4,1425.33),(887,24,'2015-02-27 00:00:00',636,1,4,544.87),(888,13,'2015-01-30 00:00:00',557,1,1,344.09),(889,9,'2014-12-30 00:00:00',95,1,2,477.41),(890,92,'2014-04-21 00:00:00',205,1,1,745.04),(891,18,'2014-02-07 00:00:00',700,329,10,1529.2),(892,81,'2014-07-02 00:00:00',912,1,9,627.37),(893,14,'2014-12-06 00:00:00',641,1,10,405.64),(894,71,'2013-12-18 00:00:00',905,1,7,784.29),(895,78,'2014-10-05 00:00:00',420,299,5,536.34),(896,42,'2014-12-19 00:00:00',917,322,7,698.57),(897,90,'2013-12-10 00:00:00',225,1,5,632.44),(898,104,'2015-06-19 00:00:00',973,1,9,276.73),(899,77,'2013-12-28 00:00:00',979,1,8,344.78),(900,47,'2013-10-10 00:00:00',512,287,2,1307.48),(901,45,'2015-03-31 00:00:00',198,360,4,939.59),(902,75,'2014-03-28 00:00:00',525,1,1,463.34),(903,55,'2015-03-26 00:00:00',17,1,2,355.99),(904,39,'2014-03-04 00:00:00',575,1,8,468.25),(905,118,'2014-08-20 00:00:00',255,308,8,743.42),(906,47,'2015-03-15 00:00:00',196,1,6,794.26),(907,90,'2014-10-22 00:00:00',203,1,9,180.01),(908,47,'2013-09-28 00:00:00',850,352,8,350.96),(909,16,'2013-09-30 00:00:00',178,1,4,839.16),(910,9,'2014-05-21 00:00:00',559,364,6,976.99),(911,73,'2015-04-08 00:00:00',191,1,9,705.38),(912,72,'2014-02-04 00:00:00',862,311,5,683.9),(913,85,'2013-12-19 00:00:00',377,315,5,910.45),(914,59,'2013-11-16 00:00:00',242,1,8,739.2),(915,79,'2014-04-06 00:00:00',714,286,4,916.71),(916,17,'2014-09-29 00:00:00',61,287,5,1470.34),(917,10,'2014-11-06 00:00:00',516,363,5,1369.87),(918,23,'2014-11-03 00:00:00',355,302,4,815.08),(919,7,'2015-06-27 00:00:00',403,344,5,988.98),(920,26,'2013-07-25 00:00:00',45,1,5,280.39),(921,42,'2015-05-21 00:00:00',182,1,5,359.02),(922,22,'2014-01-24 00:00:00',852,1,9,387.44),(923,104,'2013-09-21 00:00:00',356,1,1,535.74),(924,103,'2013-08-04 00:00:00',808,1,7,772.65),(925,5,'2013-11-20 00:00:00',392,1,1,164.86),(926,9,'2015-03-24 00:00:00',825,1,3,400.15),(927,78,'2014-09-07 00:00:00',469,339,4,926.85),(928,31,'2014-03-18 00:00:00',858,1,2,402.18),(929,117,'2013-07-14 00:00:00',66,281,2,1217.23),(930,107,'2013-11-04 00:00:00',160,316,6,1061.82),(931,112,'2015-05-20 00:00:00',694,1,9,345.93),(932,89,'2015-04-23 00:00:00',844,1,4,827.7),(933,57,'2014-11-07 00:00:00',667,1,3,599.11),(934,111,'2015-01-15 00:00:00',615,294,7,914.95),(935,50,'2013-11-10 00:00:00',259,1,1,369.4),(936,76,'2014-08-28 00:00:00',546,1,2,276.46),(937,31,'2014-11-11 00:00:00',107,1,9,307.25),(938,76,'2014-05-11 00:00:00',101,347,6,850.81),(939,27,'2015-01-18 00:00:00',810,319,4,1140.94),(940,89,'2013-12-12 00:00:00',500,357,1,1151.92),(941,2,'2015-01-13 00:00:00',925,378,5,1089.17),(942,19,'2013-09-01 00:00:00',102,365,4,524.95),(943,26,'2014-04-11 00:00:00',313,1,5,699),(944,47,'2015-06-28 00:00:00',243,1,7,507.52),(945,4,'2014-07-12 00:00:00',430,1,8,729.08),(946,102,'2014-10-26 00:00:00',6,1,7,466.16),(947,8,'2015-04-23 00:00:00',927,1,7,461.22),(948,115,'2014-06-23 00:00:00',410,311,10,851.26),(949,72,'2015-02-26 00:00:00',751,1,5,678.77),(950,6,'2013-12-20 00:00:00',993,1,3,576.43),(951,58,'2013-12-08 00:00:00',387,1,7,314.15),(952,52,'2015-05-12 00:00:00',633,308,1,1055.45),(953,42,'2013-07-30 00:00:00',729,359,3,1063.48),(954,89,'2015-01-15 00:00:00',615,294,1,914.95),(955,86,'2013-11-23 00:00:00',481,307,1,1114.78),(956,2,'2013-12-20 00:00:00',993,1,10,576.43),(957,62,'2014-07-02 00:00:00',4,1,10,663.58),(958,7,'2014-12-24 00:00:00',706,1,9,552.75),(959,87,'2014-02-22 00:00:00',970,1,7,623.85),(960,60,'2014-12-10 00:00:00',424,285,6,1118.05),(961,8,'2014-02-05 00:00:00',606,1,10,691.07),(962,11,'2013-10-19 00:00:00',843,1,9,677.06),(963,86,'2015-02-21 00:00:00',946,1,10,536.71),(964,10,'2013-11-10 00:00:00',657,1,3,397.97),(965,85,'2014-10-10 00:00:00',926,1,2,316.88),(966,111,'2014-05-26 00:00:00',388,1,10,574.94),(967,77,'2013-12-23 00:00:00',7,350,8,623.54),(968,96,'2013-10-19 00:00:00',733,1,5,591.79),(969,47,'2014-05-22 00:00:00',994,1,8,508.35),(970,2,'2013-11-26 00:00:00',85,1,9,215.79),(971,50,'2014-04-23 00:00:00',984,339,3,1006.24),(972,62,'2013-12-17 00:00:00',281,1,1,752.14),(973,42,'2014-04-26 00:00:00',537,344,6,732.49),(974,87,'2013-08-28 00:00:00',936,376,9,473.29),(975,61,'2015-04-05 00:00:00',207,321,1,1111.43),(976,38,'2013-09-29 00:00:00',144,330,4,542.54),(977,40,'2013-12-28 00:00:00',106,284,3,875.77),(978,37,'2015-02-19 00:00:00',822,315,2,356.03),(979,36,'2015-05-24 00:00:00',493,356,8,836.29),(980,33,'2015-03-05 00:00:00',278,1,1,230.04),(981,53,'2014-08-27 00:00:00',933,1,10,220.77),(982,112,'2013-12-23 00:00:00',72,367,8,1385.81),(983,20,'2014-02-19 00:00:00',130,344,4,991.67),(984,50,'2015-01-31 00:00:00',708,348,10,730.9),(985,84,'2014-10-26 00:00:00',312,1,3,362.19),(986,30,'2015-02-05 00:00:00',429,1,10,495.73),(987,57,'2014-07-30 00:00:00',748,377,8,1217.93),(988,83,'2015-02-21 00:00:00',600,332,6,877.01),(989,100,'2015-05-12 00:00:00',633,308,5,1055.45),(990,47,'2013-09-01 00:00:00',123,1,3,639.26),(991,74,'2015-01-12 00:00:00',543,1,7,403.44),(992,4,'2014-07-09 00:00:00',533,294,1,1086.14),(993,10,'2014-09-11 00:00:00',937,349,2,1166.69),(994,117,'2014-09-19 00:00:00',154,298,4,908.29),(995,99,'2013-07-14 00:00:00',66,281,5,1217.23),(996,68,'2014-12-06 00:00:00',677,339,5,700.93),(997,101,'2014-02-24 00:00:00',951,1,5,455.89),(998,33,'2014-11-05 00:00:00',996,1,4,819.96),(999,112,'2014-11-09 00:00:00',197,378,4,1041.22),(1000,71,'2015-01-29 00:00:00',235,1,7,727.21),(1001,107,'2014-03-18 00:00:00',858,1,1,402.18),(1002,6,'2014-12-08 00:00:00',771,1,4,663.56),(1003,29,'2014-09-26 00:00:00',415,1,2,765.29),(1004,36,'2013-07-14 00:00:00',20,326,9,520.43),(1005,116,'2015-02-05 00:00:00',159,281,1,1363.38),(1006,6,'2013-11-12 00:00:00',32,285,2,717.43),(1007,98,'2015-06-02 00:00:00',765,1,1,771.28),(1008,82,'2013-08-04 00:00:00',808,1,7,772.65),(1009,63,'2014-03-16 00:00:00',409,376,10,642.51),(1010,5,'2014-02-28 00:00:00',678,339,1,402.91),(1011,16,'2013-11-29 00:00:00',908,335,8,989.43),(1012,107,'2014-05-02 00:00:00',649,1,7,225.09),(1013,111,'2014-12-29 00:00:00',859,1,2,311.78),(1014,88,'2014-01-27 00:00:00',827,1,1,219.66),(1015,34,'2014-03-11 00:00:00',477,344,3,831.81),(1016,106,'2014-08-26 00:00:00',645,1,3,199.25),(1017,70,'2014-11-13 00:00:00',108,324,3,1363.32),(1018,107,'2013-10-27 00:00:00',691,323,7,415.8),(1019,37,'2015-03-15 00:00:00',196,1,5,794.26),(1020,17,'2014-12-07 00:00:00',554,1,4,499.93),(1021,77,'2014-02-21 00:00:00',718,1,4,714.48),(1022,98,'2015-04-01 00:00:00',96,289,5,939.71),(1023,103,'2014-06-29 00:00:00',826,281,5,904.55),(1024,10,'2014-09-27 00:00:00',170,1,7,317.74),(1025,102,'2014-10-03 00:00:00',531,1,5,588.23),(1026,106,'2013-11-17 00:00:00',856,1,8,470.33),(1027,41,'2014-03-06 00:00:00',364,1,2,410.64),(1028,112,'2014-05-05 00:00:00',849,1,9,392.61),(1029,49,'2014-06-06 00:00:00',956,327,6,876.55),(1030,57,'2015-06-01 00:00:00',121,289,6,1313.13),(1031,24,'2013-12-22 00:00:00',893,360,9,1107.15),(1032,85,'2015-04-01 00:00:00',193,1,9,228.52),(1033,57,'2015-06-07 00:00:00',871,1,2,545.46),(1034,26,'2013-07-04 00:00:00',787,349,7,1236.79),(1035,24,'2015-04-06 00:00:00',407,1,1,255.17),(1036,35,'2014-08-15 00:00:00',437,1,4,250.31),(1037,48,'2013-11-19 00:00:00',877,1,8,699.2),(1038,96,'2014-04-27 00:00:00',588,303,7,733.92),(1039,112,'2014-12-16 00:00:00',646,1,10,261.86),(1040,78,'2014-03-16 00:00:00',409,376,6,642.51),(1041,18,'2015-05-26 00:00:00',934,1,1,777.84),(1042,36,'2015-02-16 00:00:00',219,366,7,928.96),(1043,67,'2013-11-14 00:00:00',664,326,6,335.68),(1044,100,'2015-01-01 00:00:00',263,305,4,1481.53),(1045,41,'2014-01-21 00:00:00',779,1,1,779.86),(1046,16,'2013-12-23 00:00:00',7,350,6,623.54),(1047,93,'2014-10-02 00:00:00',16,1,9,746.8),(1048,51,'2014-12-21 00:00:00',250,329,1,1205.79),(1049,73,'2013-09-28 00:00:00',874,376,5,721.31),(1050,83,'2014-10-05 00:00:00',376,319,5,748.44),(1051,45,'2013-09-10 00:00:00',898,1,6,413.32),(1052,48,'2014-07-01 00:00:00',100,326,6,596.43),(1053,87,'2015-02-21 00:00:00',845,296,6,749.12),(1054,60,'2013-11-07 00:00:00',494,1,2,215.92),(1055,108,'2015-05-29 00:00:00',999,1,10,548.63),(1056,90,'2014-04-26 00:00:00',537,344,9,732.49),(1057,5,'2014-02-05 00:00:00',606,1,2,691.07),(1058,13,'2015-01-29 00:00:00',563,355,1,795.93),(1059,82,'2014-12-02 00:00:00',915,1,1,705.94),(1060,75,'2013-10-21 00:00:00',819,1,10,549.25),(1061,51,'2014-04-17 00:00:00',341,327,10,521.56),(1062,117,'2014-07-02 00:00:00',712,1,4,696.11),(1063,11,'2014-09-24 00:00:00',137,293,10,649.01),(1064,24,'2014-05-11 00:00:00',101,347,7,850.81),(1065,17,'2015-03-01 00:00:00',135,1,10,514.76),(1066,72,'2015-04-29 00:00:00',773,287,9,1247.9),(1067,66,'2014-11-05 00:00:00',179,1,6,397.27),(1068,106,'2015-05-03 00:00:00',692,1,4,410.68),(1069,28,'2013-09-14 00:00:00',920,1,1,334.78),(1070,78,'2014-06-29 00:00:00',505,291,4,1405.8),(1071,63,'2014-06-18 00:00:00',216,354,7,594.05),(1072,91,'2014-10-15 00:00:00',282,1,8,585.83),(1073,46,'2013-11-17 00:00:00',863,1,9,707.65),(1074,89,'2014-01-31 00:00:00',555,1,1,596.73),(1075,34,'2014-08-15 00:00:00',437,1,4,250.31),(1076,97,'2014-10-03 00:00:00',260,1,4,697.42),(1077,49,'2014-05-29 00:00:00',699,283,5,1204.99),(1078,14,'2013-07-18 00:00:00',15,1,5,260.8),(1079,42,'2013-11-23 00:00:00',481,307,3,1114.78),(1080,28,'2015-03-31 00:00:00',198,360,10,939.59),(1081,8,'2013-12-20 00:00:00',974,1,2,286.38),(1082,13,'2015-02-21 00:00:00',946,1,5,536.71),(1083,96,'2014-06-29 00:00:00',157,1,8,437.87),(1084,52,'2013-11-28 00:00:00',593,1,6,580.6),(1085,26,'2014-02-04 00:00:00',862,311,5,683.9),(1086,98,'2013-09-11 00:00:00',460,315,4,708.51),(1087,103,'2013-12-08 00:00:00',387,1,5,314.15),(1088,115,'2014-05-20 00:00:00',763,283,2,955.55),(1089,76,'2014-03-28 00:00:00',681,1,7,443.52),(1090,36,'2015-01-16 00:00:00',439,1,4,431.03),(1091,23,'2014-01-29 00:00:00',622,1,2,282.11),(1092,93,'2015-03-05 00:00:00',278,1,1,230.04),(1093,98,'2014-12-04 00:00:00',171,284,10,962.73),(1094,62,'2014-10-31 00:00:00',463,1,6,782.15),(1095,46,'2013-07-18 00:00:00',15,1,5,260.8),(1096,10,'2015-02-27 00:00:00',636,1,4,544.87),(1097,105,'2013-12-19 00:00:00',377,315,5,910.45),(1098,69,'2014-07-17 00:00:00',780,1,3,475.48),(1099,10,'2014-06-20 00:00:00',310,375,6,725.7),(1100,69,'2014-12-10 00:00:00',511,1,8,487.53),(1101,27,'2013-11-21 00:00:00',228,1,5,342.7),(1102,53,'2014-09-27 00:00:00',170,1,7,317.74),(1103,80,'2013-12-23 00:00:00',56,359,3,987.63),(1104,5,'2013-07-10 00:00:00',366,1,2,621.26),(1105,39,'2013-10-02 00:00:00',352,1,1,199.95),(1106,47,'2014-04-26 00:00:00',891,1,8,317.77),(1107,61,'2013-10-14 00:00:00',82,1,1,483.38),(1108,77,'2015-01-29 00:00:00',44,1,2,237.75),(1109,24,'2013-08-09 00:00:00',36,1,3,329.12),(1110,11,'2014-06-24 00:00:00',784,294,7,1381.69),(1111,45,'2015-05-09 00:00:00',842,292,9,440.77),(1112,100,'2014-07-07 00:00:00',875,1,7,333.68),(1113,5,'2015-05-12 00:00:00',633,308,7,1055.45),(1114,30,'2013-08-07 00:00:00',579,291,2,1055.62),(1115,101,'2014-04-26 00:00:00',891,1,1,317.77),(1116,73,'2015-04-10 00:00:00',322,1,10,445.73),(1117,52,'2015-01-18 00:00:00',810,319,4,1140.94),(1118,102,'2014-08-27 00:00:00',903,1,9,367.77),(1119,92,'2015-01-16 00:00:00',439,1,3,431.03),(1120,110,'2013-08-04 00:00:00',808,1,1,772.65),(1121,32,'2014-09-29 00:00:00',61,287,5,1470.34),(1122,52,'2014-05-21 00:00:00',886,373,3,1573.54),(1123,100,'2014-01-04 00:00:00',597,356,9,739.63),(1124,87,'2015-06-01 00:00:00',121,289,6,1313.13),(1125,17,'2015-03-05 00:00:00',278,1,3,230.04),(1126,40,'2013-07-29 00:00:00',944,335,3,1602.43),(1127,84,'2015-04-08 00:00:00',191,1,4,705.38),(1128,112,'2014-03-11 00:00:00',477,344,9,831.81),(1129,70,'2014-01-13 00:00:00',436,1,7,771),(1130,61,'2014-04-19 00:00:00',998,329,8,876.52),(1131,59,'2014-06-29 00:00:00',157,1,8,437.87),(1132,54,'2014-04-03 00:00:00',683,361,3,931.2),(1133,19,'2015-02-16 00:00:00',219,366,10,928.96),(1134,52,'2014-09-03 00:00:00',335,335,5,1630.93),(1135,16,'2014-11-18 00:00:00',853,1,5,763.1),(1136,87,'2014-05-31 00:00:00',62,1,6,338.07),(1137,24,'2013-12-04 00:00:00',963,294,5,908.39),(1138,20,'2015-03-20 00:00:00',91,1,10,232.27),(1139,17,'2014-06-05 00:00:00',299,367,9,868.78),(1140,80,'2013-11-27 00:00:00',329,1,9,736.27),(1141,14,'2013-11-18 00:00:00',813,1,9,870.59),(1142,27,'2015-01-16 00:00:00',603,299,5,748.71),(1143,54,'2014-08-27 00:00:00',156,1,10,645.7),(1144,22,'2014-12-17 00:00:00',798,1,3,827.16),(1145,89,'2014-12-15 00:00:00',651,341,1,585.35),(1146,110,'2014-01-13 00:00:00',520,1,5,706.12),(1147,48,'2013-10-21 00:00:00',819,1,4,549.25),(1148,108,'2014-06-29 00:00:00',157,1,4,437.87),(1149,38,'2013-12-15 00:00:00',406,1,7,280.52),(1150,92,'2013-09-11 00:00:00',287,1,6,768.35),(1151,55,'2013-10-22 00:00:00',498,1,7,826.16),(1152,10,'2014-01-04 00:00:00',769,321,3,1101.46),(1153,49,'2013-07-08 00:00:00',139,1,4,552.97),(1154,71,'2013-12-04 00:00:00',541,322,2,1233.14),(1155,34,'2013-07-29 00:00:00',258,1,2,258.91),(1156,83,'2015-05-18 00:00:00',386,1,9,674.09),(1157,116,'2014-06-27 00:00:00',199,1,3,160.86),(1158,111,'2015-01-10 00:00:00',283,1,9,591.43),(1159,24,'2015-03-31 00:00:00',198,360,9,939.59),(1160,90,'2015-01-23 00:00:00',276,1,6,808.16),(1161,60,'2014-09-09 00:00:00',112,1,9,304.81),(1162,53,'2015-02-27 00:00:00',636,1,6,544.87),(1163,12,'2014-10-29 00:00:00',797,373,2,1517.01),(1164,31,'2014-10-09 00:00:00',791,325,5,1326.45),(1165,37,'2013-07-16 00:00:00',670,338,5,1159.03),(1166,26,'2013-11-04 00:00:00',160,316,8,1061.82),(1167,20,'2014-05-26 00:00:00',388,1,5,574.94),(1168,28,'2014-09-27 00:00:00',860,1,4,616.49),(1169,85,'2014-08-26 00:00:00',454,1,9,737.61),(1170,34,'2014-01-18 00:00:00',654,1,8,511.53),(1171,23,'2015-01-16 00:00:00',439,1,10,431.03),(1172,48,'2015-06-12 00:00:00',129,1,2,174.28),(1173,39,'2013-09-02 00:00:00',868,1,1,502.12),(1174,34,'2014-05-19 00:00:00',916,1,10,743.63),(1175,33,'2013-12-28 00:00:00',979,1,2,344.78),(1176,56,'2015-06-12 00:00:00',803,354,5,552.86),(1177,109,'2014-07-14 00:00:00',64,331,3,1376.11),(1178,20,'2015-06-13 00:00:00',326,1,8,197.94),(1179,77,'2014-02-03 00:00:00',574,1,8,386.07),(1180,62,'2014-12-04 00:00:00',171,284,2,962.73),(1181,89,'2015-01-29 00:00:00',44,1,10,237.75),(1182,83,'2014-05-04 00:00:00',542,1,9,302.13),(1183,69,'2015-06-05 00:00:00',158,1,9,809.24),(1184,68,'2014-01-18 00:00:00',654,1,6,511.53),(1185,62,'2013-08-29 00:00:00',146,309,7,1095.74),(1186,51,'2015-06-06 00:00:00',125,374,2,1250.77),(1187,107,'2014-09-27 00:00:00',170,1,8,317.74),(1188,29,'2015-05-26 00:00:00',934,1,8,777.84),(1189,18,'2014-02-03 00:00:00',795,1,8,677.33),(1190,99,'2014-07-27 00:00:00',786,1,4,485.14),(1191,107,'2015-05-07 00:00:00',942,323,8,393.64),(1192,27,'2014-05-22 00:00:00',411,1,8,471.63),(1193,56,'2014-01-22 00:00:00',247,332,6,1508.78),(1194,42,'2013-10-23 00:00:00',220,1,5,196.73),(1195,74,'2014-03-24 00:00:00',186,360,9,945.87),(1196,55,'2013-07-28 00:00:00',778,350,3,749.13),(1197,90,'2014-08-27 00:00:00',933,1,8,220.77),(1198,30,'2015-04-05 00:00:00',207,321,3,1111.43),(1199,115,'2014-04-18 00:00:00',433,291,4,1349.84),(1200,101,'2014-01-04 00:00:00',153,290,3,772.27),(1201,3,'2013-08-07 00:00:00',261,357,1,1092.99),(1202,110,'2014-10-22 00:00:00',203,1,7,180.01),(1203,79,'2015-05-23 00:00:00',149,1,3,698.17),(1204,60,'2014-12-05 00:00:00',814,1,8,486.26),(1205,117,'2013-08-03 00:00:00',486,322,8,640.86),(1206,100,'2015-05-03 00:00:00',692,1,6,410.68),(1207,35,'2014-08-12 00:00:00',674,1,4,352.66),(1208,93,'2014-11-21 00:00:00',254,1,2,700.26),(1209,74,'2015-01-10 00:00:00',283,1,4,591.43),(1210,37,'2013-08-13 00:00:00',336,291,9,945.1),(1211,30,'2014-06-28 00:00:00',668,1,1,743.41),(1212,109,'2014-12-12 00:00:00',919,1,2,800.9),(1213,6,'2014-08-11 00:00:00',619,363,6,999.43),(1214,101,'2015-06-02 00:00:00',765,1,1,771.28),(1215,77,'2013-10-25 00:00:00',173,1,7,769.64),(1216,75,'2014-06-05 00:00:00',299,367,8,868.78),(1217,91,'2013-11-19 00:00:00',743,330,9,611.95),(1218,105,'2014-10-20 00:00:00',848,315,10,485.44),(1219,54,'2014-06-16 00:00:00',978,1,8,616.91),(1220,85,'2015-04-01 00:00:00',96,289,9,939.71),(1221,53,'2013-12-28 00:00:00',979,1,7,344.78),(1222,5,'2014-06-29 00:00:00',157,1,1,437.87),(1223,34,'2015-03-22 00:00:00',181,1,5,524.09),(1224,117,'2013-11-23 00:00:00',481,307,4,1114.78),(1225,10,'2015-04-15 00:00:00',517,1,9,448.8),(1226,90,'2014-11-15 00:00:00',855,341,5,285),(1227,15,'2015-04-14 00:00:00',68,330,6,801.93),(1228,47,'2014-06-29 00:00:00',505,291,3,1405.8),(1229,12,'2013-07-30 00:00:00',729,359,2,1063.48),(1230,30,'2013-10-12 00:00:00',360,1,7,779.4),(1231,17,'2014-05-14 00:00:00',782,1,7,206.1),(1232,10,'2015-03-31 00:00:00',198,360,9,939.59),(1233,67,'2015-05-12 00:00:00',830,1,2,384.65),(1234,104,'2014-01-10 00:00:00',42,348,2,1079.09),(1235,27,'2014-11-14 00:00:00',262,1,7,463.47),(1236,5,'2014-01-18 00:00:00',838,294,7,1292.05),(1237,101,'2013-12-23 00:00:00',56,359,1,987.63),(1238,15,'2014-03-15 00:00:00',111,1,10,776.47),(1239,25,'2013-12-25 00:00:00',965,299,10,816.44),(1240,6,'2014-08-15 00:00:00',437,1,6,250.31),(1241,64,'2015-03-24 00:00:00',825,1,5,400.15),(1242,20,'2014-05-05 00:00:00',849,1,10,392.61),(1243,40,'2015-03-14 00:00:00',913,1,6,200.99),(1244,52,'2015-01-28 00:00:00',515,347,3,1262.09),(1245,94,'2015-05-21 00:00:00',182,1,2,359.02),(1246,43,'2013-09-17 00:00:00',981,341,7,561.84),(1247,92,'2014-09-18 00:00:00',60,1,8,334.95),(1248,30,'2015-02-03 00:00:00',882,1,10,446.41),(1249,30,'2014-04-02 00:00:00',10,361,3,1399.74),(1250,36,'2014-02-08 00:00:00',323,291,3,907.16),(1251,8,'2014-05-22 00:00:00',411,1,10,471.63),(1252,10,'2014-05-09 00:00:00',373,339,5,950.78),(1253,86,'2014-06-13 00:00:00',29,1,6,380.56),(1254,82,'2015-05-03 00:00:00',692,1,5,410.68),(1255,52,'2013-08-25 00:00:00',362,324,5,1346.49),(1256,14,'2014-01-29 00:00:00',120,1,10,385.72),(1257,63,'2014-06-19 00:00:00',302,1,4,408.3),(1258,10,'2015-03-11 00:00:00',547,340,6,1125.94),(1259,21,'2014-09-24 00:00:00',817,1,6,504.94),(1260,48,'2014-04-26 00:00:00',449,351,4,984.61),(1261,60,'2013-09-29 00:00:00',144,330,5,542.54),(1262,76,'2014-07-12 00:00:00',215,1,6,809.02),(1263,113,'2014-04-11 00:00:00',762,1,8,674.08),(1264,20,'2015-05-12 00:00:00',633,308,1,1055.45),(1265,91,'2013-09-09 00:00:00',961,1,1,751.96),(1266,54,'2013-07-03 00:00:00',731,1,8,791.77),(1267,60,'2013-07-04 00:00:00',530,1,8,580.41),(1268,118,'2014-05-07 00:00:00',535,294,1,957.17),(1269,94,'2015-06-05 00:00:00',136,1,4,496.51),(1270,92,'2014-09-12 00:00:00',724,355,10,818.58),(1271,68,'2014-05-24 00:00:00',528,290,7,1033.97),(1272,33,'2014-03-06 00:00:00',833,364,4,853.31),(1273,83,'2014-12-05 00:00:00',814,1,5,486.26),(1274,33,'2014-01-29 00:00:00',120,1,9,385.72),(1275,111,'2013-09-18 00:00:00',781,1,2,576.4),(1276,3,'2014-02-28 00:00:00',818,331,4,1241.54),(1277,102,'2014-07-30 00:00:00',134,1,7,501.3),(1278,84,'2015-02-21 00:00:00',600,332,5,877.01),(1279,106,'2013-07-10 00:00:00',366,1,1,621.26),(1280,60,'2015-03-08 00:00:00',800,1,7,752.85),(1281,45,'2014-11-05 00:00:00',202,1,4,390.03),(1282,90,'2015-01-29 00:00:00',563,355,6,795.93),(1283,13,'2014-04-11 00:00:00',313,1,6,699),(1284,5,'2013-11-22 00:00:00',799,350,10,666.66),(1285,53,'2014-08-20 00:00:00',255,308,3,743.42),(1286,59,'2015-02-17 00:00:00',236,1,8,540.94),(1287,9,'2014-04-24 00:00:00',695,1,4,353.75),(1288,19,'2013-11-11 00:00:00',275,297,7,1225.13),(1289,56,'2014-06-01 00:00:00',734,1,10,444.57),(1290,113,'2014-11-17 00:00:00',599,1,3,346.75),(1291,106,'2013-12-10 00:00:00',225,1,6,632.44),(1292,35,'2015-03-24 00:00:00',825,1,9,400.15),(1293,83,'2015-05-26 00:00:00',672,358,4,830.61),(1294,44,'2015-05-24 00:00:00',493,356,5,836.29),(1295,70,'2014-04-02 00:00:00',518,1,6,441.05),(1296,23,'2013-09-30 00:00:00',13,1,10,431.26),(1297,44,'2013-09-13 00:00:00',230,1,7,746.15),(1298,46,'2014-07-08 00:00:00',621,339,3,906.72),(1299,35,'2015-05-20 00:00:00',694,1,3,345.93),(1300,32,'2014-06-07 00:00:00',69,340,8,931.94),(1301,114,'2014-07-30 00:00:00',748,377,4,1217.93),(1302,40,'2013-08-23 00:00:00',735,1,1,454.91),(1303,69,'2014-09-27 00:00:00',170,1,3,317.74),(1304,44,'2015-01-24 00:00:00',732,1,5,166.41),(1305,14,'2014-09-01 00:00:00',580,1,1,307.42),(1306,67,'2014-10-15 00:00:00',468,1,6,559.97),(1307,27,'2013-10-23 00:00:00',220,1,4,196.73),(1308,66,'2014-09-01 00:00:00',167,360,7,920.61),(1309,115,'2015-03-17 00:00:00',63,354,8,663.05),(1310,106,'2014-11-21 00:00:00',396,1,7,353.1),(1311,62,'2014-12-10 00:00:00',906,1,4,814.17),(1312,88,'2014-09-26 00:00:00',415,1,7,765.29),(1313,40,'2014-06-27 00:00:00',199,1,4,160.86),(1314,74,'2014-08-11 00:00:00',647,324,3,1082.52),(1315,88,'2015-06-17 00:00:00',824,325,8,1195),(1316,113,'2014-06-29 00:00:00',157,1,10,437.87),(1317,113,'2013-07-18 00:00:00',208,1,3,404.87),(1318,80,'2013-08-18 00:00:00',687,1,5,503.22),(1319,21,'2013-07-07 00:00:00',980,1,4,678.67),(1320,87,'2014-10-14 00:00:00',495,374,5,1313.91),(1321,71,'2015-01-28 00:00:00',767,1,6,693.14),(1322,12,'2014-07-20 00:00:00',790,1,7,563.77),(1323,49,'2014-07-16 00:00:00',445,1,4,742.82),(1324,27,'2015-06-01 00:00:00',121,289,2,1313.13),(1325,41,'2014-05-22 00:00:00',327,1,7,435.9),(1326,44,'2014-01-04 00:00:00',977,1,7,225.54),(1327,114,'2013-09-01 00:00:00',169,368,4,1206.71),(1328,6,'2013-10-25 00:00:00',81,305,9,1307.53),(1329,9,'2014-04-17 00:00:00',341,327,2,521.56),(1330,38,'2013-10-17 00:00:00',133,1,9,325.99),(1331,61,'2013-12-16 00:00:00',43,355,3,841.85),(1332,79,'2013-12-16 00:00:00',540,1,2,172.39),(1333,102,'2013-09-08 00:00:00',466,1,7,426.35),(1334,2,'2014-04-14 00:00:00',113,1,10,718.67),(1335,1,'2015-01-19 08:46:52',199,199,1,128.03);
/*!40000 ALTER TABLE `passagem` ENABLE KEYS */;
UNLOCK TABLES;

--
-- Table structure for table `permissao`
--

DROP TABLE IF EXISTS `permissao`;
/*!40101 SET @saved_cs_client     = @@character_set_client */;
/*!40101 SET character_set_client = utf8 */;
CREATE TABLE `permissao` (
  `id` int(11) NOT NULL AUTO_INCREMENT,
  `papel` int(11) NOT NULL,
  `tipopermissao` int(11) NOT NULL,
  `habilitado` int(11) NOT NULL,
  PRIMARY KEY (`id`),
  KEY `papel_index` (`papel`),
  KEY `tipopermissao_index` (`tipopermissao`),
  KEY `habilitado_index` (`habilitado`),
  CONSTRAINT `permissao_ibfk_1` FOREIGN KEY (`papel`) REFERENCES `papeis` (`id`),
  CONSTRAINT `permissao_ibfk_2` FOREIGN KEY (`tipopermissao`) REFERENCES `tipopermissao` (`id`)
) ENGINE=InnoDB AUTO_INCREMENT=43 DEFAULT CHARSET=utf8;
/*!40101 SET character_set_client = @saved_cs_client */;

--
-- Dumping data for table `permissao`
--

LOCK TABLES `permissao` WRITE;
/*!40000 ALTER TABLE `permissao` DISABLE KEYS */;
INSERT INTO `permissao` VALUES (1,1,1,1),(2,1,2,1),(3,1,3,1),(4,1,4,1),(5,1,5,1),(6,1,6,1),(7,1,7,1),(8,2,1,1),(9,2,2,1),(10,2,3,1),(11,2,4,1),(12,2,5,1),(13,2,6,1),(14,2,7,1),(15,3,1,0),(16,3,2,1),(17,3,3,1),(18,3,4,1),(19,3,5,0),(20,3,6,1),(21,3,7,1),(22,4,1,0),(23,4,2,0),(24,4,3,0),(25,4,4,0),(26,4,5,1),(27,4,6,1),(28,4,7,1),(29,5,1,0),(30,5,2,1),(31,5,3,0),(32,5,4,0),(33,5,5,0),(34,5,6,1),(35,5,7,1),(36,6,1,1),(37,6,2,0),(38,6,3,1),(39,6,4,0),(40,6,5,0),(41,6,6,1),(42,6,7,0);
/*!40000 ALTER TABLE `permissao` ENABLE KEYS */;
UNLOCK TABLES;

--
-- Table structure for table `pessoa`
--

DROP TABLE IF EXISTS `pessoa`;
/*!40101 SET @saved_cs_client     = @@character_set_client */;
/*!40101 SET character_set_client = utf8 */;
CREATE TABLE `pessoa` (
  `id` int(11) NOT NULL AUTO_INCREMENT,
  `nome` varchar(45) DEFAULT NULL,
  `empresa` int(11) NOT NULL,
  `papel` int(11) NOT NULL,
  `nascimento` datetime DEFAULT NULL,
  `idioma` int(11) NOT NULL,
  `usuario` varchar(12) DEFAULT NULL,
  `senha` varchar(12) DEFAULT NULL,
  `foto` longblob,
  PRIMARY KEY (`id`),
  KEY `empresa_index` (`empresa`),
  KEY `papel_index` (`papel`),
  KEY `idioma_index` (`idioma`),
  CONSTRAINT `pessoa_ibfk_1` FOREIGN KEY (`empresa`) REFERENCES `empresa` (`id`),
  CONSTRAINT `pessoa_ibfk_2` FOREIGN KEY (`papel`) REFERENCES `papeis` (`id`),
  CONSTRAINT `pessoa_ibfk_3` FOREIGN KEY (`idioma`) REFERENCES `idioma` (`id`)
) ENGINE=InnoDB AUTO_INCREMENT=122 DEFAULT CHARSET=utf8;
/*!40101 SET character_set_client = @saved_cs_client */;

--
-- Dumping data for table `pessoa`
--

LOCK TABLES `pessoa` WRITE;
/*!40000 ALTER TABLE `pessoa` DISABLE KEYS */;
INSERT INTO `pessoa` VALUES (1,'Administrador',37,1,'1983-12-10 00:00:00',2,'admin','oc2014',NULL),(2,'Robson Proenca Nocchi',38,2,'1956-05-05 00:00:00',2,'robs-on','rob9sOn',NULL),(3,'Marcelo Umezaki Chasco',38,3,'1957-10-25 00:00:00',2,'m@arc-elo','marcE7lo',NULL),(4,'Jansen Penz de Macedo',22,2,'1973-10-11 00:00:00',1,'ja@ns.en','j3Ansen',NULL),(5,'Antônio de Mattos Kalinowski',10,2,'1951-06-14 00:00:00',1,'antonio','Antonio9',NULL),(6,'Rafael Marques Sales de Araujo',12,2,'1976-11-11 00:00:00',3,'raf-ae@l','rafA8el',NULL),(7,'Luiz Leone',15,2,'1980-07-18 00:00:00',1,'luis','Lui6z',NULL),(8,'Carolina Maira Rocha Almeida Coelho',17,2,'1973-03-09 00:00:00',3,'c@rolina','car9oliNa',NULL),(9,'Ricardo Cuervo Covaleski Dos Santos',33,2,'1980-01-13 00:00:00',2,'r@ic-ar.do','ri8cArdo',NULL),(10,'Gabriela Lebarbenchon Mota',20,2,'1978-01-27 00:00:00',3,'ga-briela','ga2Briela',NULL),(11,'Marcelo Schlichta Giusti',22,3,'1963-07-05 00:00:00',2,'ma@rcel.o','marC2elo',NULL),(12,'Alexandre de Oliveira',14,2,'1958-02-24 00:00:00',2,'alexa@ndre','alex6anDre',NULL),(13,'Diego Henrique Fatiga',22,4,'1987-08-10 00:00:00',2,'diego','dIego8',NULL),(14,'Luciene Paulo Nunes Barbosa',4,2,'1959-03-11 00:00:00',1,'lucien@e','lUcie0ne',NULL),(15,'Gabriela Garcia Kolodzejezyk',6,2,'1951-07-11 00:00:00',3,'gabrie.la','Gabr2iela',NULL),(16,'Claudio Zara Dantas',11,2,'1951-06-21 00:00:00',3,'claudio','claudIo8',NULL),(17,'Elisabete Dos Santos Kienteka',5,2,'1966-11-05 00:00:00',2,'elisa.bete','Elis1abete',NULL),(18,'Jesiel Orlando Gomes de Oliveira',8,2,'1993-07-29 00:00:00',3,'j@esiel','jeS9iel',NULL),(19,'Karla Dos Santos Machado',7,2,'1977-02-18 00:00:00',3,'k.arla','kArl2a',NULL),(20,'Alessandro Lopes Da Silva',14,3,'1979-01-25 00:00:00',3,'alessandro','alesS1andro',NULL),(21,'Giovan Moraes Faria Dos Santos',15,3,'1955-02-03 00:00:00',1,'giovan','gIovan6',NULL),(22,'Cheila Da Fonseca Carneiro',11,3,'1986-09-18 00:00:00',2,'chei.-la','chEila6',NULL),(23,'Adriana Hauser Centa',11,4,'1971-12-16 00:00:00',2,'adriana@','a5driaNa',NULL),(24,'Pedro Alves Nunes',34,2,'1966-06-15 00:00:00',2,'pe-dr.o','peDro1',NULL),(25,'Claudia Gazola Fernandes',36,2,'1989-01-19 00:00:00',1,'claudia','c4lAudia',NULL),(26,'Gabrielli Xavier Simoes',31,2,'1986-12-23 00:00:00',2,'gabrielli-','Gabrie0lli',NULL),(27,'Lilian Fogaca Sangaleti',21,2,'1979-01-29 00:00:00',3,'lilian','Li3lian',NULL),(28,'Rafael Vitor Goncalves de Sa',21,3,'1982-11-24 00:00:00',3,'rafa.el','rafaE9l',NULL),(29,'Rafael Fernanda Alves Zanoni',21,4,'1976-08-12 00:00:00',3,'rafael@','R3afael',NULL),(30,'Filipe Pessine',2,2,'1958-03-08 00:00:00',2,'f@ilipe','Fili2pe',NULL),(31,'Jansen Luiz Umebara',33,3,'1966-01-11 00:00:00',2,'jan.@sen','Jans2en',NULL),(32,'Matheus Laux',36,3,'1994-03-02 00:00:00',3,'m@theus','maTheu4s',NULL),(33,'Claudio Juliane Altoe',18,2,'1995-04-03 00:00:00',2,'cla.udio','claUd0io',NULL),(34,'Elika Maria Pacheco Maluf',32,2,'1965-11-14 00:00:00',1,'eli.ka','eliKa8',NULL),(35,'Kellen Schoemberger',12,3,'1961-09-15 00:00:00',2,'kell.-en','ke9lLen',NULL),(36,'Elismeia Diego Navarini',11,5,'1961-08-25 00:00:00',1,'eli-meia','elisMeia7',NULL),(37,'Rodrigo Mori',30,2,'1974-05-19 00:00:00',2,'rodr-go','rodR3igo',NULL),(38,'Walter Marty Libano de Souza',1,1,'1974-11-18 00:00:00',2,'walt-er','wa8ltEr',NULL),(39,'Marcelo Mena Cortarelli',13,2,'1952-03-15 00:00:00',1,'m@arcelo','marc0Elo',NULL),(40,'Fernanda Cavaleiro Costa Montoro',13,3,'1986-02-01 00:00:00',2,'fer@nanda','F1ernanda',NULL),(41,'Rodrigo Comparsi Bronaut',34,3,'1975-08-06 00:00:00',2,'r.odrigo','roDr6igo',NULL),(42,'Karla Cousseau',12,4,'1979-02-25 00:00:00',1,'kar.la','K1arla',NULL),(43,'Marissonia Lopes',9,2,'1967-06-06 00:00:00',3,'marissonia','ma6riSsonia',NULL),(44,'Nelio Augusto Gottschild',32,3,'1988-09-29 00:00:00',2,'n@eli.o','neLi8o',NULL),(45,'Mariana de Melo Perbelini',6,3,'1989-06-27 00:00:00',3,'marian@','mari9Ana',NULL),(46,'Carolina Francieli Pires Furtuoso',27,2,'1985-05-02 00:00:00',2,'ca-rolina','carO2lina',NULL),(47,'Marcelo Cristina Mendes de Oliveira',36,4,'1976-03-11 00:00:00',2,'marc@elo','marcelO3',NULL),(48,'Jonatas Jamur Contin',20,3,'1961-04-08 00:00:00',1,'jonatas','Jon2atas',NULL),(49,'Emmily Bravo Pontes',6,4,'1993-04-09 00:00:00',1,'emmily','emM3ily',NULL),(50,'Madaleine Caroline Campanini',32,4,'1968-01-07 00:00:00',3,'mada-l@eine','madAlei0ne',NULL),(51,'Stefan Manoela Cruz Lima Narezi',6,5,'1991-10-24 00:00:00',1,'s@te.fan','sT7efan',NULL),(52,'Thiago Nilton Fernandes de Souza',30,3,'1964-10-18 00:00:00',2,'thiago','t6hiaGo',NULL),(53,'Ana Kosak',30,4,'1961-07-05 00:00:00',2,'ana','anA5',NULL),(54,'Madaleine Guidini Sonni',14,4,'1964-09-26 00:00:00',2,'madal.eine','madalEine5',NULL),(55,'Alex Xavier Dos Santos',17,3,'1994-03-14 00:00:00',1,'alex','aLe0x',NULL),(56,'Igor Da Silva',22,5,'1975-07-22 00:00:00',2,'i@gor','igO0r',NULL),(57,'Cristiane Pacheco',21,5,'1958-07-14 00:00:00',3,'cristi-ane','crisTi9ane',NULL),(58,'Cristiane Jorge Cabreira',14,5,'1974-07-29 00:00:00',2,'cr-istiane','criS9tiane',NULL),(59,'Lucineide Helmuth Diesel',34,4,'1958-10-29 00:00:00',3,'lu-cin@eide','luci7neiDe',NULL),(60,'Marcos de Almeida Camargo',9,3,'1982-07-15 00:00:00',1,'m@rcos','Marc1os',NULL),(61,'Igor Leopoldo Carneiro Lobo',7,3,'1979-09-16 00:00:00',2,'.igo-r','iGor0',NULL),(62,'Paula Constantino de Oliveira Lima',25,2,'1976-08-02 00:00:00',2,'paula','Paul5a',NULL),(63,'Luiz Venicio Rohr',18,3,'1974-12-01 00:00:00',3,'lu-iz','Lui6z',NULL),(64,'Luiz Born',19,2,'1972-05-22 00:00:00',2,'l-u@iz','luI0z',NULL),(65,'Marcos Bortoloto',31,3,'1965-08-20 00:00:00',1,'marcos','marcOs3',NULL),(66,'Rodrigo Fernando Kornievicz',27,3,'1981-04-09 00:00:00',2,'rodrigo-','rodRi4go',NULL),(67,'Hevilla Aparecida Teixeira',2,4,'1952-02-05 00:00:00',1,'hevilla','heVi2lla',NULL),(68,'Rodrigo Gomes de Oliveira',9,4,'1976-09-20 00:00:00',2,'rodrigo','rodR1igo',NULL),(69,'Roberta Portella',22,6,'1989-03-18 00:00:00',1,'roberta','rOb4erta',NULL),(70,'Nelson Carlos Biesek',10,3,'1970-01-23 00:00:00',2,'nelson','Nelson3',NULL),(71,'Madaleine Fabiana Roeder',3,2,'1981-03-20 00:00:00',2,'madale.ine','maDa3leine',NULL),(72,'Jamille Miguel Souza Salvador',21,6,'1997-08-16 00:00:00',1,'jamille','jamIl9le',NULL),(73,'Elismeia Pereira Lima',20,4,'1974-11-29 00:00:00',1,'elismeia','El4ismeia',NULL),(74,'Lilian Dos Anjos Decastro',19,3,'1969-11-06 00:00:00',3,'l-.ilian','lI9lian',NULL),(75,'Mariana Marcolini',2,5,'1978-04-06 00:00:00',3,'maria-na','maR0iana',NULL),(76,'Cristiane Annie Silva Branco de',1,1,'1985-11-12 00:00:00',1,'cristiane@','cR1istiane',NULL),(77,'Matheus Somenci Peloi',35,2,'1996-11-30 00:00:00',1,'mathe.us','matheUs2',NULL),(78,'Rafael Orlando Sarda Filho',1,1,'1952-08-20 00:00:00',1,'raf@el','ra6faEl',NULL),(79,'Giselle Garcia Da Costa',33,4,'1966-02-25 00:00:00',1,'giselle','giseLl4e',NULL),(80,'Gabrielli Silva Morais',26,2,'1994-08-12 00:00:00',3,'gabr.iel-li','ga1brielLi',NULL),(81,'Otniel Osorio de Carvalho Arruda',31,4,'1982-12-08 00:00:00',1,'otni-el@','oTn7iel',NULL),(82,'Daniel Aparecida Benetti',21,5,'1983-08-20 00:00:00',2,'daniel-','Danie1l',NULL),(83,'Ana Fernandes',12,5,'1982-01-25 00:00:00',3,'ana@','aN2a',NULL),(84,'Rafael Carolina de Almeida Fernandes',3,3,'1989-12-11 00:00:00',3,'rafael','rafaeL6',NULL),(85,'Rodrigo Gomes de Souza',26,3,'1980-06-14 00:00:00',3,'rod.ri-go','roDrigo0',NULL),(86,'Carolina Reis Bia Nascimento',1,1,'1951-03-19 00:00:00',1,'.carolina','Caroli2na',NULL),(87,'Carlos Nascimento',1,1,'1990-02-08 00:00:00',1,'carlos','cA2rlos',NULL),(88,'Carolina Beatriz Batista',1,1,'1999-04-29 00:00:00',3,'ca-rolin@a','caroL0ina',NULL),(89,'Elismeia Gouveia Santana',5,3,'1986-10-31 00:00:00',3,'eli.smeia','elismeIa3',NULL),(90,'Claudia Halles Dos Santos',15,4,'1965-03-14 00:00:00',1,'claud@ia','claudI5a',NULL),(91,'Daniel Siqueira Fernandes',24,2,'1985-05-01 00:00:00',2,'daniel','dan5Iel',NULL),(92,'Raquel de Souza E Silva',1,1,'1970-04-11 00:00:00',3,'raquel','raqu5El',NULL),(93,'Karen Nunes Dos Santos Gomes',1,1,'1996-01-08 00:00:00',2,'ka-ren','kAren0',NULL),(94,'Luiz Bernaski Horbucz',1,1,'1973-05-16 00:00:00',3,'luiz','Lu7iz',NULL),(95,'Priscila Gerson Kavrokov Junior',1,1,'1971-05-09 00:00:00',2,'priscila','priSc2ila',NULL),(96,'Alexandre Akemi Dadaltt',29,2,'1967-06-05 00:00:00',2,'alexandre','alE6xandre',NULL),(97,'Elismeia Hoff',1,1,'1971-11-29 00:00:00',2,'elism-eia','Eli7smeia',NULL),(98,'Cheila Gimenes',1,1,'1959-02-09 00:00:00',3,'cheila','c0Heila',NULL),(99,'Carolina Mayna Arnaez Gimenes Santos',1,1,'1978-06-29 00:00:00',2,'caro-lina','carOlina8',NULL),(100,'Benedito Eduardo Barbosa',1,1,'1993-06-06 00:00:00',3,'be-ned@ito','be2nedIto',NULL),(101,'Elismeia Paula Pignata Toral',1,1,'1974-11-08 00:00:00',3,'elismeia@','Eli0smeia',NULL),(102,'Andreza Nadolny',1,1,'1970-03-28 00:00:00',3,'andrez@a','And4reza',NULL),(103,'Claudio William Jocota',1,1,'1951-02-12 00:00:00',1,'.claudio','Cl3audio',NULL),(104,'Mariana Feio de Lemos Gerhard',1,1,'1975-08-16 00:00:00',2,'mariana','Marian9a',NULL),(105,'Lucimar Carleones Romao Batista',1,1,'1994-07-17 00:00:00',3,'l@ucimar','luc3imAr',NULL),(106,'Rodrigo Viviane Aleixo',1,1,'1953-06-19 00:00:00',1,'rod@rigo','roD7rigo',NULL),(107,'Francieli Marcieli Scheuermann',1,1,'1980-10-30 00:00:00',3,'franc.ieli','franCie6li',NULL),(108,'Ana Do Rosario Carboni Begotto',1,1,'1975-07-23 00:00:00',3,'a-na','A0na',NULL),(109,'Maria Paixao Lopes de Souza',1,1,'1981-06-04 00:00:00',2,'maria','m3Aria',NULL),(110,'Emmily Bertoldi',1,1,'1975-01-05 00:00:00',3,'emmi.ly','e2mMily',NULL),(111,'Marcelo de Castro Figueredo Ferreira',1,1,'1966-02-25 00:00:00',1,'ma.rcelo-','mar8ceLo',NULL),(112,'Ricardo Da Fonseca Carneiro',1,1,'1968-12-24 00:00:00',2,'ricard-o@','Ri2cardo',NULL),(113,'Zinka Tatiana Cardoso Reck Vieira',1,1,'1987-10-06 00:00:00',1,'zinka','ziNk9a',NULL),(114,'Marcelo de Proenca',1,1,'1978-01-19 00:00:00',2,'marc.elo','marC3elo',NULL),(115,'Matheus Tereza Rambo',1,1,'1997-05-13 00:00:00',3,'matheus','maTheu1s',NULL),(116,'Carolina Munhoz Rossoni',1,1,'1954-10-01 00:00:00',3,'carolina','caro4liNa',NULL),(117,'Jesiel Maria Barboza',1,1,'1985-10-19 00:00:00',3,'jesi@e.l','je9Siel',NULL),(118,'Paula Gustavo Moro Reboli',1,1,'1967-05-05 00:00:00',3,'pa.ula','pA8ula',NULL),(119,'Lucas Gabriel de S. Dutra',1,1,'1996-05-05 00:00:00',2,'lucas','Lucas5','\0JFIF\0\0\0\0\0\0\0\0	( \Z%!1!%)+...383,7(-.,\n\n\n+++++++++++++++++++++++++++++++++++++++++++++++++++\0\0\"\0\0\0\0\0\0\0\0\0\0\0\0\0\0\0\0;\0\0\0\0\0!1AQa\"q2BR#br3C\0\0\0\0\0\0\0\0\0\0\0\0\0\0\0\0\0\0\0\0\0\0\0\0\0\0\0\0\0\0\0\0\0\0\0\0\0?\0@$Ҥ\n0 \'B O(%@@ @Z\0)\0@\n@m	H!HЁF`  !t\n PA$(A(@K: hRӶq?ŐEib\0TApµmX̸+xSK|-(jD)ڹt5.mc0F\rD;B!ڀN p 	$Iy(# 	@J+\0\\s˙X\\@m kX:]\\\0gA5P-pXVCEЈRPr\'=F\\]Ȝ\nFi4 ԭA3B8@	 BI$B0\"	@Fcd(\'.y{%{n?\n٥?edVav|= 2Ph)ʣj$\nB.bjlnT)\0\'-LiJv~n-ACcr.lq7xIBI\0 $I$p!JSZA#pl`iqd\Zn\Z`:|ʱeT?O?Ujw\rZ:Ion%0\n\'M(\nT:`ђx\Ze\")ίp䂧}\0t:\'Ar|bGX۲IuW8CTvY2\'n\ZDLfI\'@\'S>	qf^+P꜋G\"eacCG̝ҾmJnc-p (<}qn\\c.\\A<,Iwc&\rhl <¿٫\nTSCKhcx\Zjn\08\rj9@01N\n27\"BxNQ\0RŜ!rӒJ\\BN^#o30bݝ%\Zz/{?Ϙ#A5`O5<Q&3?ΗO1	Zd(((!4蕽Y9eL,N+z]fnPoVdyưZB*T:hA\0oO%C1t1\'DcTV-\rx*<c8<D1g$v2[tP$\0\'@I29(LRb%H#Pd.TH.ADprPw/3$\nZ\Zǖ+*e\\ Br=T.-*=}-q.$@Ph\\T1IK$ٸKeL4;]9ϗ\"zj?Uvʹ\0o-8HreV㭧b2H\0sݠ5+A\"q#QL5&F($VpM$j݁85z\nng\'өvdD@B߲ih$?u֮)a/Lm2 0A\ZD4)L8B@r $<>\ra|\\7\Z&b}뮶7/`3\"~\n:\ns@&\0 %[L@#<oTOnysĂ	9t\'.j\ZpsNmܷ2s29 d	p1%  b\ru%X<@/5Ap)p_\'eu/\ZN@}i4.\'\r+)>`\08al峤 @%\Z&N#6Hd:A<\'-A@.994qE\\sh]%m@3F%%sO5\\TLclsP\ZU $Fq\08l24Wv=<̪ذ7?jk@gX߃\Z! B>t\rwW\"Hkpe.:h̿ɧ$m:{,x\Z	C-e/jV~j8nqu(=\nhtdqoh3quMڕ\Zb)S9O\\CII\'Rs\'ui\'\\\r$u#CzGT2\0Bc/w-Lr=p!ۑeH}zrq2X5[;/ګfk<1ͥ߆?(r61\0QBh@B I @ I\n*\rn(*R}Þz&(!%ʵZT/,t]~C]k%\rM?Bn\rGN\02qxi=7qq?K\\9wǝ7A;ཹ<YQg8A:0eysK1弈\'l\07<宸8#DCuh8\\d*ŭ\nhcj=v\'LOz^σ+5ǐsqHrqlYvnam\'iv#RzRړNj9Tm7cqf1s?mxkUGwL``pHp-˪a2ſ:.yOv8?_ġhPa|fdy-WѦf[ ȃЮ\nUrxݿVI`p>[CC<W}td 0>\Z\rrZ@dZ¨jPTxc@?4ӥ#E[liV&$ah9z{_QΣC@Ax2HiAS[\\hT1\0RXI}I{Ya\0+?lR{0wu:bPlv*aߠG>\0O+L9G23##qds+Z\rZA֨yr{\'I^|p>]hժZ=@P(\'2>{/5[\\oGTv\r\0As5̟!~`*̥E3:y&}6SgI;0u|j>Ni=<ePGBTV&ݭB\Z\0泯YAl핹\0˄0^xST$@z%mVCO0=@U+lÿ*e\\k`5`!) M3,?z\"y V?{cA޳xjN}\0EZp?jVܯktT|Z<Z:2!y\0@5\0N`\0X2}@uS\'0CZ`yIcpn7\\x@}zR3$\0$ ݔ\0ku:]=Ϫ\r+F<>mF`ABڐj˻콳)4o[@4<0S*YgϢ5Ecټilڹ\0_K<9媏\"V;7G`TIF\'$enfI洵\Zёzέ($7<cWʫgi.l[@5\rBÅ~S\08A2c˗4\"}\nw>D L$uYf=VD0.)S\rؚ\\Os[Av/ݰ`{^\\*>I\0~i @EqK8[\r6rO <=yT?<Γ*>PPC<	נI>@4Zv\0Q\\K\\ r]7\\y fW\'xA fN2|:;sN;\0lW(Zt[dT$9,;PI Ҩ7U1[<nwW\'Gj4Se&f @Ak7KsAZh9.vF`\0RMH>`VǪcgB9H=O]#\\kAun#|-@6\0Zɮ:;U<sAEI\'\nMiD1Y/d\0ҵrv`eJb1r<bAuBʰ֎IS%ijӜN\n@~#\0nN?q6%He>F2	6(58hM0^u\'OP5+8>\"<#KOpV!W1HCK?Aqu?5\\^bvz:u\" ,7u{L~5w-%v~\'f\\%ZFD\rdM*Jm@:\ZPHN\0htS5r\\US=sJn\rB;YcD7r2{#_cef_EsW;u4&״[:\rr\ry;ꮓ^LMVgqSc}JVl,-u\'p4KVkIRyMsSTs)Uց^v=ݓ`t\Z\r[#FݲnO5W\\eA37nU\Zwjm:7ɺj\r9 i8ը7~ɺ~@E׹{6yԔ	̠n3i?xefZ5iPUETZnY׹8W\r+-H¼ñVl?uc\ZgVwL$އ\\>+qaqxH:OG\nwiF]}*dV6Y9!U=\0kFưk+:\Zt!OR]OUFj\Z\ri2~,x.jvX\Z`0kvӗ2L.0?xn)S%?Aw$~]8	\ra2~]`%\nּ6Kݘ2h]?r)X\0\rdd?QZ(9o?Ap#3v\0;)25AOJcfAYp׿\'PhQUk\0~jKTy@#Q貟Qay**<K6B(MMi2	Uw\0ip02]]껷{ = ~$\"0<)$K&l4޷/6溊:cH`7DAmx~j6$ <GX͏s%2riH2)1#cWw@H\0 +v*vSƓ[%$ZT$0zdb$L<ˊ=\"HY(I }T	$I P&1.|\0`HRI$'),(120,'Hugo',39,1,'1996-08-05 00:00:00',3,'hugo','Hugo3','\0JFIF\0\0\0\0\0\0\0\0	&#\Z/ $\'),,,150*5&+-)	\n\n\Z\Z,$$,,/)),),,,,,,)),),,,,,,),,,,,,,,,,,))))),,,)),,,,,\0\0\0\"\0\0\0\0\0\0\0\0\0\0\0\0\0\0\0\0\0I\0\r\0\0\0\0\0!1AQ\"aq2RS#B35TbrC%4\0\0\0\0\0\0\0\0\0\0\0\0\0\0\0#\0\0\0\0\0\0\0\0\0!1AQ\"2\0\0\0?\0cJM%U\ZLS`A\"IB!@!@!@!@!@!@!@!@!@!Ab.V\\9\0Ii\0*N\rZY@&\" P*BBBes\"it\rhOwB>-Fۉ!.;[\"Wm#bO!.Fl{-A\\I\';W;>R<L[9\0=b)vG0HROyF܊~\n\0lr!OGSԵiIegT!\nP  @ JH쒤(\0#r	PBB\n:k;>]{m\0[S3ap6Ǭs%{iVy妸avB^w@nbCv%l۲3޳<OOlv\'z0೶%Yk[5YW-XF;յZbjɢZl~ƨs^cØ:46vBtU̙9\";zu5#ZM<݃;\'\0{Yc\0pEEvZre	P	\nT\0̂TdB\n?Oi?&,GA⹤҉\\H׺W=ė\\s?lh\\n#o\'Ok)XnJȂ\Zei%YoIbJ\0Qa*2X֙KJiM8,.(pH}İzqgl,:YH\'d̏td;v$W[!@*@\0R	C\'&ǐN@!@(}nmg&^\\mOmd\\U)Z%\'F,}Xڷb4b=oCZrpYn1]Y|bEiaxYctfTXג5-*s^g,Yقun*wJP{\nӍ}\'c\r`0[J7VzHmޤlyB J%@ cv\'&ǐN@!@(-u\n)u)X\0\0l[_7M(#-():BBǪdj\'3Hˣs\reaMŶ<\rFZ=-#OHV}<f<:-\r8nu[tl+uTOq6ynbт0G߈Q.qIxڽQR4>ojӧя^@߳`H.;g	@ dZENR3ji3v#ͥi!u[S<5-s|i\nm@D%l\0\nyuϏ;9BRT\nP6<\"˚zBWu+ӃV%S>۶O\"/rC y)&+Bp\0+6<)iqd4ӄ\'6BBV4@.!pX58kWK(}m!O@0FY\rNdW8;)Z\ZAU\Z1AOX޴)I{H$Ǥz{t\\ }$qRK,[,k}r\0,<l!RT*@ޞ\\СBan7i2qmcsqWMqБ_0oNHphbW6xrLK2myg]by(\Za\"5IQ$nb5ev9oeuܑQYÉ\0R*bsrc)Z2\0,%Dʖ9-wɴ)\'ui֕#4r	qZ}WjeBy!B	R!\\ӓ\"lBBhiS%4q#r\'tc\\HC{\"Gr˒tv$i6.#x}ekE8	~pc㫘|K~lށ<xMuSÒv$gf-ֹZ1p,;B\'g&@>Z*6m֌uΩŷVømM6<2ێtH-\\BJ*(\\\"˟zz!@!@.Gs1R3vwcm_wmjm,%w=`0\'};<rGˏ9z.uqsyiOJe\Z*z߆,pl6Ә0j\Zhumyl0+JבE%;p\r;D.:Gr\Z;N\'sW5ϴ6maG|_Dnˠ&_6^+BH\n×CBfZz|%w.|܏ji_\nSҐ_\Zqm:_UMfsase\0ŭ8`mKinC7|A>RT{-1l\'##w]+Qۤ`nGuQ^\ZwkL/k,\Z{Tķ|vl}GTdp%8fkF;mؐy;}z4eݮ+jj7G\'lo4B\06Թc\ZOjC}Bm>txbnhO^I܍m@\Z~<\0^~l\r;ފ㛏T;ӆ\'/Sk]_o7ݵ\0%?MTXBL@Hq#*fTLy~[\rmV;ZqзWasH FDqجZ7\r\\VRNIr)l&ѻJɣ\\<$?շx\"NRR;$Ch\\SH}L|#;#?^yUd~E!U\\HP5H az\'88r*=+\rI( o0vi%(i71fm{\'-Z_CQd\\0sOʁT_D\0/H|Gm\0k\re+0%2#p}I命xIrAa$3u,y=.9,3ލVf>cϓ-}c `db>$$+S̑kX,ր}nXeLAkvoG#$\nӵ^.ǐ%K8OG/X\rDlqr}Y$X%H#/X$̟z׃vG*|cБ%H5OJ0?\0^x*VY!\n	wr@O!	.]\ZiFr~qӜI\n)|G5qjp}?p0X;1.ȶ`ᇼVi]G`;oA*mr]	SڗLDly^szTvgŎzuEh?I\n͡c0*G\n-yWN_-P\\Ri(.\0(\rD4Ac$h;V5[w:?dZOr_rkJ\0jN*̥z/<ʫZbt%!UXE҅( @B=]wQ\'R0w7z0h;+4,D:EVYt{ŶoM:BI<noڭԍ6?I_23u.[z꺩=0mkuVJGW\'->Ǘk\\|EaujX5vgɚÁK@}dd?`aJ4\"PP\nYbXXH;ܬJkI_rkJ(w=zҀ\ZHX ~z1?iE^+},@Uz1?i\'5~=UVJU\nF?:WGЬV_ j|m }W3jt+jkTU\\Fac[cgoDma׃jVijcKm56V6ĸ$Y}Nnc,~n<d)dRrV7goGAGӧ/oǩWj\'los%n3U H`N.\'x=>[_侷`YY~\08\0\Z?͏AӛqZ\0; ?\0͝i;WO\0;\0qdfWˇ7?\0C=X&P>\Z(nIbFD)xBj6;kOhZB@g IG\0 L\'S9)&w<LF;TAOSr\nE	u\Zuv3I?g%&7QMSrI7g%(=/ɊoTHf3Bj?o$y1MJ!5jb7<MP+ɊTԾLS/ɚV=L$7X)5YЅ('),(121,'Lucas',39,6,'1996-05-05 00:00:00',1,'Lukas','Lucas5','\0JFIF\0\0\0\0\0\0\0\0	\Z( %\"1!%)+...383,7(-.+\n\n\n\r\Z,$$,,,,,,,,,,,,,,,,,,,,,,,,,,,,,,,,,,,,,,,,,,,,,7,777\0\0\0\"\0\0\0\0\0\0\0\0\0\0\0\0\0\0\0\0>\0\0\0\0\0!1AQaq\"2#BRb3Cc\0\0\0\0\0\0\0\0\0\0\0\0\0\0\0\"\0\0\0\0\0\0\0\0\0!1\"2AQa\0\0\0?\0%Rԗ5)jD)E!UݽA1MK$<olSncd h9@U\rcq8Tĸ<hYI%62&K\\T7yg$69+M>.f7TI\rq?,wq\rl)ق} Ҳ.a@}SU$rR$Q³%.3e&ϩȆ:ǀy{S<\nM\0\rl&IӚQ1vP9֏PM/͔\nkd\Z0\r~D.1$6tH-Nאo\r:)86& >칳T5 \Z.\0JŐ{36i!9đ3sI#q<=ܙО@[v؃c;V\0\'p8MD]\\\r=rY4)[soxǞNd;k4(9#@}F\0b2xZ~M-M1$hy\0Nja<kSᨀ\nXu4j@b$i7bIeJa7<v;y00	wA\nVW=\\MI1srN1BaX ~LJ6KEJJB̥]BNC\r\n#%2`x߅s7ki:GfK;1=k\\iqtL<|bDTx<	}sL2j;lm7QqQTf\")0֛6tH%]hX0cu[rTcJo\\hbwH~ۤܦC\Z\"@t($g;3Ujwe&wu~e9˓݋Yv\'2l\"y%\Z\0.$L\\f&n	#0jTF1q<?*;#[߉swi	\Z<HZe\0UQ6siYq>\r\04h\r<򖐋\Z(o*0s8O|#Q\n\0Ƨ\0e?W윩oAKuVRyk~#gtG\'q;5	fU9͐[|Kͼ/SdF🺝-w䆷.q\rt1/47`6lʤT&Kyǥѭs}PȖp<ap\'=j.x&/Mx(7-?NMv/\Z7)b$<Ff8t:w\"EӭEqK [&sAA\0z\":ПhM1HhX\0HsS$\0To\rSfGo<\rF77\r-?qj]DDbY1VQZjs:$˲&\0\0\Z,4]SP0SZė:cC$Qxf\rA(\Zùb\r۠j^\0	&\0\0oH{l1ٍPH_`87+CZXMg퓃kX\0\0(\Z t\\&;qP0\0h;5A*@*]\ZS$\'dO谑1n|WMJÿpLp-+Uբ/`ɼ.z\'p`h\\L´08FM.=;m7[gR\r\\HpnzE0\0,1;a62kDƽFA\rռ~6іўS ͓Q9\\Df9sS 7s\'r\0\n\'qt1T,\0SmFn(*2Xb@0B;06}2@Yn!9e11uՄ[,$1mjSa7)S9dns4\0*o\'v9\'vDIM܌\rG-:qT4akkhdǴ\0GqtdHn޾vBh&%55!$8\'7Q`vC?Hcz,w\0yؗ:]60G3m8-fg$OPϜg7	/d\0>@\\$ݤ)<1kí\\\0%H{4}f=| m~6V\ZteCZ)BYz$a[`--9L5䞧K^QG\'w\0t~\Z\0\Z$9oksy<?4\0np7|JYkQ~聡5\r>-)׸6-cepok*ѧtfK3qUͫI*[`\\4q :\\W7Zڍ\0=C]OYxsp3X;ch֠w\\ḿ֬ᓶu\'I~#.O%ل=Џev}\\O6Wü@\0\'|IVƉZS\nISO\nj\0$$9<!c\0\'ˏqahE2|2lWSڒu	 k]h E)2Rz\0Hh	zdmcy=D9ߢC=pRzq^Rd(%6tFhJ\"\rND<D(krdI@696Cֈ&Ǫ\'f{gZ\\\rϚWfŵkA#\0ϒ͝T\r=NUp]P5EYԜ\rX6-\0WJ7\n)dC$RV|	\rCQ\0#|U WkSW4%¡Bh%L,aoŀʕhvByOid*m\\\r\\1P$kevS鴛Y.5ae`(yTtxCG0\0nwHR\"S-{wxXѢ[\\}r]5Z9<tQq^?y$ll<]PI\0>g\nW7GRcY)/GfT&|x)tkY)FL⭸,q\0{ߏ$Tf5i5v-ǝG?څ[\r4xy1 [z	g˘ːEP{N؃#)M,D\Z\n\0q2_[\"x^Wa81h?~1Y\rvz\'$;hlvf8<cS~WLq&PpֆR֣kY.\"Bd@-wl0dy\0;ez$U? I橃NImERnz\0gαId[BJ9;Зxr8&\\.cOyhs\\ *jq#j:+\':fhj\0{9h|챎hԑ5lf (wLՑ{2Ө7X|#\0`OkAO߸PZ_:iI;#ʝŗRSckX5Zw		ͥKRN\'P27x/e1}63C9NťJxm(0&].%(oO@<n#B>;n֙dsQUde0\"AVf΢ùuOCcX\Z!I!0I	W-v\\7\"7u/ACb;ݩ_˯E!mCeZt\'S{MP:\npJ+$	ךPLw)6f$7$ĪF\0\0]m\\CN(7Pׇ[6Q&&E4\0WSsX:\Z^@ 49Oe-dkh4N0ie\0\Z7s<WokZꂕjnPHXNäR:O_3k쳉7l0#b@3Z>+Uz:RQH6f~^%-#kIDF\0RD8MdODFmi{J?E \0.VqII,,\" \r釅)L,b9\n.p<,ZZ2tƻec(T:Tmݲ$ЏJ֢\0R:]Lٵ;\\~\'{2MwRuïPpfMꋶ/MqCzmpy*HѸ\\fϭbuת{&yVo1梺nV\ZxbkBͅ+$쪗0|8mJy6]+ݫ$zE>a0GF=|\n|YMGTѦuh!Jvŉo`Ru}tY>$l{aaMab.h=JWSe\r*8Ľcjӆ_+*6uY0Qd佑t~R,Їl*qEWt>(;bx0g50Ba`ZY<|e@J۷6CˍJbdQ>!qfMTXB/0ojPx8z		D04ôvx^R	BI?tM5gI\']rsmRy/\0HGv9RdZX9o\' Q6^זDuxXZGR6s%Lx _/i[H:7B?^:Mh-zsI$N8rP1W-$dk敍-s+.,\0H05:#f{;ˏ諊ϟ\'P\0ܟ!8qhN\0!xRL8 ܩyWB\Z{lzp,<k,ҌトqzGWYs\rǧP9:G\'r$wr\nSuv5go\Z_!:d,u c7R l\0|,U[_LbG4{73ORcMTMÈ)y3̤EM{ 7Lĉ\"\0CG\"q%X[\Z#bh\"n0O1gU+aSjg&F޾=]\0p$h}{:~a@+\"LEՐ]XRPL\0\0-EYVmO\0!j-#M:12M N^BhY.LEf\0#(J&!UoGhKȈp-\' ̢9\0b>+#ϓTڌqhNsGQ%}|#ВM	&7wkz\'?3M\ZF]mHN\r\0)*b	Hx閆m83x<Flx3׋@ Bc6(	nf22\\ٝ)R:v f0rY\07UU1O\ri	1khPbd\Zlu|F߅ľu]8\Z#dG@4Xk0Nh|e3pB\\Xz~_ךc%J^;\rCbZL\Z݆F\'殀.+и/H\\DSSM1>LrD\'\\H@pBtۖ0Pv.fՇh	:*k\"i5;fS31Ů8%hUImvbuGf،ͶeÒ#Єǂ}Ll뻒<ňݢd*$qzI-c7oE7հNYG]x͢tOsqX\rW?gOwp1o	>!.%qmwccB>?USC,MA 5H\0ۑDa?WX)XjU_gy\")lz.dC-䘡R9o3b,\0:D\'݃FpuJrϏ@T&D$3Waj\ny\rÔI\\<Pbr|L,*SpueW9Zخꣂ1^j$\\JTv)\rD\'6\0 ܖB4-^tUC)cHpVC5WuW:pҲ(Fg<+m:\r7/bjEWtZř[\0]xWuAm76=G\'bk\\s\"Tͯc\rͥLI(KcSQ\n(RkۊM=\'qiyO:̙rAPHlQKuC3Ekox\Z ؼlĂ@AC⛀B\\2fl:[S6<LN;Oeze\\ \rǙE\'msI:5Sۘ\n½ۓaGw<̪s+/dd2xqm|-]?IUÂ\0jbRP5%McQqis\0V&5ĸ`\0 OktOmۼ}X\\`&M9Lf7YCS_d3*w0\n*U	-A*󂨸s\0HhD|R1Fp1\ZFv\\@0\02O/\0hAAe;Knʌj;@q:g(qz,,\"0xo[2A{06P8ܐf<#T<Cl̲-qr#K?*;q9ndv m,Cдn.8L/\nvjf2\"7dH[&2z#+HsgKPA7C8jTl}KsRX-\rܫKjBcI)QB˴-UC5`ߊW_X Cn!\Z8iAq%2$e]Lb.?wix>Qy`޹$0(5Fj6N95Ew	RM=	xwIS\Zb@l:N慶=bYV\\K(sg#mrg_goX02,Pls\05aEhbyx0dy/iHEBbXޣjju}밄IH-)Ti@Y2::>i)QՋOTh2YGR7\'3U`~C)4hv?_zޠɷm=rP7Dy\0*)ѥ>r,!حAӚr$KA?B \\`\0k鱂3cr\'\0\nUKK9˔s/R;ҥ˗.#aî\\1z&N.L#b@J\\\0 rDJUs/.Ava}pӢ[%˗ܙ	T^rd+$bXVȠ3');
/*!40000 ALTER TABLE `pessoa` ENABLE KEYS */;
UNLOCK TABLES;

--
-- Table structure for table `produto`
--

DROP TABLE IF EXISTS `produto`;
/*!40101 SET @saved_cs_client     = @@character_set_client */;
/*!40101 SET character_set_client = utf8 */;
CREATE TABLE `produto` (
  `id` int(11) NOT NULL AUTO_INCREMENT,
  `descricao` varchar(1000) DEFAULT NULL,
  `categoria` int(11) NOT NULL,
  `fornecedor` int(11) NOT NULL,
  `preco` double DEFAULT NULL,
  `nome` varchar(45) DEFAULT NULL,
  PRIMARY KEY (`id`),
  KEY `categoria_index` (`categoria`),
  KEY `fornecedor_index` (`fornecedor`),
  CONSTRAINT `produto_ibfk_1` FOREIGN KEY (`categoria`) REFERENCES `categoriaproduto` (`id`)
) ENGINE=InnoDB AUTO_INCREMENT=81 DEFAULT CHARSET=utf8;
/*!40101 SET character_set_client = @saved_cs_client */;

--
-- Dumping data for table `produto`
--

LOCK TABLES `produto` WRITE;
/*!40000 ALTER TABLE `produto` DISABLE KEYS */;
INSERT INTO `produto` VALUES (1,'Caixinhas Personalizadas 5x5',2,1,4.99,NULL),(2,'Sabonete Mini Dinossauros',7,7,4.5,NULL),(3,'Frasqueira Térmica grátis Porta Talher',7,5,35,NULL),(4,'Coaster Corações 3D',7,2,25,NULL),(5,'Brinco Très Jolie',2,6,35,NULL),(6,'Óleo Corporal Lambível',1,5,12.75,NULL),(7,'Lembrancinha de nascimento/pezinhos',5,6,4.99,NULL),(8,'tiara faixa com laço',4,7,16,NULL),(9,'Kit Laço Pet - Maravilha 10 peças',6,7,10,NULL),(10,'Carteira de mão',6,4,125,NULL),(11,'Touca Minha Primeira Copa',1,5,29.9,NULL),(12,'Caixa Forrada em Tecido',2,7,30,NULL),(13,'Porta Maquiagem + Necessaire',1,2,42,NULL),(14,'Caminho de Mesa Granny',5,2,250,NULL),(15,'Kit Laço Pet - Fe -2 Peças',4,4,3,NULL),(16,'Bolsa feminina',3,8,179,NULL),(17,'Touca Elfo Crochê Bebê',6,8,39.9,NULL),(18,'Caixa de Chá patchwork embutido',2,8,35,NULL),(19,'Frasqueira Térmica grátis Porta Talher',4,5,35,NULL),(20,'Kit Laço Pet - Lid -2 Peças',7,8,3,NULL),(21,'Touca Crochê Bebê',3,8,29.9,NULL),(22,'Caixa em patchwork no isopor - Ursinha',2,4,50,NULL),(23,'Frasqueira Térmica grátis Porta Talher',1,3,35,NULL),(24,'Kit Laço Pet - Malu -2 Peças',5,5,3,NULL),(25,'Conjunto Brasil',6,5,64.9,NULL),(26,'Artesanato em madeira - Caixa  Floral',2,6,35,NULL),(27,'Kit Laço Pet - Su -2 Peças',4,4,3,NULL),(28,'Saída de Maternidade',4,7,69.9,NULL),(29,'Porta Chá - Galinha em feltro',2,3,30,NULL),(30,'Kit Higiene Arca de Noé',7,1,100,NULL),(31,'Sabonete Artesanal Cupcake',7,2,24.9,NULL),(32,'Nécessaire Babadinho - Rosa com Marron',6,5,27,NULL),(33,'Bijuterias com pedras brasileiras',4,8,30,NULL),(34,'Camiseta  Cabeça Florida',6,3,51.5,NULL),(35,'Brinco Cabaça',1,8,120,NULL),(36,'Eco Pingente',2,4,104.32,NULL),(37,'REF RN-BA02',5,7,29,NULL),(38,'REF RN-MT23',4,4,25,NULL),(39,'tiara faixa',5,8,10,NULL),(40,'CAIXA PARA BIJU GIGANTE',2,4,74.9,NULL),(41,'faixa para criança',7,3,16,NULL),(42,'Touca Elfo Crochê Bebê',6,1,49.9,NULL),(43,'Família gatinhos',4,8,14,NULL),(44,'PORTA GULOSEIMAS: Floresta (Elefantinho)',1,8,4.5,NULL),(45,'Luminária ramo de bambu',5,4,60,NULL),(46,'SABONETE  ARTESANAL  e  natural EM BARRA',5,6,75,NULL),(47,'bolsa toalha',6,2,35,NULL),(48,'Tapete Coruja',5,6,86.25,NULL),(49,'J.tapetes de barbante p/cozinha',6,6,23,NULL),(50,'Tapetes artesanais de barbante p/cozinha',2,4,52,NULL),(51,'SACHÊ LEMBRANCINHA CASAMENTO/ DEBUTANTE',7,6,295,NULL),(52,'Kit Primeiro banho',1,8,24,NULL),(53,'Tiara faixa franzida',4,6,15,NULL),(54,'chinelo havaianas customizado em tecido',4,6,39.9,NULL),(55,'Max-anel',1,5,800,NULL),(56,'Touca Elfo em Crochê',5,5,39.9,NULL),(57,'Touca Elfo Crochê Bebê',5,4,34.5,NULL),(58,'Tiara Colorida',6,5,35,NULL),(59,'Mini anotação! LEMBRANCINHAS',2,6,480,NULL),(60,'COLAR FOLHEADO A OURO 18K',1,6,80,NULL),(61,'KIT PULSEIRAS COURO 04-07',4,6,52,NULL),(62,'Placa Lá vem a noiva!!',4,5,52,NULL),(63,'Cesta de produtos artesanais Rose Garden',7,7,65,NULL),(64,'Filtro dos Sonhos',5,1,50,NULL),(65,'NÉCESSAIRE BAÚ ESTAMPA TRENZINHO',7,1,18,NULL),(66,'Álcool em Gel lembrança!',6,6,6,NULL),(67,'Sabonete artesanal Tortinha de Morango',5,1,12.9,NULL),(68,'Sabonete Artesanal Torta de Pitanga',3,4,14.9,NULL),(69,'Carros',1,6,29.9,NULL),(70,'Camiseta com  2 pássaros e um  regador',5,2,51.5,NULL),(71,'Bolsa Clutch',7,3,130,NULL),(72,'Aromatizador Vermelho Corporativo 35 ml',2,4,3.7,NULL),(73,'Nécessaire - Rosa Com Marrom',2,6,27,NULL),(74,'Nécessaire - Cupcake',2,8,27,NULL),(75,'Nécessaire - Floral',2,2,27,NULL),(76,'Nécessaire Corujinha Fofys',2,1,34,NULL),(77,'Tapetes artesanais de barbante p/cozinha',4,1,15,NULL),(78,'Sabonete Açúcar Mascavo e mel',1,3,6,NULL),(79,'SACOLINHA PORTA DOCES MICKEY',3,1,2.3,NULL),(80,'Pingente',2,2,142,NULL);
/*!40000 ALTER TABLE `produto` ENABLE KEYS */;
UNLOCK TABLES;

--
-- Table structure for table `quarto`
--

DROP TABLE IF EXISTS `quarto`;
/*!40101 SET @saved_cs_client     = @@character_set_client */;
/*!40101 SET character_set_client = utf8 */;
CREATE TABLE `quarto` (
  `id` int(11) NOT NULL AUTO_INCREMENT,
  `numero` int(11) NOT NULL,
  `orcamento` int(11) NOT NULL,
  PRIMARY KEY (`id`),
  KEY `numero_index` (`numero`),
  KEY `orcamento_index` (`orcamento`)
) ENGINE=InnoDB AUTO_INCREMENT=230 DEFAULT CHARSET=utf8;
/*!40101 SET character_set_client = @saved_cs_client */;

--
-- Dumping data for table `quarto`
--

LOCK TABLES `quarto` WRITE;
/*!40000 ALTER TABLE `quarto` DISABLE KEYS */;
INSERT INTO `quarto` VALUES (1,150,28),(2,252,10),(3,522,16),(4,390,5),(5,845,17),(6,181,24),(7,495,2),(8,477,25),(9,609,25),(10,315,8),(11,863,5),(12,361,19),(13,900,20),(14,657,9),(15,789,10),(16,865,1),(17,559,21),(18,570,15),(19,563,22),(20,839,23),(21,131,2),(22,688,27),(23,861,26),(24,418,4),(25,384,30),(26,562,24),(27,635,7),(28,378,16),(29,373,24),(30,518,4),(31,125,15),(32,380,3),(33,656,7),(34,705,30),(35,294,17),(36,808,30),(37,837,21),(38,856,22),(39,448,12),(40,123,20),(41,722,30),(42,211,11),(43,358,23),(44,791,8),(45,259,23),(46,419,20),(47,219,9),(48,361,22),(49,254,19),(50,510,10),(51,752,16),(52,405,18),(53,899,16),(54,321,30),(55,129,24),(56,371,16),(57,587,18),(58,281,19),(59,381,24),(60,427,2),(61,379,18),(62,235,3),(63,306,23),(64,660,3),(65,847,25),(66,238,15),(67,548,25),(68,484,12),(69,320,30),(70,592,23),(71,476,2),(72,384,12),(73,454,20),(74,124,28),(75,764,24),(76,450,10),(77,338,2),(78,340,17),(79,726,28),(80,278,2),(81,577,22),(82,576,22),(83,741,3),(84,345,27),(85,519,23),(86,878,29),(87,224,1),(88,253,24),(89,100,10),(90,772,7),(91,601,22),(92,442,16),(93,215,9),(94,329,6),(95,873,24),(96,703,11),(97,448,14),(98,336,25),(99,706,13),(100,804,4),(101,686,10),(102,739,13),(103,874,4),(104,879,8),(105,263,9),(106,297,29),(107,580,15),(108,889,11),(109,544,16),(110,500,16),(111,271,18),(112,424,24),(113,110,15),(114,792,11),(115,460,15),(116,316,17),(117,728,15),(118,494,16),(119,292,16),(120,664,15),(121,605,4),(122,604,8),(123,310,28),(124,119,2),(125,504,25),(126,788,7),(127,606,20),(128,833,15),(129,821,18),(130,492,19),(131,661,14),(132,378,8),(133,686,13),(134,111,7),(135,326,15),(136,323,28),(137,144,21),(138,559,8),(139,241,11),(140,454,23),(141,402,17),(142,133,11),(143,353,13),(144,862,6),(145,896,14),(146,181,15),(147,480,18),(148,537,29),(149,662,10),(150,851,30),(151,328,16),(152,176,25),(153,791,1),(154,461,11),(155,530,8),(156,771,16),(157,330,5),(158,430,22),(159,786,7),(160,636,26),(161,740,5),(162,116,28),(163,715,27),(164,274,26),(165,716,19),(166,729,14),(167,785,9),(168,716,2),(169,415,24),(170,522,13),(171,868,18),(172,841,29),(173,591,29),(174,868,25),(175,411,23),(176,452,14),(177,826,22),(178,454,7),(179,177,27),(180,346,5),(181,692,13),(182,550,24),(183,191,16),(184,583,6),(185,250,27),(186,561,15),(187,605,29),(188,436,7),(189,615,12),(190,115,18),(191,385,23),(192,647,23),(193,892,2),(194,133,29),(195,543,3),(196,258,4),(197,390,25),(198,650,28),(199,545,26),(200,122,14),(201,627,27),(202,631,26),(203,338,20),(204,297,15),(205,523,7),(206,453,23),(207,462,30),(208,687,20),(209,804,10),(210,581,5),(211,884,9),(212,135,11),(213,436,9),(214,296,13),(215,815,28),(216,742,21),(217,559,12),(218,198,3),(219,480,1),(220,214,14),(221,633,14),(222,833,2),(223,133,19),(224,165,25),(225,656,2),(226,268,16),(227,369,3),(228,469,17),(229,733,7);
/*!40000 ALTER TABLE `quarto` ENABLE KEYS */;
UNLOCK TABLES;

--
-- Table structure for table `reserva`
--

DROP TABLE IF EXISTS `reserva`;
/*!40101 SET @saved_cs_client     = @@character_set_client */;
/*!40101 SET character_set_client = utf8 */;
CREATE TABLE `reserva` (
  `id` int(11) NOT NULL AUTO_INCREMENT,
  `pessoa` int(11) NOT NULL,
  `quarto` int(11) NOT NULL,
  `inicio` datetime DEFAULT NULL,
  `fim` datetime DEFAULT NULL,
  PRIMARY KEY (`id`),
  KEY `pessoa_index` (`pessoa`),
  KEY `quarto_index` (`quarto`),
  CONSTRAINT `reserva_ibfk_1` FOREIGN KEY (`pessoa`) REFERENCES `pessoa` (`id`),
  CONSTRAINT `reserva_ibfk_2` FOREIGN KEY (`quarto`) REFERENCES `quarto` (`id`)
) ENGINE=InnoDB AUTO_INCREMENT=1001 DEFAULT CHARSET=utf8;
/*!40101 SET character_set_client = @saved_cs_client */;

--
-- Dumping data for table `reserva`
--

LOCK TABLES `reserva` WRITE;
/*!40000 ALTER TABLE `reserva` DISABLE KEYS */;
INSERT INTO `reserva` VALUES (1,69,1,'2013-03-12 00:00:00','2013-03-15 00:00:00'),(2,82,1,'2013-03-18 00:00:00','2013-03-22 00:00:00'),(3,101,1,'2013-03-23 00:00:00','2013-03-26 00:00:00'),(4,108,1,'2013-03-31 00:00:00','2013-04-05 00:00:00'),(5,27,1,'2013-04-06 00:00:00','2013-04-08 00:00:00'),(6,104,1,'2013-04-10 00:00:00','2013-04-14 00:00:00'),(7,75,1,'2013-04-15 00:00:00','2013-04-16 00:00:00'),(8,86,1,'2013-04-18 00:00:00','2013-04-21 00:00:00'),(9,11,1,'2013-04-24 00:00:00','2013-04-28 00:00:00'),(10,52,1,'2013-04-29 00:00:00','2013-05-04 00:00:00'),(11,59,1,'2013-05-08 00:00:00','2013-05-11 00:00:00'),(12,91,1,'2013-05-15 00:00:00','2013-05-20 00:00:00'),(13,23,1,'2013-05-22 00:00:00','2013-05-24 00:00:00'),(14,54,1,'2013-05-29 00:00:00','2013-05-30 00:00:00'),(15,39,1,'2013-06-02 00:00:00','2013-06-06 00:00:00'),(16,75,1,'2013-06-08 00:00:00','2013-06-09 00:00:00'),(17,110,1,'2013-06-10 00:00:00','2013-06-11 00:00:00'),(18,83,1,'2013-06-15 00:00:00','2013-06-20 00:00:00'),(19,73,1,'2013-06-22 00:00:00','2013-06-24 00:00:00'),(20,78,1,'2013-06-25 00:00:00','2013-06-28 00:00:00'),(21,104,1,'2013-07-01 00:00:00','2013-07-03 00:00:00'),(22,22,1,'2013-07-08 00:00:00','2013-07-12 00:00:00'),(23,115,1,'2013-07-15 00:00:00','2013-07-17 00:00:00'),(24,4,1,'2013-07-21 00:00:00','2013-07-26 00:00:00'),(25,75,1,'2013-07-29 00:00:00','2013-08-01 00:00:00'),(26,46,1,'2013-08-06 00:00:00','2013-08-08 00:00:00'),(27,49,1,'2013-08-09 00:00:00','2013-08-13 00:00:00'),(28,52,1,'2013-08-15 00:00:00','2013-08-16 00:00:00'),(29,3,1,'2013-08-18 00:00:00','2013-08-21 00:00:00'),(30,6,1,'2013-08-23 00:00:00','2013-08-25 00:00:00'),(31,93,1,'2013-08-29 00:00:00','2013-09-03 00:00:00'),(32,10,94,'2014-05-28 00:00:00','2014-05-31 00:00:00'),(33,76,94,'2014-06-04 00:00:00','2014-06-06 00:00:00'),(34,112,76,'2014-03-18 00:00:00','2014-03-20 00:00:00'),(35,42,76,'2014-03-21 00:00:00','2014-03-23 00:00:00'),(36,59,76,'2014-03-27 00:00:00','2014-03-28 00:00:00'),(37,28,76,'2014-03-31 00:00:00','2014-04-02 00:00:00'),(38,102,76,'2014-04-05 00:00:00','2014-04-09 00:00:00'),(39,62,76,'2014-04-12 00:00:00','2014-04-14 00:00:00'),(40,16,76,'2014-04-15 00:00:00','2014-04-17 00:00:00'),(41,109,76,'2014-04-21 00:00:00','2014-04-24 00:00:00'),(42,31,76,'2014-04-28 00:00:00','2014-04-29 00:00:00'),(43,73,76,'2014-05-01 00:00:00','2014-05-05 00:00:00'),(44,37,207,'2013-02-14 00:00:00','2013-02-17 00:00:00'),(45,95,1,'2014-02-17 00:00:00','2014-02-18 00:00:00'),(46,113,1,'2014-02-19 00:00:00','2014-02-22 00:00:00'),(47,92,1,'2014-02-25 00:00:00','2014-02-27 00:00:00'),(48,79,1,'2014-02-28 00:00:00','2014-03-02 00:00:00'),(49,115,1,'2014-03-05 00:00:00','2014-03-10 00:00:00'),(50,44,1,'2014-03-13 00:00:00','2014-03-14 00:00:00'),(51,62,1,'2014-03-17 00:00:00','2014-03-20 00:00:00'),(52,38,1,'2014-03-25 00:00:00','2014-03-29 00:00:00'),(53,99,1,'2014-04-01 00:00:00','2014-04-06 00:00:00'),(54,70,1,'2014-04-07 00:00:00','2014-04-09 00:00:00'),(55,11,77,'2012-12-24 00:00:00','2012-12-27 00:00:00'),(56,93,77,'2012-12-31 00:00:00','2013-01-03 00:00:00'),(57,99,77,'2013-01-04 00:00:00','2013-01-05 00:00:00'),(58,50,77,'2013-01-08 00:00:00','2013-01-09 00:00:00'),(59,112,110,'2014-07-23 00:00:00','2014-07-27 00:00:00'),(60,84,110,'2014-07-31 00:00:00','2014-08-05 00:00:00'),(61,15,110,'2014-08-07 00:00:00','2014-08-09 00:00:00'),(62,41,110,'2014-08-10 00:00:00','2014-08-13 00:00:00'),(63,114,110,'2014-08-15 00:00:00','2014-08-20 00:00:00'),(64,109,110,'2014-08-23 00:00:00','2014-08-25 00:00:00'),(65,74,114,'2013-01-27 00:00:00','2013-01-28 00:00:00'),(66,70,114,'2013-02-01 00:00:00','2013-02-04 00:00:00'),(67,73,114,'2013-02-08 00:00:00','2013-02-12 00:00:00'),(68,79,114,'2013-02-15 00:00:00','2013-02-16 00:00:00'),(69,82,114,'2013-02-19 00:00:00','2013-02-23 00:00:00'),(70,61,114,'2013-02-25 00:00:00','2013-02-27 00:00:00'),(71,30,114,'2013-03-04 00:00:00','2013-03-09 00:00:00'),(72,12,222,'2014-12-07 00:00:00','2014-12-09 00:00:00'),(73,34,222,'2014-12-13 00:00:00','2014-12-17 00:00:00'),(74,96,222,'2014-12-19 00:00:00','2014-12-24 00:00:00'),(75,107,222,'2014-12-29 00:00:00','2014-12-30 00:00:00'),(76,108,222,'2015-01-02 00:00:00','2015-01-07 00:00:00'),(77,59,222,'2015-01-09 00:00:00','2015-01-13 00:00:00'),(78,103,222,'2015-01-17 00:00:00','2015-01-20 00:00:00'),(79,113,65,'2015-02-14 00:00:00','2015-02-15 00:00:00'),(80,77,65,'2015-02-20 00:00:00','2015-02-22 00:00:00'),(81,111,65,'2015-02-26 00:00:00','2015-03-03 00:00:00'),(82,26,197,'2013-03-24 00:00:00','2013-03-27 00:00:00'),(83,8,197,'2013-03-29 00:00:00','2013-03-30 00:00:00'),(84,17,197,'2013-03-31 00:00:00','2013-04-01 00:00:00'),(85,77,197,'2013-04-03 00:00:00','2013-04-06 00:00:00'),(86,33,197,'2013-04-08 00:00:00','2013-04-11 00:00:00'),(87,16,197,'2013-04-14 00:00:00','2013-04-18 00:00:00'),(88,46,197,'2013-04-22 00:00:00','2013-04-24 00:00:00'),(89,16,197,'2013-04-26 00:00:00','2013-05-01 00:00:00'),(90,12,197,'2013-05-05 00:00:00','2013-05-09 00:00:00'),(91,89,197,'2013-05-14 00:00:00','2013-05-19 00:00:00'),(92,78,197,'2013-05-21 00:00:00','2013-05-25 00:00:00'),(93,4,197,'2013-05-30 00:00:00','2013-05-31 00:00:00'),(94,38,197,'2013-06-05 00:00:00','2013-06-06 00:00:00'),(95,71,197,'2013-06-09 00:00:00','2013-06-13 00:00:00'),(96,56,197,'2013-06-14 00:00:00','2013-06-19 00:00:00'),(97,32,197,'2013-06-23 00:00:00','2013-06-24 00:00:00'),(98,50,197,'2013-06-26 00:00:00','2013-07-01 00:00:00'),(99,104,197,'2013-07-02 00:00:00','2013-07-03 00:00:00'),(100,111,197,'2013-07-08 00:00:00','2013-07-10 00:00:00'),(101,114,197,'2013-07-13 00:00:00','2013-07-18 00:00:00'),(102,108,197,'2013-07-23 00:00:00','2013-07-26 00:00:00'),(103,112,197,'2013-07-31 00:00:00','2013-08-02 00:00:00'),(104,58,197,'2013-08-04 00:00:00','2013-08-06 00:00:00'),(105,99,197,'2013-08-09 00:00:00','2013-08-11 00:00:00'),(106,53,197,'2013-08-12 00:00:00','2013-08-13 00:00:00'),(107,44,197,'2013-08-16 00:00:00','2013-08-18 00:00:00'),(108,39,197,'2013-08-19 00:00:00','2013-08-24 00:00:00'),(109,113,197,'2013-08-28 00:00:00','2013-08-29 00:00:00'),(110,29,197,'2013-09-02 00:00:00','2013-09-05 00:00:00'),(111,41,197,'2013-09-10 00:00:00','2013-09-12 00:00:00'),(112,48,197,'2013-09-15 00:00:00','2013-09-20 00:00:00'),(113,54,51,'2015-01-23 00:00:00','2015-01-25 00:00:00'),(114,111,51,'2015-01-28 00:00:00','2015-01-29 00:00:00'),(115,64,51,'2015-01-31 00:00:00','2015-02-04 00:00:00'),(116,49,51,'2015-02-05 00:00:00','2015-02-10 00:00:00'),(117,109,51,'2015-02-12 00:00:00','2015-02-16 00:00:00'),(118,19,51,'2015-02-20 00:00:00','2015-02-25 00:00:00'),(119,78,51,'2015-02-26 00:00:00','2015-03-02 00:00:00'),(120,47,51,'2015-03-06 00:00:00','2015-03-11 00:00:00'),(121,99,51,'2015-03-12 00:00:00','2015-03-16 00:00:00'),(122,118,51,'2015-03-20 00:00:00','2015-03-23 00:00:00'),(123,27,51,'2015-03-25 00:00:00','2015-03-28 00:00:00'),(124,29,28,'2013-07-11 00:00:00','2013-07-15 00:00:00'),(125,100,28,'2013-07-17 00:00:00','2013-07-20 00:00:00'),(126,66,28,'2013-07-23 00:00:00','2013-07-25 00:00:00'),(127,12,28,'2013-07-27 00:00:00','2013-07-28 00:00:00'),(128,16,28,'2013-08-02 00:00:00','2013-08-06 00:00:00'),(129,36,28,'2013-08-08 00:00:00','2013-08-11 00:00:00'),(130,111,150,'2013-03-28 00:00:00','2013-04-01 00:00:00'),(131,40,150,'2013-04-05 00:00:00','2013-04-10 00:00:00'),(132,91,150,'2013-04-14 00:00:00','2013-04-17 00:00:00'),(133,7,150,'2013-04-20 00:00:00','2013-04-24 00:00:00'),(134,95,150,'2013-04-25 00:00:00','2013-04-27 00:00:00'),(135,26,150,'2013-04-28 00:00:00','2013-05-03 00:00:00'),(136,9,150,'2013-05-07 00:00:00','2013-05-08 00:00:00'),(137,39,150,'2013-05-12 00:00:00','2013-05-13 00:00:00'),(138,19,150,'2013-05-14 00:00:00','2013-05-15 00:00:00'),(139,76,150,'2013-05-20 00:00:00','2013-05-25 00:00:00'),(140,101,150,'2013-05-26 00:00:00','2013-05-28 00:00:00'),(141,77,150,'2013-05-29 00:00:00','2013-06-02 00:00:00'),(142,50,206,'2013-05-04 00:00:00','2013-05-07 00:00:00'),(143,31,207,'2013-05-11 00:00:00','2013-05-12 00:00:00'),(144,73,206,'2013-05-14 00:00:00','2013-05-17 00:00:00'),(145,88,206,'2013-05-20 00:00:00','2013-05-22 00:00:00'),(146,25,206,'2013-05-26 00:00:00','2013-05-29 00:00:00'),(147,30,206,'2013-06-02 00:00:00','2013-06-03 00:00:00'),(148,37,206,'2013-06-08 00:00:00','2013-06-10 00:00:00'),(149,57,206,'2013-06-15 00:00:00','2013-06-20 00:00:00'),(150,42,206,'2013-06-21 00:00:00','2013-06-25 00:00:00'),(151,2,206,'2013-06-29 00:00:00','2013-07-02 00:00:00'),(152,5,206,'2013-07-06 00:00:00','2013-07-08 00:00:00'),(153,92,206,'2013-07-13 00:00:00','2013-07-14 00:00:00'),(154,102,179,'2013-09-13 00:00:00','2013-09-15 00:00:00'),(155,72,179,'2013-09-20 00:00:00','2013-09-25 00:00:00'),(156,68,106,'2015-03-07 00:00:00','2015-03-12 00:00:00'),(157,109,106,'2015-03-15 00:00:00','2015-03-18 00:00:00'),(158,42,106,'2015-03-21 00:00:00','2015-03-24 00:00:00'),(159,16,106,'2015-03-29 00:00:00','2015-04-02 00:00:00'),(160,65,106,'2015-04-05 00:00:00','2015-04-08 00:00:00'),(161,34,129,'2012-09-26 00:00:00','2012-09-27 00:00:00'),(162,46,129,'2012-09-29 00:00:00','2012-09-30 00:00:00'),(163,32,44,'2014-09-10 00:00:00','2014-09-13 00:00:00'),(164,12,48,'2014-09-26 00:00:00','2014-09-30 00:00:00'),(165,17,48,'2014-10-01 00:00:00','2014-10-06 00:00:00'),(166,57,48,'2014-10-09 00:00:00','2014-10-12 00:00:00'),(167,76,48,'2014-10-13 00:00:00','2014-10-16 00:00:00'),(168,108,48,'2014-10-18 00:00:00','2014-10-19 00:00:00'),(169,48,48,'2014-10-24 00:00:00','2014-10-29 00:00:00'),(170,21,48,'2014-11-03 00:00:00','2014-11-08 00:00:00'),(171,39,48,'2014-11-12 00:00:00','2014-11-13 00:00:00'),(172,44,48,'2014-11-17 00:00:00','2014-11-18 00:00:00'),(173,50,48,'2014-11-19 00:00:00','2014-11-24 00:00:00'),(174,72,7,'2015-02-01 00:00:00','2015-02-03 00:00:00'),(175,9,7,'2015-02-05 00:00:00','2015-02-10 00:00:00'),(176,6,2,'2014-04-06 00:00:00','2014-04-09 00:00:00'),(177,66,3,'2014-04-10 00:00:00','2014-04-15 00:00:00'),(178,86,1,'2014-04-20 00:00:00','2014-04-21 00:00:00'),(179,54,67,'2014-12-21 00:00:00','2014-12-25 00:00:00'),(180,20,67,'2014-12-28 00:00:00','2014-12-30 00:00:00'),(181,115,67,'2015-01-03 00:00:00','2015-01-07 00:00:00'),(182,21,67,'2015-01-10 00:00:00','2015-01-11 00:00:00'),(183,10,67,'2015-01-15 00:00:00','2015-01-18 00:00:00'),(184,112,67,'2015-01-22 00:00:00','2015-01-25 00:00:00'),(185,4,155,'2014-02-23 00:00:00','2014-02-26 00:00:00'),(186,111,154,'2014-02-28 00:00:00','2014-03-02 00:00:00'),(187,32,154,'2014-03-05 00:00:00','2014-03-10 00:00:00'),(188,6,147,'2014-11-16 00:00:00','2014-11-18 00:00:00'),(189,115,147,'2014-11-19 00:00:00','2014-11-23 00:00:00'),(190,55,147,'2014-11-24 00:00:00','2014-11-29 00:00:00'),(191,37,147,'2014-12-02 00:00:00','2014-12-04 00:00:00'),(192,81,103,'2013-08-03 00:00:00','2013-08-05 00:00:00'),(193,54,103,'2013-08-09 00:00:00','2013-08-11 00:00:00'),(194,78,103,'2013-08-15 00:00:00','2013-08-16 00:00:00'),(195,77,103,'2013-08-20 00:00:00','2013-08-25 00:00:00'),(196,107,105,'2014-12-13 00:00:00','2014-12-16 00:00:00'),(197,18,105,'2014-12-19 00:00:00','2014-12-21 00:00:00'),(198,58,105,'2014-12-22 00:00:00','2014-12-25 00:00:00'),(199,52,105,'2014-12-30 00:00:00','2015-01-02 00:00:00'),(200,64,105,'2015-01-03 00:00:00','2015-01-05 00:00:00'),(201,24,105,'2015-01-10 00:00:00','2015-01-12 00:00:00'),(202,91,105,'2015-01-13 00:00:00','2015-01-18 00:00:00'),(203,77,77,'2013-07-26 00:00:00','2013-07-30 00:00:00'),(204,101,141,'2013-03-13 00:00:00','2013-03-17 00:00:00'),(205,90,141,'2013-03-20 00:00:00','2013-03-25 00:00:00'),(206,24,28,'2013-08-08 00:00:00','2013-08-11 00:00:00'),(207,87,28,'2013-08-12 00:00:00','2013-08-16 00:00:00'),(208,77,28,'2013-08-21 00:00:00','2013-08-26 00:00:00'),(209,42,28,'2013-08-29 00:00:00','2013-08-30 00:00:00'),(210,36,28,'2013-09-04 00:00:00','2013-09-09 00:00:00'),(211,18,28,'2013-09-14 00:00:00','2013-09-18 00:00:00'),(212,8,28,'2013-09-21 00:00:00','2013-09-22 00:00:00'),(213,4,210,'2014-12-19 00:00:00','2014-12-21 00:00:00'),(214,85,210,'2014-12-22 00:00:00','2014-12-27 00:00:00'),(215,103,210,'2014-12-31 00:00:00','2015-01-01 00:00:00'),(216,74,210,'2015-01-03 00:00:00','2015-01-04 00:00:00'),(217,61,210,'2015-01-07 00:00:00','2015-01-08 00:00:00'),(218,99,210,'2015-01-10 00:00:00','2015-01-12 00:00:00'),(219,60,210,'2015-01-14 00:00:00','2015-01-16 00:00:00'),(220,53,210,'2015-01-18 00:00:00','2015-01-20 00:00:00'),(221,75,210,'2015-01-22 00:00:00','2015-01-27 00:00:00'),(222,6,210,'2015-01-28 00:00:00','2015-01-30 00:00:00'),(223,107,210,'2015-02-01 00:00:00','2015-02-04 00:00:00'),(224,55,210,'2015-02-05 00:00:00','2015-02-07 00:00:00'),(225,22,188,'2012-10-10 00:00:00','2012-10-14 00:00:00'),(226,10,188,'2012-10-18 00:00:00','2012-10-21 00:00:00'),(227,3,188,'2012-10-26 00:00:00','2012-10-27 00:00:00'),(228,65,188,'2012-11-01 00:00:00','2012-11-05 00:00:00'),(229,45,188,'2012-11-10 00:00:00','2012-11-15 00:00:00'),(230,93,188,'2012-11-19 00:00:00','2012-11-21 00:00:00'),(231,66,158,'2015-02-16 00:00:00','2015-02-18 00:00:00'),(232,74,158,'2015-02-22 00:00:00','2015-02-23 00:00:00'),(233,107,158,'2015-02-27 00:00:00','2015-02-28 00:00:00'),(234,74,158,'2015-03-03 00:00:00','2015-03-05 00:00:00'),(235,25,158,'2015-03-10 00:00:00','2015-03-11 00:00:00'),(236,2,158,'2015-03-14 00:00:00','2015-03-17 00:00:00'),(237,45,158,'2015-03-19 00:00:00','2015-03-24 00:00:00'),(238,97,158,'2015-03-25 00:00:00','2015-03-27 00:00:00'),(239,16,158,'2015-03-28 00:00:00','2015-03-31 00:00:00'),(240,68,158,'2015-04-04 00:00:00','2015-04-06 00:00:00'),(241,32,158,'2015-04-07 00:00:00','2015-04-10 00:00:00'),(242,11,158,'2015-04-13 00:00:00','2015-04-17 00:00:00'),(243,101,158,'2015-04-20 00:00:00','2015-04-25 00:00:00'),(244,81,158,'2015-04-26 00:00:00','2015-04-28 00:00:00'),(245,49,158,'2015-05-03 00:00:00','2015-05-08 00:00:00'),(246,59,158,'2015-05-13 00:00:00','2015-05-18 00:00:00'),(247,43,158,'2015-05-20 00:00:00','2015-05-22 00:00:00'),(248,43,158,'2015-05-23 00:00:00','2015-05-26 00:00:00'),(249,14,158,'2015-05-29 00:00:00','2015-05-31 00:00:00'),(250,23,158,'2015-06-04 00:00:00','2015-06-07 00:00:00'),(251,86,158,'2015-06-12 00:00:00','2015-06-17 00:00:00'),(252,58,158,'2015-06-20 00:00:00','2015-06-23 00:00:00'),(253,12,113,'2014-10-18 00:00:00','2014-10-22 00:00:00'),(254,102,113,'2014-10-25 00:00:00','2014-10-27 00:00:00'),(255,99,113,'2014-10-28 00:00:00','2014-10-30 00:00:00'),(256,35,113,'2014-11-01 00:00:00','2014-11-02 00:00:00'),(257,44,113,'2014-11-07 00:00:00','2014-11-12 00:00:00'),(258,85,113,'2014-11-13 00:00:00','2014-11-18 00:00:00'),(259,16,113,'2014-11-20 00:00:00','2014-11-21 00:00:00'),(260,5,113,'2014-11-24 00:00:00','2014-11-25 00:00:00'),(261,111,113,'2014-11-30 00:00:00','2014-12-05 00:00:00'),(262,82,113,'2014-12-08 00:00:00','2014-12-09 00:00:00'),(263,7,46,'2015-02-22 00:00:00','2015-02-24 00:00:00'),(264,98,46,'2015-03-01 00:00:00','2015-03-05 00:00:00'),(265,42,101,'2014-12-29 00:00:00','2014-12-31 00:00:00'),(266,57,101,'2015-01-03 00:00:00','2015-01-06 00:00:00'),(267,20,101,'2015-01-11 00:00:00','2015-01-14 00:00:00'),(268,49,101,'2015-01-16 00:00:00','2015-01-17 00:00:00'),(269,97,115,'2013-09-13 00:00:00','2013-09-15 00:00:00'),(270,14,115,'2013-09-17 00:00:00','2013-09-18 00:00:00'),(271,31,115,'2013-09-21 00:00:00','2013-09-22 00:00:00'),(272,69,115,'2013-09-27 00:00:00','2013-10-02 00:00:00'),(273,92,115,'2013-10-05 00:00:00','2013-10-08 00:00:00'),(274,99,158,'2015-06-21 00:00:00','2015-06-23 00:00:00'),(275,79,158,'2015-06-25 00:00:00','2015-06-28 00:00:00'),(276,90,158,'2015-06-30 00:00:00','2015-07-02 00:00:00'),(277,96,158,'2015-07-04 00:00:00','2015-07-05 00:00:00'),(278,43,158,'2015-07-06 00:00:00','2015-07-10 00:00:00'),(279,72,158,'2015-07-15 00:00:00','2015-07-18 00:00:00'),(280,68,158,'2015-07-19 00:00:00','2015-07-23 00:00:00'),(281,110,227,'2012-09-16 00:00:00','2012-09-18 00:00:00'),(282,29,227,'2012-09-21 00:00:00','2012-09-25 00:00:00'),(283,36,227,'2012-09-27 00:00:00','2012-10-02 00:00:00'),(284,68,227,'2012-10-04 00:00:00','2012-10-08 00:00:00'),(285,41,66,'2014-03-16 00:00:00','2014-03-20 00:00:00'),(286,105,66,'2014-03-21 00:00:00','2014-03-26 00:00:00'),(287,55,212,'2014-10-08 00:00:00','2014-10-12 00:00:00'),(288,95,212,'2014-10-17 00:00:00','2014-10-20 00:00:00'),(289,107,212,'2014-10-22 00:00:00','2014-10-24 00:00:00'),(290,96,212,'2014-10-26 00:00:00','2014-10-29 00:00:00'),(291,46,212,'2014-10-31 00:00:00','2014-11-05 00:00:00'),(292,50,212,'2014-11-08 00:00:00','2014-11-11 00:00:00'),(293,38,129,'2013-08-29 00:00:00','2013-09-03 00:00:00'),(294,81,129,'2013-09-08 00:00:00','2013-09-09 00:00:00'),(295,93,129,'2013-09-13 00:00:00','2013-09-18 00:00:00'),(296,69,129,'2013-09-21 00:00:00','2013-09-22 00:00:00'),(297,76,129,'2013-09-24 00:00:00','2013-09-27 00:00:00'),(298,25,160,'2014-11-09 00:00:00','2014-11-10 00:00:00'),(299,103,160,'2014-11-15 00:00:00','2014-11-18 00:00:00'),(300,64,160,'2014-11-20 00:00:00','2014-11-22 00:00:00'),(301,70,160,'2014-11-27 00:00:00','2014-11-28 00:00:00'),(302,93,132,'2014-02-03 00:00:00','2014-02-06 00:00:00'),(303,4,132,'2014-02-08 00:00:00','2014-02-10 00:00:00'),(304,77,132,'2014-02-11 00:00:00','2014-02-13 00:00:00'),(305,102,132,'2014-02-16 00:00:00','2014-02-17 00:00:00'),(306,15,90,'2014-01-04 00:00:00','2014-01-08 00:00:00'),(307,16,90,'2014-01-12 00:00:00','2014-01-17 00:00:00'),(308,109,90,'2014-01-18 00:00:00','2014-01-22 00:00:00'),(309,110,90,'2014-01-25 00:00:00','2014-01-27 00:00:00'),(310,78,90,'2014-01-28 00:00:00','2014-01-29 00:00:00'),(311,78,90,'2014-02-03 00:00:00','2014-02-06 00:00:00'),(312,2,90,'2014-02-09 00:00:00','2014-02-11 00:00:00'),(313,98,90,'2014-02-14 00:00:00','2014-02-16 00:00:00'),(314,82,90,'2014-02-19 00:00:00','2014-02-24 00:00:00'),(315,104,199,'2014-11-04 00:00:00','2014-11-09 00:00:00'),(316,15,66,'2014-03-26 00:00:00','2014-03-26 00:00:00'),(317,41,66,'2014-03-28 00:00:00','2014-03-28 00:00:00'),(318,99,66,'2014-04-01 00:00:00','2014-04-01 00:00:00'),(319,51,66,'2014-04-07 00:00:00','2014-04-07 00:00:00'),(320,86,38,'2013-06-27 00:00:00','2013-06-27 00:00:00'),(321,63,37,'2013-07-04 00:00:00','2013-07-04 00:00:00'),(322,59,37,'2013-07-10 00:00:00','2013-07-10 00:00:00'),(323,35,37,'2013-07-16 00:00:00','2013-07-16 00:00:00'),(324,103,37,'2013-07-23 00:00:00','2013-07-23 00:00:00'),(325,89,224,'2013-12-04 00:00:00','2013-12-04 00:00:00'),(326,7,224,'2013-12-12 00:00:00','2013-12-12 00:00:00'),(327,8,224,'2013-12-17 00:00:00','2013-12-17 00:00:00'),(328,48,211,'2013-08-18 00:00:00','2013-08-18 00:00:00'),(329,81,211,'2013-08-26 00:00:00','2013-08-26 00:00:00'),(330,81,211,'2013-09-01 00:00:00','2013-09-01 00:00:00'),(331,46,211,'2013-09-06 00:00:00','2013-09-06 00:00:00'),(332,44,211,'2013-09-08 00:00:00','2013-09-08 00:00:00'),(333,85,6,'2013-01-08 00:00:00','2013-01-08 00:00:00'),(334,18,214,'2012-09-07 00:00:00','2012-09-07 00:00:00'),(335,71,214,'2012-09-14 00:00:00','2012-09-14 00:00:00'),(336,69,185,'2013-12-23 00:00:00','2013-12-23 00:00:00'),(337,95,185,'2013-12-31 00:00:00','2013-12-31 00:00:00'),(338,80,185,'2014-01-07 00:00:00','2014-01-07 00:00:00'),(339,48,185,'2014-01-13 00:00:00','2014-01-13 00:00:00'),(340,34,185,'2014-01-19 00:00:00','2014-01-19 00:00:00'),(341,73,185,'2014-01-23 00:00:00','2014-01-23 00:00:00'),(342,66,185,'2014-01-29 00:00:00','2014-01-29 00:00:00'),(343,51,185,'2014-02-04 00:00:00','2014-02-04 00:00:00'),(344,96,227,'2014-04-27 00:00:00','2014-04-27 00:00:00'),(345,118,227,'2014-05-05 00:00:00','2014-05-05 00:00:00'),(346,88,227,'2014-05-08 00:00:00','2014-05-08 00:00:00'),(347,47,134,'2013-08-25 00:00:00','2013-08-25 00:00:00'),(348,20,134,'2013-09-02 00:00:00','2013-09-02 00:00:00'),(349,98,134,'2013-09-07 00:00:00','2013-09-07 00:00:00'),(350,115,134,'2013-09-10 00:00:00','2013-09-10 00:00:00'),(351,105,134,'2013-09-15 00:00:00','2013-09-15 00:00:00'),(352,67,193,'2013-10-30 00:00:00','2013-10-30 00:00:00'),(353,92,193,'2013-11-05 00:00:00','2013-11-05 00:00:00'),(354,106,168,'2012-10-01 00:00:00','2012-10-01 00:00:00'),(355,29,168,'2012-10-08 00:00:00','2012-10-08 00:00:00'),(356,7,44,'2014-12-14 00:00:00','2014-12-14 00:00:00'),(357,67,44,'2014-12-20 00:00:00','2014-12-20 00:00:00'),(358,38,44,'2014-12-29 00:00:00','2014-12-29 00:00:00'),(359,24,184,'2015-03-04 00:00:00','2015-03-04 00:00:00'),(360,44,184,'2015-03-12 00:00:00','2015-03-12 00:00:00'),(361,73,184,'2015-03-19 00:00:00','2015-03-19 00:00:00'),(362,75,184,'2015-03-26 00:00:00','2015-03-26 00:00:00'),(363,46,184,'2015-04-03 00:00:00','2015-04-03 00:00:00'),(364,3,184,'2015-04-09 00:00:00','2015-04-09 00:00:00'),(365,40,184,'2015-04-11 00:00:00','2015-04-11 00:00:00'),(366,8,155,'2014-02-26 00:00:00','2014-02-26 00:00:00'),(367,34,155,'2014-02-26 00:00:00','2014-02-26 00:00:00'),(368,9,155,'2014-03-02 00:00:00','2014-03-02 00:00:00'),(369,118,155,'2014-03-06 00:00:00','2014-03-06 00:00:00'),(370,16,155,'2014-03-10 00:00:00','2014-03-10 00:00:00'),(371,9,155,'2014-03-17 00:00:00','2014-03-17 00:00:00'),(372,106,155,'2014-03-25 00:00:00','2014-03-25 00:00:00'),(373,26,155,'2014-03-28 00:00:00','2014-03-28 00:00:00'),(374,49,155,'2014-04-05 00:00:00','2014-04-05 00:00:00'),(375,75,155,'2014-04-12 00:00:00','2014-04-12 00:00:00'),(376,35,155,'2014-04-18 00:00:00','2014-04-18 00:00:00'),(377,42,155,'2014-04-23 00:00:00','2014-04-23 00:00:00'),(378,89,155,'2014-04-26 00:00:00','2014-04-26 00:00:00'),(379,24,155,'2014-05-02 00:00:00','2014-05-02 00:00:00'),(380,52,155,'2014-05-07 00:00:00','2014-05-07 00:00:00'),(381,96,155,'2014-05-14 00:00:00','2014-05-14 00:00:00'),(382,11,155,'2014-05-22 00:00:00','2014-05-22 00:00:00'),(383,83,155,'2014-05-27 00:00:00','2014-05-27 00:00:00'),(384,42,155,'2014-06-04 00:00:00','2014-06-04 00:00:00'),(385,51,155,'2014-06-10 00:00:00','2014-06-10 00:00:00'),(386,33,41,'2013-08-14 00:00:00','2013-08-14 00:00:00'),(387,39,41,'2013-08-17 00:00:00','2013-08-17 00:00:00'),(388,21,91,'2012-11-27 00:00:00','2012-11-27 00:00:00'),(389,35,91,'2012-12-05 00:00:00','2012-12-05 00:00:00'),(390,15,91,'2012-12-07 00:00:00','2012-12-07 00:00:00'),(391,11,22,'2013-01-21 00:00:00','2013-01-21 00:00:00'),(392,93,22,'2013-01-26 00:00:00','2013-01-26 00:00:00'),(393,98,22,'2013-02-03 00:00:00','2013-02-03 00:00:00'),(394,89,22,'2013-02-10 00:00:00','2013-02-10 00:00:00'),(395,17,22,'2013-02-13 00:00:00','2013-02-13 00:00:00'),(396,112,22,'2013-02-22 00:00:00','2013-02-22 00:00:00'),(397,17,104,'2015-03-01 00:00:00','2015-03-01 00:00:00'),(398,64,104,'2015-03-10 00:00:00','2015-03-10 00:00:00'),(399,55,104,'2015-03-17 00:00:00','2015-03-17 00:00:00'),(400,82,104,'2015-03-22 00:00:00','2015-03-22 00:00:00'),(401,109,104,'2015-03-29 00:00:00','2015-03-29 00:00:00'),(402,44,104,'2015-04-03 00:00:00','2015-04-03 00:00:00'),(403,42,104,'2015-04-10 00:00:00','2015-04-10 00:00:00'),(404,92,104,'2015-04-13 00:00:00','2015-04-13 00:00:00'),(405,92,104,'2015-04-17 00:00:00','2015-04-17 00:00:00'),(406,90,104,'2015-04-26 00:00:00','2015-04-26 00:00:00'),(407,105,104,'2015-05-03 00:00:00','2015-05-03 00:00:00'),(408,87,104,'2015-05-09 00:00:00','2015-05-09 00:00:00'),(409,26,104,'2015-05-15 00:00:00','2015-05-15 00:00:00'),(410,44,104,'2015-05-20 00:00:00','2015-05-20 00:00:00'),(411,46,104,'2015-05-26 00:00:00','2015-05-26 00:00:00'),(412,62,104,'2015-06-03 00:00:00','2015-06-03 00:00:00'),(413,53,104,'2015-06-07 00:00:00','2015-06-07 00:00:00'),(414,104,104,'2015-06-12 00:00:00','2015-06-12 00:00:00'),(415,93,104,'2015-06-17 00:00:00','2015-06-17 00:00:00'),(416,41,104,'2015-06-20 00:00:00','2015-06-20 00:00:00'),(417,90,104,'2015-06-26 00:00:00','2015-06-26 00:00:00'),(418,99,104,'2015-07-03 00:00:00','2015-07-03 00:00:00'),(419,111,104,'2015-07-09 00:00:00','2015-07-09 00:00:00'),(420,70,104,'2015-07-15 00:00:00','2015-07-15 00:00:00'),(421,17,104,'2015-07-19 00:00:00','2015-07-19 00:00:00'),(422,69,104,'2015-07-24 00:00:00','2015-07-24 00:00:00'),(423,8,104,'2015-07-27 00:00:00','2015-07-27 00:00:00'),(424,22,104,'2015-07-31 00:00:00','2015-07-31 00:00:00'),(425,80,104,'2015-08-06 00:00:00','2015-08-06 00:00:00'),(426,18,104,'2015-08-12 00:00:00','2015-08-12 00:00:00'),(427,111,104,'2015-08-20 00:00:00','2015-08-20 00:00:00'),(428,92,104,'2015-08-27 00:00:00','2015-08-27 00:00:00'),(429,88,104,'2015-09-05 00:00:00','2015-09-05 00:00:00'),(430,68,104,'2015-09-10 00:00:00','2015-09-10 00:00:00'),(431,77,104,'2015-09-16 00:00:00','2015-09-16 00:00:00'),(432,113,104,'2015-09-21 00:00:00','2015-09-21 00:00:00'),(433,66,104,'2015-09-23 00:00:00','2015-09-23 00:00:00'),(434,61,121,'2014-06-26 00:00:00','2014-06-26 00:00:00'),(435,103,121,'2014-07-01 00:00:00','2014-07-01 00:00:00'),(436,74,121,'2014-07-08 00:00:00','2014-07-08 00:00:00'),(437,104,30,'2014-10-31 00:00:00','2014-10-31 00:00:00'),(438,55,31,'2014-11-06 00:00:00','2014-11-06 00:00:00'),(439,40,184,'2015-04-11 00:00:00','2015-04-11 00:00:00'),(440,63,184,'2015-04-13 00:00:00','2015-04-13 00:00:00'),(441,111,184,'2015-04-17 00:00:00','2015-04-17 00:00:00'),(442,62,184,'2015-04-22 00:00:00','2015-04-22 00:00:00'),(443,98,184,'2015-05-02 00:00:00','2015-05-02 00:00:00'),(444,23,184,'2015-05-04 00:00:00','2015-05-04 00:00:00'),(445,45,184,'2015-05-13 00:00:00','2015-05-13 00:00:00'),(446,59,184,'2015-05-19 00:00:00','2015-05-19 00:00:00'),(447,71,184,'2015-05-22 00:00:00','2015-05-22 00:00:00'),(448,17,184,'2015-05-27 00:00:00','2015-05-27 00:00:00'),(449,32,88,'2012-11-07 00:00:00','2012-11-07 00:00:00'),(450,89,88,'2012-11-11 00:00:00','2012-11-11 00:00:00'),(451,112,88,'2012-11-16 00:00:00','2012-11-16 00:00:00'),(452,14,88,'2012-11-24 00:00:00','2012-11-24 00:00:00'),(453,29,88,'2012-11-29 00:00:00','2012-11-29 00:00:00'),(454,28,88,'2012-12-03 00:00:00','2012-12-03 00:00:00'),(455,30,88,'2012-12-06 00:00:00','2012-12-06 00:00:00'),(456,55,88,'2012-12-15 00:00:00','2012-12-15 00:00:00'),(457,118,88,'2012-12-22 00:00:00','2012-12-22 00:00:00'),(458,32,88,'2013-01-01 00:00:00','2013-01-01 00:00:00'),(459,18,88,'2013-01-07 00:00:00','2013-01-07 00:00:00'),(460,29,88,'2013-01-12 00:00:00','2013-01-12 00:00:00'),(461,106,88,'2013-01-18 00:00:00','2013-01-18 00:00:00'),(462,113,70,'2014-05-07 00:00:00','2014-05-07 00:00:00'),(463,62,70,'2014-05-15 00:00:00','2014-05-15 00:00:00'),(464,6,70,'2014-05-21 00:00:00','2014-05-21 00:00:00'),(465,14,70,'2014-05-26 00:00:00','2014-05-26 00:00:00'),(466,117,70,'2014-06-01 00:00:00','2014-06-01 00:00:00'),(467,114,70,'2014-06-06 00:00:00','2014-06-06 00:00:00'),(468,103,70,'2014-06-09 00:00:00','2014-06-09 00:00:00'),(469,18,107,'2013-05-20 00:00:00','2013-05-20 00:00:00'),(470,5,107,'2013-05-25 00:00:00','2013-05-25 00:00:00'),(471,38,107,'2013-05-29 00:00:00','2013-05-29 00:00:00'),(472,65,107,'2013-06-04 00:00:00','2013-06-04 00:00:00'),(473,45,107,'2013-06-08 00:00:00','2013-06-08 00:00:00'),(474,117,107,'2013-06-16 00:00:00','2013-06-16 00:00:00'),(475,71,107,'2013-06-18 00:00:00','2013-06-18 00:00:00'),(476,43,107,'2013-06-26 00:00:00','2013-06-26 00:00:00'),(477,72,107,'2013-07-01 00:00:00','2013-07-01 00:00:00'),(478,17,107,'2013-07-05 00:00:00','2013-07-05 00:00:00'),(479,78,107,'2013-07-08 00:00:00','2013-07-08 00:00:00'),(480,85,107,'2013-07-15 00:00:00','2013-07-15 00:00:00'),(481,110,107,'2013-07-20 00:00:00','2013-07-20 00:00:00'),(482,32,25,'2014-07-31 00:00:00','2014-07-31 00:00:00'),(483,57,25,'2014-08-07 00:00:00','2014-08-07 00:00:00'),(484,55,25,'2014-08-10 00:00:00','2014-08-10 00:00:00'),(485,102,25,'2014-08-16 00:00:00','2014-08-16 00:00:00'),(486,48,25,'2014-08-21 00:00:00','2014-08-21 00:00:00'),(487,17,172,'2013-12-13 00:00:00','2013-12-13 00:00:00'),(488,31,171,'2013-12-23 00:00:00','2013-12-23 00:00:00'),(489,108,171,'2013-12-30 00:00:00','2013-12-30 00:00:00'),(490,40,171,'2014-01-08 00:00:00','2014-01-08 00:00:00'),(491,97,171,'2014-01-15 00:00:00','2014-01-15 00:00:00'),(492,84,193,'2013-11-05 00:00:00','2013-11-05 00:00:00'),(493,40,193,'2013-11-10 00:00:00','2013-11-10 00:00:00'),(494,67,193,'2013-11-17 00:00:00','2013-11-17 00:00:00'),(495,60,193,'2013-11-25 00:00:00','2013-11-25 00:00:00'),(496,11,193,'2013-11-29 00:00:00','2013-11-29 00:00:00'),(497,48,193,'2013-12-03 00:00:00','2013-12-03 00:00:00'),(498,51,193,'2013-12-13 00:00:00','2013-12-13 00:00:00'),(499,116,16,'2012-09-25 00:00:00','2012-09-25 00:00:00'),(500,25,40,'2014-08-05 00:00:00','2014-08-05 00:00:00'),(501,16,40,'2014-08-12 00:00:00','2014-08-12 00:00:00'),(502,93,40,'2014-08-16 00:00:00','2014-08-16 00:00:00'),(503,82,40,'2014-08-22 00:00:00','2014-08-22 00:00:00'),(504,33,40,'2014-08-28 00:00:00','2014-08-28 00:00:00'),(505,101,92,'2013-04-09 00:00:00','2013-04-09 00:00:00'),(506,18,92,'2013-04-16 00:00:00','2013-04-16 00:00:00'),(507,72,92,'2013-04-19 00:00:00','2013-04-19 00:00:00'),(508,51,92,'2013-04-21 00:00:00','2013-04-21 00:00:00'),(509,90,92,'2013-04-25 00:00:00','2013-04-25 00:00:00'),(510,10,6,'2013-01-10 00:00:00','2013-01-10 00:00:00'),(511,31,6,'2013-01-12 00:00:00','2013-01-12 00:00:00'),(512,57,6,'2013-01-15 00:00:00','2013-01-15 00:00:00'),(513,61,6,'2013-01-19 00:00:00','2013-01-19 00:00:00'),(514,23,6,'2013-01-27 00:00:00','2013-01-27 00:00:00'),(515,37,6,'2013-01-31 00:00:00','2013-01-31 00:00:00'),(516,14,6,'2013-02-04 00:00:00','2013-02-04 00:00:00'),(517,115,6,'2013-02-09 00:00:00','2013-02-09 00:00:00'),(518,73,6,'2013-02-14 00:00:00','2013-02-14 00:00:00'),(519,76,208,'2013-12-19 00:00:00','2013-12-19 00:00:00'),(520,12,208,'2013-12-26 00:00:00','2013-12-26 00:00:00'),(521,83,208,'2014-01-01 00:00:00','2014-01-01 00:00:00'),(522,8,208,'2014-01-06 00:00:00','2014-01-06 00:00:00'),(523,39,208,'2014-01-13 00:00:00','2014-01-13 00:00:00'),(524,29,208,'2014-01-19 00:00:00','2014-01-19 00:00:00'),(525,40,208,'2014-01-21 00:00:00','2014-01-21 00:00:00'),(526,64,208,'2014-01-27 00:00:00','2014-01-27 00:00:00'),(527,24,208,'2014-01-31 00:00:00','2014-01-31 00:00:00'),(528,118,119,'2014-10-11 00:00:00','2014-10-11 00:00:00'),(529,106,119,'2014-10-14 00:00:00','2014-10-14 00:00:00'),(530,21,223,'2012-11-26 00:00:00','2012-11-26 00:00:00'),(531,73,13,'2014-12-08 00:00:00','2014-12-08 00:00:00'),(532,19,13,'2014-12-12 00:00:00','2014-12-12 00:00:00'),(533,113,13,'2014-12-19 00:00:00','2014-12-19 00:00:00'),(534,84,13,'2014-12-29 00:00:00','2014-12-29 00:00:00'),(535,55,154,'2014-03-10 00:00:00','2014-03-10 00:00:00'),(536,46,153,'2014-02-07 00:00:00','2014-02-07 00:00:00'),(537,39,153,'2014-02-10 00:00:00','2014-02-10 00:00:00'),(538,11,153,'2014-02-19 00:00:00','2014-02-19 00:00:00'),(539,92,153,'2014-03-01 00:00:00','2014-03-01 00:00:00'),(540,63,143,'2014-09-15 00:00:00','2014-09-15 00:00:00'),(541,71,143,'2014-09-22 00:00:00','2014-09-22 00:00:00'),(542,78,143,'2014-09-28 00:00:00','2014-09-28 00:00:00'),(543,57,143,'2014-10-01 00:00:00','2014-10-01 00:00:00'),(544,7,143,'2014-10-04 00:00:00','2014-10-04 00:00:00'),(545,101,143,'2014-10-11 00:00:00','2014-10-11 00:00:00'),(546,31,143,'2014-10-20 00:00:00','2014-10-20 00:00:00'),(547,41,143,'2014-10-26 00:00:00','2014-10-26 00:00:00'),(548,99,143,'2014-10-29 00:00:00','2014-10-29 00:00:00'),(549,26,143,'2014-11-02 00:00:00','2014-11-02 00:00:00'),(550,38,162,'2012-12-23 00:00:00','2012-12-23 00:00:00'),(551,66,161,'2012-12-27 00:00:00','2012-12-27 00:00:00'),(552,95,81,'2015-02-07 00:00:00','2015-02-07 00:00:00'),(553,111,81,'2015-02-13 00:00:00','2015-02-13 00:00:00'),(554,113,81,'2015-02-23 00:00:00','2015-02-23 00:00:00'),(555,106,81,'2015-02-27 00:00:00','2015-02-27 00:00:00'),(556,5,81,'2015-03-05 00:00:00','2015-03-05 00:00:00'),(557,92,112,'2014-09-24 00:00:00','2014-09-24 00:00:00'),(558,102,112,'2014-09-29 00:00:00','2014-09-29 00:00:00'),(559,74,112,'2014-10-03 00:00:00','2014-10-03 00:00:00'),(560,39,63,'2015-02-04 00:00:00','2015-02-04 00:00:00'),(561,91,63,'2015-02-11 00:00:00','2015-02-11 00:00:00'),(562,39,63,'2015-02-15 00:00:00','2015-02-15 00:00:00'),(563,97,63,'2015-02-21 00:00:00','2015-02-21 00:00:00'),(564,73,63,'2015-03-02 00:00:00','2015-03-02 00:00:00'),(565,18,63,'2015-03-09 00:00:00','2015-03-09 00:00:00'),(566,77,63,'2015-03-14 00:00:00','2015-03-14 00:00:00'),(567,41,63,'2015-03-21 00:00:00','2015-03-21 00:00:00'),(568,33,63,'2015-03-28 00:00:00','2015-03-28 00:00:00'),(569,48,63,'2015-04-04 00:00:00','2015-04-04 00:00:00'),(570,82,63,'2015-04-12 00:00:00','2015-04-12 00:00:00'),(571,65,63,'2015-04-19 00:00:00','2015-04-19 00:00:00'),(572,31,63,'2015-04-26 00:00:00','2015-04-26 00:00:00'),(573,83,63,'2015-04-30 00:00:00','2015-04-30 00:00:00'),(574,2,63,'2015-05-05 00:00:00','2015-05-05 00:00:00'),(575,80,63,'2015-05-10 00:00:00','2015-05-10 00:00:00'),(576,10,63,'2015-05-13 00:00:00','2015-05-13 00:00:00'),(577,22,63,'2015-05-22 00:00:00','2015-05-22 00:00:00'),(578,98,63,'2015-05-31 00:00:00','2015-05-31 00:00:00'),(579,65,63,'2015-06-06 00:00:00','2015-06-06 00:00:00'),(580,68,63,'2015-06-10 00:00:00','2015-06-10 00:00:00'),(581,36,17,'2013-02-21 00:00:00','2013-02-21 00:00:00'),(582,117,17,'2013-02-25 00:00:00','2013-02-25 00:00:00'),(583,21,17,'2013-03-01 00:00:00','2013-03-01 00:00:00'),(584,94,17,'2013-03-06 00:00:00','2013-03-06 00:00:00'),(585,74,166,'2012-12-04 00:00:00','2012-12-04 00:00:00'),(586,12,166,'2012-12-09 00:00:00','2012-12-09 00:00:00'),(587,45,166,'2012-12-15 00:00:00','2012-12-15 00:00:00'),(588,5,79,'2013-01-06 00:00:00','2013-01-06 00:00:00'),(589,118,79,'2013-01-14 00:00:00','2013-01-14 00:00:00'),(590,46,79,'2013-01-21 00:00:00','2013-01-21 00:00:00'),(591,69,79,'2013-01-26 00:00:00','2013-01-26 00:00:00'),(592,22,213,'2014-06-04 00:00:00','2014-06-04 00:00:00'),(593,71,213,'2014-06-10 00:00:00','2014-06-10 00:00:00'),(594,117,213,'2014-06-16 00:00:00','2014-06-16 00:00:00'),(595,117,213,'2014-06-22 00:00:00','2014-06-22 00:00:00'),(596,42,213,'2014-06-27 00:00:00','2014-06-27 00:00:00'),(597,108,213,'2014-07-05 00:00:00','2014-07-05 00:00:00'),(598,104,213,'2014-07-09 00:00:00','2014-07-09 00:00:00'),(599,47,213,'2014-07-17 00:00:00','2014-07-17 00:00:00'),(600,108,213,'2014-07-20 00:00:00','2014-07-20 00:00:00'),(601,55,213,'2014-07-27 00:00:00','2014-07-27 00:00:00'),(602,97,229,'2014-07-18 00:00:00','2014-07-18 00:00:00'),(603,64,229,'2014-07-26 00:00:00','2014-07-26 00:00:00'),(604,14,222,'2015-01-20 00:00:00','2015-01-20 00:00:00'),(605,23,222,'2015-01-18 00:00:00','2015-01-19 00:00:00'),(606,108,222,'2015-01-23 00:00:00','2015-01-23 00:00:00'),(607,23,222,'2015-01-29 00:00:00','2015-01-29 00:00:00'),(608,64,222,'2015-02-03 00:00:00','2015-02-03 00:00:00'),(609,12,222,'2015-02-09 00:00:00','2015-02-09 00:00:00'),(610,61,222,'2015-02-17 00:00:00','2015-02-17 00:00:00'),(611,60,222,'2015-02-26 00:00:00','2015-02-26 00:00:00'),(612,70,222,'2015-03-05 00:00:00','2015-03-05 00:00:00'),(613,39,192,'2013-04-28 00:00:00','2013-04-28 00:00:00'),(614,69,191,'2013-05-06 00:00:00','2013-05-06 00:00:00'),(615,113,191,'2013-05-12 00:00:00','2013-05-12 00:00:00'),(616,97,191,'2013-05-15 00:00:00','2013-05-15 00:00:00'),(617,47,191,'2013-05-18 00:00:00','2013-05-18 00:00:00'),(618,59,191,'2013-05-26 00:00:00','2013-05-26 00:00:00'),(619,80,191,'2013-06-01 00:00:00','2013-06-01 00:00:00'),(620,69,191,'2013-06-10 00:00:00','2013-06-10 00:00:00'),(621,86,191,'2013-06-14 00:00:00','2013-06-14 00:00:00'),(622,100,191,'2013-06-19 00:00:00','2013-06-19 00:00:00'),(623,62,34,'2014-10-30 00:00:00','2014-10-30 00:00:00'),(624,66,34,'2014-11-05 00:00:00','2014-11-05 00:00:00'),(625,70,34,'2014-11-14 00:00:00','2014-11-14 00:00:00'),(626,101,167,'2015-01-17 00:00:00','2015-01-17 00:00:00'),(627,30,167,'2015-01-25 00:00:00','2015-01-25 00:00:00'),(628,59,167,'2015-02-03 00:00:00','2015-02-03 00:00:00'),(629,48,167,'2015-02-09 00:00:00','2015-02-09 00:00:00'),(630,40,167,'2015-02-17 00:00:00','2015-02-17 00:00:00'),(631,63,167,'2015-02-22 00:00:00','2015-02-22 00:00:00'),(632,87,167,'2015-02-24 00:00:00','2015-02-24 00:00:00'),(633,87,167,'2015-03-03 00:00:00','2015-03-03 00:00:00'),(634,85,167,'2015-03-08 00:00:00','2015-03-08 00:00:00'),(635,9,167,'2015-03-18 00:00:00','2015-03-18 00:00:00'),(636,106,167,'2015-03-26 00:00:00','2015-03-26 00:00:00'),(637,110,167,'2015-03-31 00:00:00','2015-03-31 00:00:00'),(638,71,167,'2015-04-07 00:00:00','2015-04-07 00:00:00'),(639,54,167,'2015-04-14 00:00:00','2015-04-14 00:00:00'),(640,70,161,'2014-04-06 00:00:00','2014-04-06 00:00:00'),(641,60,161,'2014-04-09 00:00:00','2014-04-09 00:00:00'),(642,111,223,'2012-11-26 00:00:00','2012-11-26 00:00:00'),(643,77,223,'2012-11-28 00:00:00','2012-11-28 00:00:00'),(644,64,223,'2012-12-05 00:00:00','2012-12-05 00:00:00'),(645,88,223,'2012-12-15 00:00:00','2012-12-15 00:00:00'),(646,14,223,'2012-12-23 00:00:00','2012-12-23 00:00:00'),(647,99,223,'2013-01-01 00:00:00','2013-01-01 00:00:00'),(648,97,155,'2015-01-14 00:00:00','2015-01-14 00:00:00'),(649,34,23,'2014-07-10 00:00:00','2014-07-10 00:00:00'),(650,43,23,'2014-07-13 00:00:00','2014-07-13 00:00:00'),(651,11,23,'2014-07-18 00:00:00','2014-07-18 00:00:00'),(652,6,23,'2014-07-27 00:00:00','2014-07-27 00:00:00'),(653,117,163,'2012-10-26 00:00:00','2012-10-26 00:00:00'),(654,62,163,'2012-11-04 00:00:00','2012-11-04 00:00:00'),(655,61,163,'2012-11-11 00:00:00','2012-11-11 00:00:00'),(656,36,163,'2012-11-13 00:00:00','2012-11-13 00:00:00'),(657,26,163,'2012-11-18 00:00:00','2012-11-18 00:00:00'),(658,28,163,'2012-11-25 00:00:00','2012-11-25 00:00:00'),(659,58,163,'2012-12-01 00:00:00','2012-12-01 00:00:00'),(660,18,171,'2014-01-19 00:00:00','2014-01-19 00:00:00'),(661,74,171,'2014-01-20 00:00:00','2014-01-20 00:00:00'),(662,21,171,'2014-01-22 00:00:00','2014-01-22 00:00:00'),(663,112,171,'2014-01-29 00:00:00','2014-01-29 00:00:00'),(664,94,171,'2014-02-03 00:00:00','2014-02-03 00:00:00'),(665,46,171,'2014-02-10 00:00:00','2014-02-10 00:00:00'),(666,21,171,'2014-02-18 00:00:00','2014-02-18 00:00:00'),(667,77,171,'2014-02-25 00:00:00','2014-02-25 00:00:00'),(668,56,102,'2013-07-21 00:00:00','2013-07-21 00:00:00'),(669,53,102,'2013-07-29 00:00:00','2013-07-29 00:00:00'),(670,63,102,'2013-08-01 00:00:00','2013-08-01 00:00:00'),(671,18,144,'2013-12-29 00:00:00','2013-12-29 00:00:00'),(672,13,144,'2014-01-01 00:00:00','2014-01-01 00:00:00'),(673,9,144,'2014-01-07 00:00:00','2014-01-07 00:00:00'),(674,102,144,'2014-01-13 00:00:00','2014-01-13 00:00:00'),(675,9,47,'2012-12-22 00:00:00','2012-12-22 00:00:00'),(676,92,47,'2012-12-28 00:00:00','2012-12-28 00:00:00'),(677,14,47,'2013-01-04 00:00:00','2013-01-04 00:00:00'),(678,91,47,'2013-01-09 00:00:00','2013-01-09 00:00:00'),(679,53,104,'2015-09-23 00:00:00','2015-09-23 00:00:00'),(680,104,104,'2015-09-24 00:00:00','2015-09-24 00:00:00'),(681,90,104,'2015-09-30 00:00:00','2015-09-30 00:00:00'),(682,23,178,'2015-01-10 00:00:00','2015-01-10 00:00:00'),(683,29,178,'2015-01-17 00:00:00','2015-01-17 00:00:00'),(684,65,34,'2014-11-14 00:00:00','2014-11-14 00:00:00'),(685,55,34,'2014-11-15 00:00:00','2014-11-15 00:00:00'),(686,114,34,'2014-11-20 00:00:00','2014-11-20 00:00:00'),(687,60,34,'2014-11-24 00:00:00','2014-11-24 00:00:00'),(688,73,34,'2014-11-30 00:00:00','2014-11-30 00:00:00'),(689,47,34,'2014-12-07 00:00:00','2014-12-07 00:00:00'),(690,48,34,'2014-12-11 00:00:00','2014-12-11 00:00:00'),(691,48,34,'2014-12-17 00:00:00','2014-12-17 00:00:00'),(692,97,34,'2014-12-24 00:00:00','2014-12-24 00:00:00'),(693,97,34,'2014-12-28 00:00:00','2014-12-28 00:00:00'),(694,2,34,'2015-01-01 00:00:00','2015-01-01 00:00:00'),(695,55,34,'2015-01-07 00:00:00','2015-01-07 00:00:00'),(696,62,34,'2015-01-12 00:00:00','2015-01-12 00:00:00'),(697,108,34,'2015-01-21 00:00:00','2015-01-21 00:00:00'),(698,77,34,'2015-01-28 00:00:00','2015-01-28 00:00:00'),(699,49,122,'2014-09-28 00:00:00','2014-09-28 00:00:00'),(700,76,92,'2013-04-25 00:00:00','2013-04-25 00:00:00'),(701,107,92,'2013-04-26 00:00:00','2013-04-26 00:00:00'),(702,61,92,'2013-05-03 00:00:00','2013-05-03 00:00:00'),(703,51,92,'2013-05-10 00:00:00','2013-05-10 00:00:00'),(704,76,92,'2013-05-15 00:00:00','2013-05-15 00:00:00'),(705,62,92,'2013-05-22 00:00:00','2013-05-22 00:00:00'),(706,41,92,'2013-05-31 00:00:00','2013-05-31 00:00:00'),(707,96,175,'2014-10-11 00:00:00','2014-10-11 00:00:00'),(708,76,175,'2014-10-18 00:00:00','2014-10-18 00:00:00'),(709,37,175,'2014-10-21 00:00:00','2014-10-21 00:00:00'),(710,4,175,'2014-10-26 00:00:00','2014-10-26 00:00:00'),(711,112,60,'2014-07-29 00:00:00','2014-07-29 00:00:00'),(712,43,62,'2013-01-23 00:00:00','2013-01-23 00:00:00'),(713,81,62,'2013-02-02 00:00:00','2013-02-02 00:00:00'),(714,35,62,'2013-02-07 00:00:00','2013-02-07 00:00:00'),(715,31,62,'2013-02-11 00:00:00','2013-02-11 00:00:00'),(716,83,62,'2013-02-15 00:00:00','2013-02-15 00:00:00'),(717,114,62,'2013-02-25 00:00:00','2013-02-25 00:00:00'),(718,4,62,'2013-03-04 00:00:00','2013-03-04 00:00:00'),(719,38,62,'2013-03-08 00:00:00','2013-03-08 00:00:00'),(720,114,62,'2013-03-13 00:00:00','2013-03-13 00:00:00'),(721,9,58,'2014-05-31 00:00:00','2014-05-31 00:00:00'),(722,116,58,'2014-06-03 00:00:00','2014-06-03 00:00:00'),(723,37,58,'2014-06-08 00:00:00','2014-06-08 00:00:00'),(724,43,129,'2013-09-27 00:00:00','2013-09-27 00:00:00'),(725,32,129,'2013-09-30 00:00:00','2013-09-30 00:00:00'),(726,23,113,'2014-12-09 00:00:00','2014-12-09 00:00:00'),(727,99,101,'2015-01-17 00:00:00','2015-01-17 00:00:00'),(728,77,101,'2015-01-20 00:00:00','2015-01-20 00:00:00'),(729,26,101,'2015-01-21 00:00:00','2015-01-21 00:00:00'),(730,6,101,'2015-01-23 00:00:00','2015-01-23 00:00:00'),(731,58,101,'2015-01-29 00:00:00','2015-01-29 00:00:00'),(732,17,101,'2015-02-06 00:00:00','2015-02-06 00:00:00'),(733,61,101,'2015-02-14 00:00:00','2015-02-14 00:00:00'),(734,5,101,'2015-02-18 00:00:00','2015-02-18 00:00:00'),(735,89,101,'2015-02-24 00:00:00','2015-02-24 00:00:00'),(736,108,101,'2015-02-27 00:00:00','2015-02-27 00:00:00'),(737,76,101,'2015-03-06 00:00:00','2015-03-06 00:00:00'),(738,89,227,'2014-05-11 00:00:00','2014-05-11 00:00:00'),(739,106,227,'2014-05-14 00:00:00','2014-05-14 00:00:00'),(740,21,227,'2014-05-17 00:00:00','2014-05-17 00:00:00'),(741,114,227,'2014-05-22 00:00:00','2014-05-22 00:00:00'),(742,33,227,'2014-05-31 00:00:00','2014-05-31 00:00:00'),(743,11,227,'2014-06-08 00:00:00','2014-06-08 00:00:00'),(744,75,227,'2014-06-14 00:00:00','2014-06-14 00:00:00'),(745,81,227,'2014-06-16 00:00:00','2014-06-16 00:00:00'),(746,87,166,'2014-08-27 00:00:00','2014-08-27 00:00:00'),(747,65,166,'2014-09-02 00:00:00','2014-09-02 00:00:00'),(748,12,166,'2014-09-07 00:00:00','2014-09-07 00:00:00'),(749,19,166,'2014-09-14 00:00:00','2014-09-14 00:00:00'),(750,79,166,'2014-09-23 00:00:00','2014-09-23 00:00:00'),(751,8,166,'2014-09-26 00:00:00','2014-09-26 00:00:00'),(752,2,166,'2014-10-03 00:00:00','2014-10-03 00:00:00'),(753,61,107,'2013-07-20 00:00:00','2013-07-20 00:00:00'),(754,23,107,'2013-07-17 00:00:00','2013-07-18 00:00:00'),(755,67,107,'2013-07-23 00:00:00','2013-07-23 00:00:00'),(756,24,107,'2013-07-27 00:00:00','2013-07-27 00:00:00'),(757,74,107,'2013-08-04 00:00:00','2013-08-04 00:00:00'),(758,38,107,'2013-08-11 00:00:00','2013-08-11 00:00:00'),(759,77,107,'2013-08-18 00:00:00','2013-08-18 00:00:00'),(760,103,107,'2013-08-25 00:00:00','2013-08-25 00:00:00'),(761,89,38,'2014-05-24 00:00:00','2014-05-24 00:00:00'),(762,14,38,'2014-05-28 00:00:00','2014-05-28 00:00:00'),(763,72,38,'2014-06-03 00:00:00','2014-06-03 00:00:00'),(764,82,135,'2014-10-23 00:00:00','2014-10-23 00:00:00'),(765,110,135,'2014-11-01 00:00:00','2014-11-01 00:00:00'),(766,31,135,'2014-11-05 00:00:00','2014-11-05 00:00:00'),(767,68,135,'2014-11-13 00:00:00','2014-11-13 00:00:00'),(768,53,135,'2014-11-16 00:00:00','2014-11-16 00:00:00'),(769,38,135,'2014-11-19 00:00:00','2014-11-19 00:00:00'),(770,90,135,'2014-11-23 00:00:00','2014-11-23 00:00:00'),(771,33,135,'2014-11-26 00:00:00','2014-11-26 00:00:00'),(772,52,135,'2014-11-30 00:00:00','2014-11-30 00:00:00'),(773,45,135,'2014-12-03 00:00:00','2014-12-03 00:00:00'),(774,48,135,'2014-12-08 00:00:00','2014-12-08 00:00:00'),(775,21,135,'2014-12-14 00:00:00','2014-12-14 00:00:00'),(776,61,124,'2015-02-07 00:00:00','2015-02-07 00:00:00'),(777,118,125,'2015-02-14 00:00:00','2015-02-14 00:00:00'),(778,114,124,'2015-02-20 00:00:00','2015-02-20 00:00:00'),(779,67,124,'2015-02-24 00:00:00','2015-02-24 00:00:00'),(780,14,124,'2015-03-02 00:00:00','2015-03-02 00:00:00'),(781,9,124,'2015-03-07 00:00:00','2015-03-07 00:00:00'),(782,41,124,'2015-03-15 00:00:00','2015-03-15 00:00:00'),(783,111,124,'2015-03-23 00:00:00','2015-03-23 00:00:00'),(784,75,124,'2015-03-31 00:00:00','2015-03-31 00:00:00'),(785,65,124,'2015-04-08 00:00:00','2015-04-08 00:00:00'),(786,45,124,'2015-04-12 00:00:00','2015-04-12 00:00:00'),(787,91,101,'2015-03-06 00:00:00','2015-03-06 00:00:00'),(788,71,101,'2015-03-01 00:00:00','2015-03-04 00:00:00'),(789,61,101,'2015-03-14 00:00:00','2015-03-14 00:00:00'),(790,41,101,'2015-03-22 00:00:00','2015-03-22 00:00:00'),(791,93,101,'2015-03-26 00:00:00','2015-03-26 00:00:00'),(792,60,101,'2015-04-06 00:00:00','2015-04-06 00:00:00'),(793,88,217,'2013-12-27 00:00:00','2013-12-27 00:00:00'),(794,22,217,'2014-01-04 00:00:00','2014-01-04 00:00:00'),(795,29,217,'2014-01-10 00:00:00','2014-01-10 00:00:00'),(796,86,217,'2014-01-16 00:00:00','2014-01-16 00:00:00'),(797,50,217,'2014-01-23 00:00:00','2014-01-23 00:00:00'),(798,28,217,'2014-01-28 00:00:00','2014-01-28 00:00:00'),(799,8,217,'2014-02-06 00:00:00','2014-02-06 00:00:00'),(800,16,217,'2014-02-13 00:00:00','2014-02-13 00:00:00'),(801,96,217,'2014-02-22 00:00:00','2014-02-22 00:00:00'),(802,102,217,'2014-03-02 00:00:00','2014-03-02 00:00:00'),(803,22,217,'2014-03-08 00:00:00','2014-03-08 00:00:00'),(804,15,217,'2014-03-15 00:00:00','2014-03-15 00:00:00'),(805,35,206,'2013-07-14 00:00:00','2013-07-14 00:00:00'),(806,84,206,'2013-07-15 00:00:00','2013-07-15 00:00:00'),(807,22,206,'2013-07-20 00:00:00','2013-07-20 00:00:00'),(808,36,206,'2013-07-26 00:00:00','2013-07-26 00:00:00'),(809,48,208,'2014-02-02 00:00:00','2014-02-02 00:00:00'),(810,57,206,'2013-07-26 00:00:00','2013-07-26 00:00:00'),(811,72,206,'2013-07-19 00:00:00','2013-07-21 00:00:00'),(812,2,206,'2013-08-05 00:00:00','2013-08-05 00:00:00'),(813,84,95,'2015-02-25 00:00:00','2015-02-25 00:00:00'),(814,34,95,'2015-03-02 00:00:00','2015-03-02 00:00:00'),(815,88,95,'2015-03-08 00:00:00','2015-03-08 00:00:00'),(816,15,95,'2015-03-17 00:00:00','2015-03-17 00:00:00'),(817,36,95,'2015-03-25 00:00:00','2015-03-25 00:00:00'),(818,9,95,'2015-04-01 00:00:00','2015-04-01 00:00:00'),(819,21,95,'2015-04-07 00:00:00','2015-04-07 00:00:00'),(820,39,113,'2014-12-20 00:00:00','2014-12-20 00:00:00'),(821,116,113,'2014-12-22 00:00:00','2014-12-22 00:00:00'),(822,78,113,'2014-12-30 00:00:00','2014-12-30 00:00:00'),(823,90,113,'2015-01-02 00:00:00','2015-01-02 00:00:00'),(824,69,113,'2015-01-11 00:00:00','2015-01-11 00:00:00'),(825,4,113,'2015-01-17 00:00:00','2015-01-17 00:00:00'),(826,83,43,'2014-09-23 00:00:00','2014-09-23 00:00:00'),(827,67,43,'2014-10-03 00:00:00','2014-10-03 00:00:00'),(828,67,170,'2014-07-06 00:00:00','2014-07-06 00:00:00'),(829,110,170,'2014-07-13 00:00:00','2014-07-13 00:00:00'),(830,31,170,'2014-07-18 00:00:00','2014-07-18 00:00:00'),(831,109,170,'2014-07-22 00:00:00','2014-07-22 00:00:00'),(832,72,5,'2013-12-12 00:00:00','2013-12-12 00:00:00'),(833,68,5,'2013-12-21 00:00:00','2013-12-21 00:00:00'),(834,59,5,'2013-12-26 00:00:00','2013-12-26 00:00:00'),(835,105,5,'2013-12-30 00:00:00','2013-12-30 00:00:00'),(836,99,5,'2014-01-03 00:00:00','2014-01-03 00:00:00'),(837,58,5,'2014-01-07 00:00:00','2014-01-07 00:00:00'),(838,27,5,'2014-01-11 00:00:00','2014-01-11 00:00:00'),(839,96,5,'2014-01-16 00:00:00','2014-01-16 00:00:00'),(840,90,5,'2014-01-22 00:00:00','2014-01-22 00:00:00'),(841,46,5,'2014-01-28 00:00:00','2014-01-28 00:00:00'),(842,28,5,'2014-02-06 00:00:00','2014-02-06 00:00:00'),(843,21,5,'2014-02-12 00:00:00','2014-02-12 00:00:00'),(844,80,5,'2014-02-21 00:00:00','2014-02-21 00:00:00'),(845,40,5,'2014-02-25 00:00:00','2014-02-25 00:00:00'),(846,24,5,'2014-03-07 00:00:00','2014-03-07 00:00:00'),(847,90,5,'2014-03-13 00:00:00','2014-03-13 00:00:00'),(848,113,5,'2014-03-17 00:00:00','2014-03-17 00:00:00'),(849,100,5,'2014-03-23 00:00:00','2014-03-23 00:00:00'),(850,21,5,'2014-04-02 00:00:00','2014-04-02 00:00:00'),(851,113,5,'2014-04-07 00:00:00','2014-04-07 00:00:00'),(852,32,5,'2014-04-11 00:00:00','2014-04-11 00:00:00'),(853,90,5,'2014-04-17 00:00:00','2014-04-17 00:00:00'),(854,8,5,'2014-04-25 00:00:00','2014-04-25 00:00:00'),(855,13,5,'2014-05-03 00:00:00','2014-05-03 00:00:00'),(856,6,5,'2014-05-08 00:00:00','2014-05-08 00:00:00'),(857,15,5,'2014-05-12 00:00:00','2014-05-12 00:00:00'),(858,79,5,'2014-05-17 00:00:00','2014-05-17 00:00:00'),(859,115,5,'2014-05-22 00:00:00','2014-05-22 00:00:00'),(860,109,5,'2014-05-26 00:00:00','2014-05-26 00:00:00'),(861,13,5,'2014-06-02 00:00:00','2014-06-02 00:00:00'),(862,37,5,'2014-06-06 00:00:00','2014-06-06 00:00:00'),(863,72,5,'2014-06-10 00:00:00','2014-06-10 00:00:00'),(864,76,121,'2015-03-15 00:00:00','2015-03-15 00:00:00'),(865,32,121,'2015-03-22 00:00:00','2015-03-22 00:00:00'),(866,76,121,'2015-03-26 00:00:00','2015-03-26 00:00:00'),(867,71,121,'2015-04-02 00:00:00','2015-04-02 00:00:00'),(868,8,145,'2014-02-07 00:00:00','2014-02-07 00:00:00'),(869,116,145,'2014-02-13 00:00:00','2014-02-13 00:00:00'),(870,37,145,'2014-02-19 00:00:00','2014-02-19 00:00:00'),(871,6,145,'2014-03-01 00:00:00','2014-03-01 00:00:00'),(872,100,145,'2014-03-05 00:00:00','2014-03-05 00:00:00'),(873,114,145,'2014-03-11 00:00:00','2014-03-11 00:00:00'),(874,46,145,'2014-03-15 00:00:00','2014-03-15 00:00:00'),(875,55,71,'2014-11-09 00:00:00','2014-11-09 00:00:00'),(876,112,71,'2014-11-12 00:00:00','2014-11-12 00:00:00'),(877,6,71,'2014-11-19 00:00:00','2014-11-19 00:00:00'),(878,116,71,'2014-11-23 00:00:00','2014-11-27 00:00:00'),(879,117,217,'2014-04-20 00:00:00','2014-04-20 00:00:00'),(880,103,217,'2014-04-23 00:00:00','2014-04-27 00:00:00'),(881,9,217,'2014-04-21 00:00:00','2014-04-22 00:00:00'),(882,63,217,'2014-05-05 00:00:00','2014-05-07 00:00:00'),(883,53,217,'2014-05-05 00:00:00','2014-05-06 00:00:00'),(884,28,79,'2013-01-26 00:00:00','2013-01-26 00:00:00'),(885,111,79,'2013-01-27 00:00:00','2013-02-01 00:00:00'),(886,82,79,'2013-01-26 00:00:00','2013-01-31 00:00:00'),(887,49,79,'2013-02-03 00:00:00','2013-02-08 00:00:00'),(888,49,79,'2013-02-13 00:00:00','2013-02-14 00:00:00'),(889,21,79,'2013-03-02 00:00:00','2013-03-06 00:00:00'),(890,80,79,'2013-02-27 00:00:00','2013-03-03 00:00:00'),(891,74,79,'2013-03-05 00:00:00','2013-03-09 00:00:00'),(892,53,79,'2013-03-12 00:00:00','2013-03-17 00:00:00'),(893,66,79,'2013-03-21 00:00:00','2013-03-21 00:00:00'),(894,91,79,'2013-04-05 00:00:00','2013-04-05 00:00:00'),(895,90,79,'2013-04-09 00:00:00','2013-04-09 00:00:00'),(896,94,79,'2013-04-16 00:00:00','2013-04-16 00:00:00'),(897,90,57,'2014-12-08 00:00:00','2014-12-08 00:00:00'),(898,18,57,'2014-12-13 00:00:00','2014-12-13 00:00:00'),(899,59,57,'2014-12-15 00:00:00','2014-12-15 00:00:00'),(900,27,57,'2014-12-19 00:00:00','2014-12-19 00:00:00'),(901,32,57,'2014-12-23 00:00:00','2014-12-23 00:00:00'),(902,20,57,'2014-12-29 00:00:00','2014-12-29 00:00:00'),(903,10,193,'2014-03-12 00:00:00','2014-03-12 00:00:00'),(904,35,193,'2014-03-18 00:00:00','2014-03-18 00:00:00'),(905,40,193,'2014-03-24 00:00:00','2014-03-24 00:00:00'),(906,4,215,'2012-09-16 00:00:00','2012-09-16 00:00:00'),(907,94,149,'2013-02-11 00:00:00','2013-02-11 00:00:00'),(908,108,149,'2013-02-18 00:00:00','2013-02-18 00:00:00'),(909,31,149,'2013-02-26 00:00:00','2013-02-26 00:00:00'),(910,100,226,'2014-03-14 00:00:00','2014-03-14 00:00:00'),(911,118,226,'2014-03-20 00:00:00','2014-03-20 00:00:00'),(912,116,226,'2014-03-30 00:00:00','2014-03-30 00:00:00'),(913,97,226,'2014-04-03 00:00:00','2014-04-03 00:00:00'),(914,118,155,'2015-01-14 00:00:00','2015-01-14 00:00:00'),(915,61,156,'2013-06-12 00:00:00','2013-06-12 00:00:00'),(916,26,157,'2013-06-19 00:00:00','2013-06-19 00:00:00'),(917,109,155,'2015-01-14 00:00:00','2015-01-14 00:00:00'),(918,65,155,'2015-01-16 00:00:00','2015-01-16 00:00:00'),(919,103,155,'2015-01-22 00:00:00','2015-01-22 00:00:00'),(920,48,148,'2012-09-01 00:00:00','2012-09-01 00:00:00'),(921,37,148,'2012-09-09 00:00:00','2012-09-09 00:00:00'),(922,25,148,'2012-09-13 00:00:00','2012-09-13 00:00:00'),(923,78,148,'2012-09-16 00:00:00','2012-09-16 00:00:00'),(924,46,163,'2014-06-30 00:00:00','2014-06-30 00:00:00'),(925,2,163,'2014-07-06 00:00:00','2014-07-06 00:00:00'),(926,36,163,'2014-07-11 00:00:00','2014-07-11 00:00:00'),(927,118,163,'2014-07-15 00:00:00','2014-07-15 00:00:00'),(928,76,163,'2014-07-20 00:00:00','2014-07-20 00:00:00'),(929,86,163,'2014-07-27 00:00:00','2014-07-27 00:00:00'),(930,65,163,'2014-08-01 00:00:00','2014-08-01 00:00:00'),(931,48,163,'2014-08-08 00:00:00','2014-08-08 00:00:00'),(932,105,163,'2014-08-13 00:00:00','2014-08-13 00:00:00'),(933,6,108,'2013-02-14 00:00:00','2013-02-14 00:00:00'),(934,92,108,'2013-02-19 00:00:00','2013-02-19 00:00:00'),(935,21,108,'2013-02-23 00:00:00','2013-02-23 00:00:00'),(936,116,177,'2014-03-06 00:00:00','2014-03-06 00:00:00'),(937,90,177,'2014-03-14 00:00:00','2014-03-14 00:00:00'),(938,95,207,'2013-05-12 00:00:00','2013-05-12 00:00:00'),(939,107,114,'2014-03-01 00:00:00','2014-03-01 00:00:00'),(940,62,114,'2014-03-06 00:00:00','2014-03-06 00:00:00'),(941,13,114,'2014-03-12 00:00:00','2014-03-12 00:00:00'),(942,77,114,'2014-03-20 00:00:00','2014-03-20 00:00:00'),(943,44,199,'2014-11-09 00:00:00','2014-11-09 00:00:00'),(944,83,199,'2014-11-14 00:00:00','2014-11-14 00:00:00'),(945,11,185,'2014-09-06 00:00:00','2014-09-06 00:00:00'),(946,44,185,'2014-09-11 00:00:00','2014-09-11 00:00:00'),(947,42,110,'2014-08-25 00:00:00','2014-08-25 00:00:00'),(948,26,110,'2016-01-20 00:00:00','2016-01-20 00:00:00'),(949,41,185,'2015-02-24 00:00:00','2015-02-24 00:00:00'),(950,38,166,'2015-02-07 00:00:00','2015-02-07 00:00:00'),(951,27,166,'2015-02-14 00:00:00','2015-02-14 00:00:00'),(952,25,106,'2015-04-08 00:00:00','2015-04-08 00:00:00'),(953,51,106,'2015-04-14 00:00:00','2015-04-14 00:00:00'),(954,113,106,'2015-04-19 00:00:00','2015-04-19 00:00:00'),(955,78,106,'2015-04-25 00:00:00','2015-04-25 00:00:00'),(956,87,106,'2015-05-01 00:00:00','2015-05-01 00:00:00'),(957,66,208,'2014-02-03 00:00:00','2014-02-03 00:00:00'),(958,63,208,'2014-02-11 00:00:00','2014-02-11 00:00:00'),(959,103,208,'2014-02-14 00:00:00','2014-02-14 00:00:00'),(960,72,208,'2014-02-20 00:00:00','2014-02-20 00:00:00'),(961,97,208,'2014-02-28 00:00:00','2014-02-28 00:00:00'),(962,49,208,'2014-03-08 00:00:00','2014-03-08 00:00:00'),(963,61,208,'2014-03-11 00:00:00','2014-03-11 00:00:00'),(964,75,208,'2014-03-16 00:00:00','2014-03-16 00:00:00'),(965,78,66,'2014-04-11 00:00:00','2014-04-11 00:00:00'),(966,56,66,'2014-04-18 00:00:00','2014-04-18 00:00:00'),(967,5,20,'2012-10-15 00:00:00','2012-10-15 00:00:00'),(968,116,20,'2012-10-24 00:00:00','2012-10-24 00:00:00'),(969,84,20,'2012-10-28 00:00:00','2012-10-28 00:00:00'),(970,14,20,'2012-11-01 00:00:00','2012-11-01 00:00:00'),(971,111,20,'2012-11-05 00:00:00','2012-11-05 00:00:00'),(972,96,20,'2012-11-11 00:00:00','2012-11-11 00:00:00'),(973,19,20,'2012-11-15 00:00:00','2012-11-15 00:00:00'),(974,68,20,'2012-11-22 00:00:00','2012-11-22 00:00:00'),(975,95,20,'2012-11-29 00:00:00','2012-11-29 00:00:00'),(976,110,20,'2012-12-08 00:00:00','2012-12-08 00:00:00'),(977,58,20,'2012-12-14 00:00:00','2012-12-14 00:00:00'),(978,8,24,'2013-12-20 00:00:00','2013-12-20 00:00:00'),(979,30,24,'2013-12-23 00:00:00','2013-12-23 00:00:00'),(980,115,24,'2013-12-28 00:00:00','2013-12-28 00:00:00'),(981,35,24,'2014-01-02 00:00:00','2014-01-02 00:00:00'),(982,92,55,'2013-02-19 00:00:00','2013-02-19 00:00:00'),(983,39,55,'2013-02-22 00:00:00','2013-02-22 00:00:00'),(984,25,55,'2013-03-03 00:00:00','2013-03-03 00:00:00'),(985,13,55,'2013-03-07 00:00:00','2013-03-07 00:00:00'),(986,114,55,'2013-03-13 00:00:00','2013-03-13 00:00:00'),(987,17,124,'2015-04-12 00:00:00','2015-04-12 00:00:00'),(988,63,124,'2015-04-18 00:00:00','2015-04-18 00:00:00'),(989,102,68,'2013-12-16 00:00:00','2013-12-16 00:00:00'),(990,85,68,'2013-12-24 00:00:00','2013-12-24 00:00:00'),(991,42,49,'2015-02-20 00:00:00','2015-02-20 00:00:00'),(992,7,49,'2015-02-27 00:00:00','2015-02-27 00:00:00'),(993,50,33,'2013-09-18 00:00:00','2013-09-18 00:00:00'),(994,52,33,'2013-09-24 00:00:00','2013-09-24 00:00:00'),(995,86,33,'2013-09-28 00:00:00','2013-09-28 00:00:00'),(996,73,33,'2013-10-01 00:00:00','2013-10-01 00:00:00'),(997,83,33,'2013-10-07 00:00:00','2013-10-07 00:00:00'),(998,54,33,'2013-10-12 00:00:00','2013-10-12 00:00:00'),(999,112,33,'2013-10-19 00:00:00','2013-10-19 00:00:00'),(1000,1,3,'2015-01-12 00:00:00','2015-01-15 09:03:01');
/*!40000 ALTER TABLE `reserva` ENABLE KEYS */;
UNLOCK TABLES;

--
-- Table structure for table `tipopermissao`
--

DROP TABLE IF EXISTS `tipopermissao`;
/*!40101 SET @saved_cs_client     = @@character_set_client */;
/*!40101 SET character_set_client = utf8 */;
CREATE TABLE `tipopermissao` (
  `id` int(11) NOT NULL AUTO_INCREMENT,
  `codigo` varchar(45) DEFAULT NULL,
  PRIMARY KEY (`id`)
) ENGINE=InnoDB AUTO_INCREMENT=8 DEFAULT CHARSET=utf8;
/*!40101 SET character_set_client = @saved_cs_client */;

--
-- Dumping data for table `tipopermissao`
--

LOCK TABLES `tipopermissao` WRITE;
/*!40000 ALTER TABLE `tipopermissao` DISABLE KEYS */;
INSERT INTO `tipopermissao` VALUES (1,'PERMISSAOGERENCIAREMPRESA'),(2,'PERMISSAOGERENCIARTRAJETOS'),(3,'PERMISSAOGERENCIARVOOS'),(4,'PERMISSAOGERENCIARHOTEIS'),(5,'PERMISSAOGERENCIARQUARTOS'),(6,'PERMISSAOGERENCIARPRODUTOS'),(7,'PERMISSAOGERENCIAREVENTOS');
/*!40000 ALTER TABLE `tipopermissao` ENABLE KEYS */;
UNLOCK TABLES;

--
-- Table structure for table `tipoquarto`
--

DROP TABLE IF EXISTS `tipoquarto`;
/*!40101 SET @saved_cs_client     = @@character_set_client */;
/*!40101 SET character_set_client = utf8 */;
CREATE TABLE `tipoquarto` (
  `id` int(11) NOT NULL AUTO_INCREMENT,
  `nome` varchar(12) DEFAULT NULL,
  `descricao` varchar(255) DEFAULT NULL,
  PRIMARY KEY (`id`)
) ENGINE=InnoDB AUTO_INCREMENT=7 DEFAULT CHARSET=utf8;
/*!40101 SET character_set_client = @saved_cs_client */;

--
-- Dumping data for table `tipoquarto`
--

LOCK TABLES `tipoquarto` WRITE;
/*!40000 ALTER TABLE `tipoquarto` DISABLE KEYS */;
INSERT INTO `tipoquarto` VALUES (1,'standard','Quarto com 2 camas de solteiro, Cofre individual,\nBanheiro equipado Ar condicionado split,\nFrigobar TV LCD com canais a cabo na sala e no quarto\nSecador de cabelo Internet Wireless'),(2,'konforta','Quartos confortáveis com TV a cabo, Internet Banda Larga, Cofre, Armário, Condicionador de Ar, Frigobar, Secador de Cabelo, Ferro de Passar'),(3,'norma','Quartos funcionais para até 3 pessoas, com uma cama de casal e uma cama de solteiro sobreposta, televisão, ar condicionado, banheiro com ducha e toalete separados.'),(4,'single','Quartos funcionais para até 2 pessoas, com uma cama de casal, televisão, ar condicionado, banheiro com ducha e toalete separados .'),(5,'super','Quarto com cama de casal Queen Size Cofre individual eletronico\nBanheiro equipado Ar condicionado split\nFrigobar TV LCD com canais a cabo\nSecador de cabelo Internet Wireless'),(6,'master','Quarto com cama de casal, cofre, banheiro equipado com banheira de hidromassagem, sauna, condicionador de ar, frigobar, TV LCD, internet wireless');
/*!40000 ALTER TABLE `tipoquarto` ENABLE KEYS */;
UNLOCK TABLES;

--
-- Table structure for table `traducao`
--

DROP TABLE IF EXISTS `traducao`;
/*!40101 SET @saved_cs_client     = @@character_set_client */;
/*!40101 SET character_set_client = utf8 */;
CREATE TABLE `traducao` (
  `id` int(11) NOT NULL AUTO_INCREMENT,
  `idtexto` varchar(45) DEFAULT NULL,
  `traducao` varchar(255) DEFAULT NULL,
  `idioma` int(11) NOT NULL,
  PRIMARY KEY (`id`),
  KEY `idioma_index` (`idioma`)
) ENGINE=InnoDB AUTO_INCREMENT=709 DEFAULT CHARSET=utf8;
/*!40101 SET character_set_client = @saved_cs_client */;

--
-- Dumping data for table `traducao`
--

LOCK TABLES `traducao` WRITE;
/*!40000 ALTER TABLE `traducao` DISABLE KEYS */;
INSERT INTO `traducao` VALUES (1,'ADMINISTRADOR','Administrador',1),(2,'REPRESENTANTE','Representante',1),(3,'ASSESSORIA','Assessoria',1),(4,'CLIENTE','Cliente',1),(5,'COMPANHIAVOO','Companhia Aérea',1),(6,'HOTEL','Hotel',1),(7,'AEROPORTO','Aeroporto',1),(8,'EUSUARIOINVALIDO','O nome de usuário é inválido. Limite-se a: caracteres alfanuméricos, pontos, traços e/ou @',1),(9,'ESENHAINVALIDA','A senha está inválida. Deve conter pelo menos: 1 caractere maiúsculo, 1 minúsculo e um número',1),(10,'ENAODESENVOLVIDO','O recurso solicitado não está desenvolvido',1),(11,'EIDIOMAINEXISTENTE','O idioma solicitado não existe',1),(12,'ENAOCONECTADO','Precisa se conectar para utilizar o serviço',1),(13,'ETIPOEMPRESAINEXISTENTE','Este tipo de empresa não existe',1),(14,'ETEXTOINEXISTENTE','Esta mensagem não existe',1),(15,'EPESSOAINEXISTENTE','Esta pessoa não existe',1),(16,'EUSUARIOJAEXISTE','Esta pessoa já existe',1),(17,'ECAMPOOBRIGATORIOFALTANDO','Existem campos obrigatórios não preenchidos',1),(18,'ELOGINFALHOU','O login falhou. Tente novamente',1),(19,'EVPESSOACONECTADA','Conectou-se com sucesso',1),(20,'EVPESSOADESCONECTADA','Desconectou-se com sucesso',1),(21,'EVPESSOAADICIONADA','Pessoa cadastrada com sucesso',1),(22,'EVIDIOMAALTERADO','Idioma alterado com sucesso',1),(23,'EVPESSOAATUALIZADA','Pessoa atualizada com sucesso',1),(24,'CADASTRARPESSOA','Cadastrar Pessoa',1),(25,'BUSCARPESSOAS','Buscar Pessoas',1),(26,'CONECTARSE','Conectar-se',1),(27,'ALTERARIDIOMA','Alterar Idioma',1),(28,'DESCONECTARSE','Desconectar-se',1),(29,'PROCURAREMPRESAS','Procurar Empresas',1),(30,'ATUALIZARPESSOA','Atualizar Pessoa',1),(31,'DIGITEOPCAO','Digite a opção',1),(32,'PARAMETROS','Parâmetros',1),(33,'RESULTADO','Resultado',1),(34,'USUARIO','Usuário',1),(35,'SENHA','Senha',1),(36,'LEMBRAR','Lembrar',1),(37,'ENTRAR','Entrar',1),(38,'NOVOUSUARIO','Novo Usuário',1),(39,'NOME','Nome',1),(40,'DATANASCIMENTO','Data de Nascimento',1),(41,'IDIOMA','Idioma',1),(42,'CADASTRAR','Cadastrar',1),(43,'APAGAR','Apagar',1),(44,'ATUALIZAR','Atualizar',1),(45,'CANCELAR','Cancelar',1),(46,'CADASTRARUSUARIO','Cadastrar Usuário',1),(47,'ENAOTEMPERMISSAO','Você não tem permissão para acessar este serviço',1),(48,'EJAEHFUNCIONARIO','Esta pessoa já é funcionária desta empresa',1),(49,'EEHFUNCIONARIOOUTRAEMPRESA','Esta pessoa já é funcionária de outra empresa',1),(50,'EPERMISSAOADMNAOALTERA','Não se altera permissão de administrador',1),(51,'ENAOEHFUNCIONARIO','Esta pessoa não é funcionária',1),(52,'EPAPELINEXISTENTE','Este papel não existe',1),(53,'EPERMISSAOINEXISTENTE','Esta permissão não existe',1),(54,'EVFUNCIONARIODESLIGADO','Este funcionário foi desligado desta empresa',1),(55,'EVFUNCIONARIOADICIONADO','Este funcionário foi adicionado nesta empresa',1),(56,'EVPERMISSAOCRIADAEALTERADA','Esta permissão foi criada e alterada',1),(57,'EVPERMISSAOALTERADA','Esta permissão foi alterada',1),(58,'ALTERAR','Alterar',1),(59,'ALTERARDADOS','Alterar Dados',1),(60,'PERMISSAO','Permissão',1),(61,'PAPEL','Papel',1),(62,'EMPRESA','Empresa',1),(63,'NAOFUNCIONARIOS','Não-Funcionários',1),(64,'FUNCIONARIOS','Funcionários',1),(65,'DESLIGAR','Desligar',1),(66,'ADMITIR','Admitir',1),(67,'CONFIGURACOES','Configurações',1),(68,'DADOSPESSOAIS','Dados Pessoais',1),(69,'PERMISSOES','Permissões',1),(70,'EMPRESAS','Empresas',1),(71,'SAIR','Sair',1),(72,'ULTIMAAUTENTICACAO','Última Autenticação',1),(73,'AVIAO','Avião',1),(74,'TRAJETO','Trajeto',1),(75,'VOO','Voo',1),(76,'PASSAGEM','Passagem',1),(77,'PASSAGENS','Passagens',1),(78,'VOOS','Voos',1),(79,'TRAJETOS','Trajetos',1),(80,'AVIOES','Aviões',1),(81,'ECONFLITOHORARIO','Há conflito de horário entre 2 ou mais voos',1),(82,'EAEROPORTOINEXISTENTE','Este aeroporto não existe',1),(83,'ETRAJETOINEXISTENTE','Este trajeto não existe',1),(84,'ETRAJETOJAEXISTE','Este trajeto já existe',1),(85,'EAVIAOINEXISTENTE','Este avião não existe',1),(86,'EAVIAOJAEXISTE','Este avião já existe',1),(87,'EVOOJAEXISTE','Este voo já existe',1),(88,'ECOMPRANAOFEITA','Houve erro na compra',1),(89,'EPASSAGEMINEXISTENTE','Esta passagem não existe',1),(90,'EVPASSAGEMCOMPRADA','Passagem comprada com sucesso',1),(91,'EVVOOADICIONADO','Voo adicionado com sucesso',1),(92,'BUSCARAEROPORTOS','Buscar Aeroportos',1),(93,'BUSCARVOOS','Buscar Voos',1),(94,'COMPRARPASSAGEM','Comprar Passagem',1),(95,'OBTERBOLETO','Obter Boleto',1),(96,'ADICIONARVOOS','Adicionar Voos',1),(97,'ADICIONARAVIOES','Adicionar Aviões',1),(98,'ADICIONARTRAJETOS','Adicionar Trajetos',1),(99,'ECAPACIDADENULA','A capacidade informada está inválida',1),(100,'APENASIDA','Apenas Ida',1),(101,'IDAVOLTA','Ida e Volta',1),(102,'ORIGEM','Origem',1),(103,'DESTINO','Destino',1),(104,'IDA','Ida',1),(105,'VOLTA','Volta',1),(106,'PARTIDA','Partida',1),(107,'CHEGADA','Chegada',1),(108,'PRECO','Preço',1),(109,'SUBTOTAL','Subtotal',1),(110,'TAXAEMBARQUE','Taxa de Embarque',1),(111,'TOTAL','Total',1),(112,'NOPESSOAS','Nº de Pessoas',1),(113,'GERENCIARTRAJETO','Gerenciar Trajeto',1),(114,'EREMOVERTRAJETOVOOSEXISTEM','Existem voos neste trajeto',1),(115,'FILTRAR','Filtrar',1),(116,'MARCACAO','Marcação',1),(117,'TODOS','Todos',1),(118,'APENASMARCADOS','Apenas marcados',1),(119,'PORPAIS','Por país',1),(120,'GERENCIARVOOS','Gerenciar Voos',1),(121,'FILTRO','Filtro',1),(122,'PAIS','País',1),(123,'HORARIOPARTIDA','Horário de Partida',1),(124,'SALVAR','Salvar',1),(125,'REMOVER','Remover',1),(126,'NOVO','Novo',1),(127,'NENHUM','Nenhum',1),(128,'TUDO','Tudo',1),(129,'EVOONAOATUALIZADO','Erro ao atualizar o voo',1),(130,'EVVOOATUALIZADO','Voo atualizado com sucesso',1),(131,'CATEGORIA','Categoria',1),(132,'AEROPORTOS','Aeroportos',1),(133,'COMPANHIAS','Companhias',1),(134,'ESPECIFICO','Específico',1),(135,'INICIO','Início',1),(136,'FIM','Fim',1),(137,'PERIODO','Período',1),(138,'DE','De',1),(139,'PARA','Para',1),(140,'CLASSIFICACAO','Classificação',1),(141,'NOTA','Nota',1),(142,'CIDADE','Cidade',1),(143,'NOPASSAGEIROS','Nº de Passageiros',1),(144,'IMPRIMIR','Imprimir',1),(145,'EVVOOSATIVIDADESIMPRIMINDO','Atividades dos voos sendo impressas',1),(146,'TESTEVOOS','Pacote de Voos',1),(147,'ANALISE','Análise',1),(148,'CONTINGENTE','Contingente',1),(149,'ATIVIDADES','Atividades',1),(150,'EQUARTOINDISPONIVEL','Quarto indisponível',1),(151,'EHOTELINDISPONIVEL','Hotel indisponível',1),(152,'BUSCARHOTEIS','Buscar Hotéis',1),(153,'BUSCARTIPOSDEQUARTO','Buscar Tipos de Quarto',1),(154,'RESERVARQUARTO','Reservar Quarto',1),(155,'OBTERESTATISTICAS','Obter Estatísticas',1),(156,'EHOTELTIPOINDISPONIVEL','Tipo de Hotel Indisponível',1),(157,'EVQUARTORESERVADO','Quarto reservado com sucesso',1),(158,'PESQUISAR','Pesquisar',1),(159,'RESERVAR','Reservar',1),(160,'LIMPAR','Limpar',1),(161,'EVRELATORIOIMPRIMINDO','Relatório sendo impresso com sucesso',1),(162,'PARTICIPACAO','Participação',1),(163,'CLASSIFICACAOHOTEIS','Classificação de Hotéis',1),(164,'RECEITAMENSAL','Receita Mensal (em R$ milhares)',1),(165,'INFOGRAFICO','Infográfico',1),(166,'SEUHOTEL','Seu hotel tem a maior receita em',1),(167,'MES','Mês',1),(168,'TESTEHOTEIS','Pacote de Hotéis',1),(169,'ARTESANATO','Artesanato',1),(170,'EVADICIONADOAOCARRINHO','Produto adicionado ao carrinho com sucesso',1),(171,'EVCOMPRAREALIZADA','Compra realizada com sucesso',1),(172,'EPRODUTOINEXISTENTE','Este produto não existe',1),(173,'EPRODUTOINDISPONIVEL','Este produto não tem em estoque',1),(174,'ECARRINHOVAZIO','O carrinho não tem produtos',1),(175,'FILTRARCATEGORIA','Filtrar Categoria',1),(176,'ADICIONARCARRINHO','Adicionar ao Carrinho',1),(177,'FINALIZARCOMPRA','Finalizar Compra',1),(178,'PRODUTOSRELACIONADOS','Produtos Relacionados',1),(179,'CARRINHO','Carrinho',1),(180,'PRODUTOSMAISANTIGOS','Produtos Mais Antigos',1),(181,'CATEGORIASMAISVENDIDAS','Categorias Mais Vendidas',1),(182,'TESTEARTESANATO','Pacote de Artesanato',1),(183,'COMPRARPRODUTOS','Comprar Produtos',1),(184,'GRAFICO','Gráfico',1),(185,'EVENTOS','Eventos',1),(186,'PORTAL','Portal',1),(187,'CONVITE','Convite',1),(188,'PRESENCA','Presença',1),(189,'COMENTARIO','Comentário',1),(190,'COMENTARIOS','Comentários',1),(191,'EVCONVITEADICIONADO','Convite adicionado com sucesso',1),(192,'EVPRESENCAMARCADA','Presença marcada com sucesso',1),(193,'EVCOMENTARIOADICIONADO','Comentário adicionado com sucesso',1),(194,'ENAOEHDONOCONVITE','Você não é dono do evento',1),(195,'ENAOPODEAUTOCONVIDAR','Você não se pode convidar a você mesmo',1),(196,'BUSCAREVENTOS','Buscar Eventos',1),(197,'CONVIDAR','Convidar',1),(198,'MARCARPRESENCA','Marcar Presença',1),(199,'BUSCARPRODUTOS','Buscar Produtos',1),(200,'OBTERESTOQUE','Obter Estoque',1),(201,'BUSCARPRODUTOSRELACIONADOS','Buscar Produtos Relacionados',1),(202,'ADICIONARAOCARRINHO','Adicionar ao carrinho',1),(203,'ECOMENTARIOJAREALIZADO','Você já comentou este evento',1),(204,'MECONVIDARAM','Convidaram-me',1),(205,'CRIADOSPORMIM','Criados por mim',1),(206,'VOCEVAI','Você vai?',1),(207,'VOCEMARCOU','Você marcou',1),(208,'SIM','Sim',1),(209,'NAO','Não',1),(210,'DESUANOTA','Dê sua nota',1),(211,'ADICIONAR','Adicionar',1),(212,'DESMARCAR','Desmarcar',1),(213,'TESTEEVENTOS','Pacote de Eventos',1),(214,'RECEITA','Receita',1),(215,'VIAGENS','Viagens',1),(216,'ASSENTOS','Assentos',1),(217,'RECEITATOTAL','Receita Total',1),(218,'NOTOTALASSENTOS','Número Total de Assentos',1),(219,'NOTOTALPASSAGEIROS','Número Total de Passageiros',1),(220,'DOTOTAL','do total',1),(221,'A','A',1),(222,'ANO','Ano',1),(223,'ATENDENTE','Atendente',1),(224,'CLIENTE','Cliente',1),(225,'NORMAL','Normal',1),(226,'ADMINISTRADOR','Administrator',2),(227,'REPRESENTANTE','Representative',2),(228,'ASSESSORIA','Advisory',2),(229,'CLIENTE','Client',2),(230,'COMPANHIAVOO','Airlines',2),(231,'HOTEL','Hotel',2),(232,'AEROPORTO','Airport',2),(233,'EUSUARIOINVALIDO','The username is invalid. Restrict it to: alphanumeric chars, dots, dashes and/or @',2),(234,'ESENHAINVALIDA','Invalid password. You should include at least: 1 upper case char, 1 lower case one and a number',2),(235,'ENAODESENVOLVIDO','The requested feature is not developed',2),(236,'EIDIOMAINEXISTENTE','The requested language does not exist',2),(237,'ENAOCONECTADO','You need to logon for using this service',2),(238,'ETIPOEMPRESAINEXISTENTE','This company type does not exist',2),(239,'ETEXTOINEXISTENTE','This message does not exist',2),(240,'EPESSOAINEXISTENTE','This person does not exist',2),(241,'EUSUARIOJAEXISTE','This person was registered already',2),(242,'ECAMPOOBRIGATORIOFALTANDO','There are obligatory fields',2),(243,'ELOGINFALHOU','Failed logon. Try again.',2),(244,'EVPESSOACONECTADA','You have connected with success',2),(245,'EVPESSOADESCONECTADA','You have disconnected with success',2),(246,'EVPESSOAADICIONADA','Person registered successfully',2),(247,'EVIDIOMAALTERADO','Language selected successfully',2),(248,'EVPESSOAATUALIZADA','Person updated sucessfully',2),(249,'CADASTRARPESSOA','Register Person',2),(250,'BUSCARPESSOAS','Search People',2),(251,'CONECTARSE','Log on',2),(252,'ALTERARIDIOMA','Change Language',2),(253,'DESCONECTARSE','Log out',2),(254,'PROCURAREMPRESAS','Search Companies',2),(255,'ATUALIZARPESSOA','Update Person',2),(256,'DIGITEOPCAO','Type option',2),(257,'PARAMETROS','Parameters',2),(258,'RESULTADO','Result',2),(259,'USUARIO','User',2),(260,'SENHA','Password',2),(261,'LEMBRAR','Remember',2),(262,'ENTRAR','Enter',2),(263,'NOVOUSUARIO','New User',2),(264,'NOME','Name',2),(265,'DATANASCIMENTO','Birthday',2),(266,'IDIOMA','Language',2),(267,'CADASTRAR','Register',2),(268,'APAGAR','Remove',2),(269,'ATUALIZAR','Update',2),(270,'CANCELAR','Cancel',2),(271,'CADASTRARUSUARIO','Register User',2),(272,'ENAOTEMPERMISSAO','You do not have permission to access this service',2),(273,'EJAEHFUNCIONARIO','This person already is employee of this company',2),(274,'EEHFUNCIONARIOOUTRAEMPRESA','This person already is employee of another company',2),(275,'EPERMISSAOADMNAOALTERA','You cannot alter administrator permissions',2),(276,'ENAOEHFUNCIONARIO','This person is not an employee',2),(277,'EPAPELINEXISTENTE','This role does not exist',2),(278,'EPERMISSAOINEXISTENTE','This permission does not exist',2),(279,'EVFUNCIONARIODESLIGADO','This employee was disconnected from this company',2),(280,'EVFUNCIONARIOADICIONADO','This employee was added to this company',2),(281,'EVPERMISSAOCRIADAEALTERADA','This permission was created and altered',2),(282,'EVPERMISSAOALTERADA','This permission was altered',2),(283,'ALTERAR','Alter',2),(284,'ALTERARDADOS','Alter Data',2),(285,'PERMISSAO','Permission',2),(286,'PAPEL','Role',2),(287,'EMPRESA','Company',2),(288,'NAOFUNCIONARIOS','Non-Employees',2),(289,'FUNCIONARIOS','Employees',2),(290,'DESLIGAR','Disconnect',2),(291,'ADMITIR','Add',2),(292,'CONFIGURACOES','Configurations',2),(293,'DADOSPESSOAIS','Personal Data',2),(294,'PERMISSOES','Permissions',2),(295,'EMPRESAS','Companies',2),(296,'SAIR','Exit',2),(297,'ULTIMAAUTENTICACAO','Last Autentication',2),(298,'AVIAO','Airplane',2),(299,'TRAJETO','Path',2),(300,'VOO','Flight',2),(301,'PASSAGEM','Airfare',2),(302,'PASSAGENS','Airfares',2),(303,'VOOS','Flights',2),(304,'TRAJETOS','Paths',2),(305,'AVIOES','Airplanes',2),(306,'ECONFLITOHORARIO','There is a time conflict between 2 or more flights',2),(307,'EAEROPORTOINEXISTENTE','This airport does not exist',2),(308,'ETRAJETOINEXISTENTE','This path does not exist',2),(309,'ETRAJETOJAEXISTE','This path already exists',2),(310,'EAVIAOINEXISTENTE','This airplane does not exist',2),(311,'EAVIAOJAEXISTE','This airplane already exists',2),(312,'EVOOJAEXISTE','This flight already exists',2),(313,'ECOMPRANAOFEITA','There was an error at buying',2),(314,'EPASSAGEMINEXISTENTE','This airfare does not exist',2),(315,'EVPASSAGEMCOMPRADA','Airfare bought successfully',2),(316,'EVVOOADICIONADO','Flight added successfully',2),(317,'BUSCARAEROPORTOS','Search Airports',2),(318,'BUSCARVOOS','Search Flights',2),(319,'COMPRARPASSAGEM','Buy Airfare',2),(320,'OBTERBOLETO','Get Invoice',2),(321,'ADICIONARVOOS','Add Flights',2),(322,'ADICIONARAVIOES','Add Airplanes',2),(323,'ADICIONARTRAJETOS','Add Paths',2),(324,'ECAPACIDADENULA','The informed capacity is invalid',2),(325,'APENASIDA','Only Way',2),(326,'IDAVOLTA','Round Trip',2),(327,'ORIGEM','Origin',2),(328,'DESTINO','Destiny',2),(329,'IDA','Outbound',2),(330,'VOLTA','Return',2),(331,'PARTIDA','Departure',2),(332,'CHEGADA','Arrival',2),(333,'PRECO','Price',2),(334,'SUBTOTAL','Subtotal',2),(335,'TAXAEMBARQUE','Boarding Fee',2),(336,'TOTAL','Total',2),(337,'NOPESSOAS','No. of People',2),(338,'GERENCIARTRAJETO','Manage Path',2),(339,'EREMOVERTRAJETOVOOSEXISTEM','There are flights for this path',2),(340,'FILTRAR','To Filter',2),(341,'MARCACAO','Marking',2),(342,'TODOS','All',2),(343,'APENASMARCADOS','Only Marked',2),(344,'PORPAIS','By Country',2),(345,'GERENCIARVOOS','Manage Flights',2),(346,'FILTRO','Filter',2),(347,'PAIS','Country',2),(348,'HORARIOPARTIDA','Departure Time',2),(349,'SALVAR','Save',2),(350,'REMOVER','Remove',2),(351,'NOVO','New',2),(352,'NENHUM','None',2),(353,'TUDO','All',2),(354,'EVOONAOATUALIZADO','Error updating flight',2),(355,'EVVOOATUALIZADO','Flight updated successfully',2),(356,'CATEGORIA','Category',2),(357,'AEROPORTOS','Airports',2),(358,'COMPANHIAS','Companies',2),(359,'ESPECIFICO','Specific',2),(360,'INICIO','Begin',2),(361,'FIM','End',2),(362,'PERIODO','Period',2),(363,'DE','From',2),(364,'PARA','To',2),(365,'CLASSIFICACAO','Ranking',2),(366,'NOTA','Score',2),(367,'CIDADE','City',2),(368,'NOPASSAGEIROS','No. of Passengers',2),(369,'IMPRIMIR','Print',2),(370,'EVVOOSATIVIDADESIMPRIMINDO','Company activities are been printed',2),(371,'TESTEVOOS','Flight Packages',2),(372,'ANALISE','Analysis',2),(373,'CONTINGENTE','Contingent',2),(374,'ATIVIDADES','Activities',2),(375,'EQUARTOINDISPONIVEL','Unavailable room',2),(376,'EHOTELINDISPONIVEL','Unavailable hotel',2),(377,'BUSCARHOTEIS','Search Hotels',2),(378,'BUSCARTIPOSDEQUARTO','Search Room types',2),(379,'RESERVARQUARTO','Book Room',2),(380,'OBTERESTATISTICAS','Get Statistics',2),(381,'EHOTELTIPOINDISPONIVEL','Unavailable hotel type',2),(382,'EVQUARTORESERVADO','Room booked successfully',2),(383,'PESQUISAR','Search',2),(384,'RESERVAR','Book',2),(385,'LIMPAR','Clear',2),(386,'EVRELATORIOIMPRIMINDO','Report being printed successfully',2),(387,'PARTICIPACAO','Participation',2),(388,'CLASSIFICACAOHOTEIS','Hotels Ranking',2),(389,'RECEITAMENSAL','Mensal Revenue (in R$ thousands)',2),(390,'INFOGRAFICO','Infograph',2),(391,'SEUHOTEL','Your hotel has the biggest revenue in',2),(392,'MES','Month',2),(393,'TESTEHOTEIS','Hotels Package',2),(394,'ARTESANATO','Handicraft',2),(395,'EVADICIONADOAOCARRINHO','Product added to cart successfully',2),(396,'EVCOMPRAREALIZADA','Order created successfully',2),(397,'EPRODUTOINEXISTENTE','This product does not exist',2),(398,'EPRODUTOINDISPONIVEL','This product is not in stock',2),(399,'ECARRINHOVAZIO','The cart is empty',2),(400,'FILTRARCATEGORIA','Filter Category',2),(401,'ADICIONARCARRINHO','Add to Cart',2),(402,'FINALIZARCOMPRA','Finish Order',2),(403,'PRODUTOSRELACIONADOS','Related Products',2),(404,'CARRINHO','Cart',2),(405,'PRODUTOSMAISANTIGOS','Oldest Products',2),(406,'CATEGORIASMAISVENDIDAS','Most Selled Categories',2),(407,'TESTEARTESANATO','Handicraft Package',2),(408,'COMPRARPRODUTOS','Buy Products',2),(409,'GRAFICO','Chart',2),(410,'EVENTOS','Events',2),(411,'PORTAL','Portal',2),(412,'CONVITE','Invitation',2),(413,'PRESENCA','Presence',2),(414,'COMENTARIO','Comment',2),(415,'COMENTARIOS','Comments',2),(416,'EVCONVITEADICIONADO','Invitation added successfully',2),(417,'EVPRESENCAMARCADA','Presence scheduled successfully',2),(418,'EVCOMENTARIOADICIONADO','Comment added successfully',2),(419,'ENAOEHDONOCONVITE','You are not an owner of this event',2),(420,'ENAOPODEAUTOCONVIDAR','You cannot autoinvite',2),(421,'BUSCAREVENTOS','Search Events',2),(422,'CONVIDAR','Invite',2),(423,'MARCARPRESENCA','Schedule Presence',2),(424,'BUSCARPRODUTOS','Search Products',2),(425,'OBTERESTOQUE','Get Stock',2),(426,'BUSCARPRODUTOSRELACIONADOS','Search Related Products',2),(427,'ADICIONARAOCARRINHO','Add to Cart',2),(428,'ECOMENTARIOJAREALIZADO','You have commented this event before',2),(429,'MECONVIDARAM','Invited me',2),(430,'CRIADOSPORMIM','Created by me',2),(431,'VOCEVAI','Are you going?',2),(432,'VOCEMARCOU','You marked',2),(433,'SIM','Yes',2),(434,'NAO','No',2),(435,'DESUANOTA','Give your comment',2),(436,'ADICIONAR','Add',2),(437,'DESMARCAR','Unmark',2),(438,'TESTEEVENTOS','Events Package',2),(439,'RECEITA','Revenue',2),(440,'VIAGENS','Traveling',2),(441,'ASSENTOS','Seats',2),(442,'RECEITATOTAL','Total Revenue',2),(443,'NOTOTALASSENTOS','Total No. of Seats',2),(444,'NOTOTALPASSAGEIROS','Total No. of Passengers',2),(445,'DOTOTAL','from total',2),(446,'A','To',2),(447,'ANO','Year',2),(448,'ATENDENTE','Attendant',2),(449,'CLIENTE','Client',2),(450,'NORMAL','Normal',2),(451,'ADMINISTRADOR','Administranto',3),(452,'REPRESENTANTE','Reprezentanto',3),(453,'ASSESSORIA','Konsulta',3),(454,'CLIENTE','Kliento',3),(455,'COMPANHIAVOO','Flugkompanio',3),(456,'HOTEL','Hotelo',3),(457,'AEROPORTO','Flughaveno',3),(458,'EUSUARIOINVALIDO','La uzantnomo estas nevalida.',3),(459,'ESENHAINVALIDA','Pasvorto nevalida. ?i devas inkludi almena?: 1 majuskla karaktero, 1 minuskla kaj 1 numero.',3),(460,'ENAODESENVOLVIDO','La rimedo ne estis disvolvi?a',3),(461,'EIDIOMAINEXISTENTE','La dezirata rimedo ne ekzistas',3),(462,'ENAOCONECTADO','Vi devas ensaluti por uzi tiu rimedo',3),(463,'ETIPOEMPRESAINEXISTENTE','Tiu kompania tipo ne ekzistas',3),(464,'ETEXTOINEXISTENTE','Tiu mesa?o ne ekzistas',3),(465,'EPESSOAINEXISTENTE','Tiu persono ne ekzistas',3),(466,'EUSUARIOJAEXISTE','Tiu persono estis jam subskribita',3),(467,'ECAMPOOBRIGATORIOFALTANDO','Mankas obligataj kampoj',3),(468,'ELOGINFALHOU','Malsukcesa ensaluto. Klopodu denove.',3),(469,'EVPESSOACONECTADA','Vi estas sukcese konektita',3),(470,'EVPESSOADESCONECTADA','Vi estas sukcese elsalutita',3),(471,'EVPESSOAADICIONADA','Persono subskribita sukcese',3),(472,'EVIDIOMAALTERADO','Lingvo sukcese elektita',3),(473,'EVPESSOAATUALIZADA','Persono sukcese ?isdatigita',3),(474,'CADASTRARPESSOA','Subskribi Personon',3),(475,'BUSCARPESSOAS','Ser?i Personon',3),(476,'CONECTARSE','Ensaluti',3),(477,'ALTERARIDIOMA','?an?i lingvon',3),(478,'DESCONECTARSE','Elsaluti',3),(479,'PROCURAREMPRESAS','Ser?i Kompanion',3),(480,'ATUALIZARPESSOA','?isdatigi Personon',3),(481,'DIGITEOPCAO','Tajpi opcion',3),(482,'PARAMETROS','Parametroj',3),(483,'RESULTADO','Resulto',3),(484,'USUARIO','Uzanto',3),(485,'SENHA','Pasvorto',3),(486,'LEMBRAR','Rimarki',3),(487,'ENTRAR','Eniri',3),(488,'NOVOUSUARIO','Nova Uzanto',3),(489,'NOME','Nomo',3),(490,'DATANASCIMENTO','Naski?tago',3),(491,'IDIOMA','Lingvo',3),(492,'CADASTRAR','Subskribi',3),(493,'APAGAR','Vi?i',3),(494,'ATUALIZAR','?isdatigi',3),(495,'CANCELAR','Nuligi',3),(496,'CADASTRARUSUARIO','Subskribi Uzanton',3),(497,'ENAOTEMPERMISSAO','Vi ne havas permison por uzi tiun rimedon',3),(498,'EJAEHFUNCIONARIO','Tiu persono jam estas laboristo de tiu kompanio',3),(499,'EEHFUNCIONARIOOUTRAEMPRESA','Tiu persono jam estas laboristo de alia kompanio',3),(500,'EPERMISSAOADMNAOALTERA','Vi ne povas ?an?i administrantajn permisojn',3),(501,'ENAOEHFUNCIONARIO','Tiu persono ne estas laboristo',3),(502,'EPAPELINEXISTENTE','Tiu funkcio ne ekzistas',3),(503,'EPERMISSAOINEXISTENTE','Tiu permiso ne ekzistas',3),(504,'EVFUNCIONARIODESLIGADO','Tiu laboristo estis malligita el tiu kompanio',3),(505,'EVFUNCIONARIOADICIONADO','Tiu laboristo estis aldonita al tiu kompanio',3),(506,'EVPERMISSAOCRIADAEALTERADA','Tiu permiso estis kreita kaj ?an?ita',3),(507,'EVPERMISSAOALTERADA','Tiu permiso estis ?an?ita',3),(508,'ALTERAR','?an?i',3),(509,'ALTERARDADOS','?an?i Datumon',3),(510,'PERMISSAO','Permiso',3),(511,'PAPEL','Funkcio',3),(512,'EMPRESA','Kompanio',3),(513,'NAOFUNCIONARIOS','Nelaboristoj',3),(514,'FUNCIONARIOS','Laboristoj',3),(515,'DESLIGAR','Elsaluti',3),(516,'ADMITIR','Aldoni',3),(517,'CONFIGURACOES','Agordoj',3),(518,'DADOSPESSOAIS','Persona datumo',3),(519,'PERMISSOES','Permisoj',3),(520,'EMPRESAS','Kompanioj',3),(521,'SAIR','Eliri',3),(522,'ULTIMAAUTENTICACAO','Lasta Ensalutado',3),(523,'AVIAO','Flugilo',3),(524,'TRAJETO','Vojo',3),(525,'VOO','Flugo',3),(526,'PASSAGEM','Bileto',3),(527,'PASSAGENS','Biletoj',3),(528,'VOOS','Flugoj',3),(529,'TRAJETOS','Vojoj',3),(530,'AVIOES','Flugiloj',3),(531,'ECONFLITOHORARIO','Estis horara konflito inter 2 a? pli da flugoj',3),(532,'EAEROPORTOINEXISTENTE','Tiu flu?aveno ne ekzistas',3),(533,'ETRAJETOINEXISTENTE','Tiu vojo ne ekzistas',3),(534,'ETRAJETOJAEXISTE','Tiu vojo jam ekzistas',3),(535,'EAVIAOINEXISTENTE','Tiu flugilo ne ekzistas',3),(536,'EAVIAOJAEXISTE','Tiu flugilo jam ekzistas',3),(537,'EVOOJAEXISTE','Tiu flugo jam ekzistas',3),(538,'ECOMPRANAOFEITA','Estis eraro em la a?etado',3),(539,'EPASSAGEMINEXISTENTE','Tiu bileto ne ekzistas',3),(540,'EVPASSAGEMCOMPRADA','Bileto a?etata sukcese',3),(541,'EVVOOADICIONADO','Flugo aldonita sukcese',3),(542,'BUSCARAEROPORTOS','Ser?i Flughavenojn',3),(543,'BUSCARVOOS','Ser?i Flugojn',3),(544,'COMPRARPASSAGEM','A?eti Bileton',3),(545,'OBTERBOLETO','Akiri Fakturon',3),(546,'ADICIONARVOOS','Aldoni Flugojn',3),(547,'ADICIONARAVIOES','Aldoni Flughavenojn',3),(548,'ADICIONARTRAJETOS','Aldoni Vojojn',3),(549,'ECAPACIDADENULA','La ta?geco informita estas nevalida',3),(550,'APENASIDA','Nur iro',3),(551,'IDAVOLTA','Iro kaj Reveno',3),(552,'ORIGEM','Deveno',3),(553,'DESTINO','Destino',3),(554,'IDA','Iro',3),(555,'VOLTA','Reveno',3),(556,'PARTIDA','Foriro',3),(557,'CHEGADA','Alveno',3),(558,'PRECO','Preco',3),(559,'SUBTOTAL','Subtotalo',3),(560,'TAXAEMBARQUE','Enbarkiga Takso',3),(561,'TOTAL','Totalo',3),(562,'NOPESSOAS','Persona kvanto',3),(563,'GERENCIARTRAJETO','Administri Vojon',3),(564,'EREMOVERTRAJETOVOOSEXISTEM','Estas flugoj em tiu vojo',3),(565,'FILTRAR','Filtri',3),(566,'MARCACAO','Marki',3),(567,'TODOS','?iu',3),(568,'APENASMARCADOS','Nur markita',3),(569,'PORPAIS','?iu lando',3),(570,'GERENCIARVOOS','Administri Flugojn',3),(571,'FILTRO','Filtro',3),(572,'PAIS','Lando',3),(573,'HORARIOPARTIDA','Irada horaro',3),(574,'SALVAR','Konservi',3),(575,'REMOVER','Forigi',3),(576,'NOVO','Nova',3),(577,'NENHUM','Nenio',3),(578,'TUDO','?iu',3),(579,'EVOONAOATUALIZADO','Eraro je ?isdatigi flugon',3),(580,'EVVOOATUALIZADO','Flugo ?isdatigata sukcese',3),(581,'CATEGORIA','Kategorio',3),(582,'AEROPORTOS','Flughavenoj',3),(583,'COMPANHIAS','Kompanioj',3),(584,'ESPECIFICO','Specifa',3),(585,'INICIO','Komenco',3),(586,'FIM','Fino',3),(587,'PERIODO','Periodo',3),(588,'DE','El',3),(589,'PARA','Al',3),(590,'CLASSIFICACAO','Klasifikado',3),(591,'NOTA','Poento',3),(592,'CIDADE','Urbo',3),(593,'NOPASSAGEIROS','Pasa?ero',3),(594,'IMPRIMIR','Printi',3),(595,'EVVOOSATIVIDADESIMPRIMINDO','Flugaj Aktivecoj estas printata',3),(596,'TESTEVOOS','Paka?o de Flugo',3),(597,'ANALISE','Analizo',3),(598,'CONTINGENTE','Kontingento',3),(599,'ATIVIDADES','Aktivecoj',3),(600,'EQUARTOINDISPONIVEL','?ambro nedisponebla',3),(601,'EHOTELINDISPONIVEL','Hotelo nedisponebla',3),(602,'BUSCARHOTEIS','Ser?i hotelojn',3),(603,'BUSCARTIPOSDEQUARTO','Ser?i ?ambraj Tipojn',3),(604,'RESERVARQUARTO','Rezervi ?ambron',3),(605,'OBTERESTATISTICAS','Akiri Statistikojn',3),(606,'EHOTELTIPOINDISPONIVEL','Hotela tipo nedisponebla',3),(607,'EVQUARTORESERVADO','?ambro rezervita sukcese',3),(608,'PESQUISAR','Ser?i',3),(609,'RESERVAR','Rezervi',3),(610,'LIMPAR','Vi?i',3),(611,'EVRELATORIOIMPRIMINDO','Raporto printata sukcese',3),(612,'PARTICIPACAO','Partopreno',3),(613,'CLASSIFICACAOHOTEIS','Hotela Klasifikado',3),(614,'RECEITAMENSAL','Monata Enspezo (em R$ miloj)',3),(615,'INFOGRAFICO','Infografo',3),(616,'SEUHOTEL','Viaj hotelo havas la plej granda enspezo je',3),(617,'MES','Monato',3),(618,'TESTEHOTEIS','Paka?o de Hotelo',3),(619,'ARTESANATO','Artefarado',3),(620,'EVADICIONADOAOCARRINHO','Produkto aldonata al ?areto sukcese',3),(621,'EVCOMPRAREALIZADA','A?etado farita sukcese',3),(622,'EPRODUTOINEXISTENTE','Tiu produkto ne ekzistas',3),(623,'EPRODUTOINDISPONIVEL','Tiu produkto ne estas em stoko',3),(624,'ECARRINHOVAZIO','Tiu ?areto estas malplena',3),(625,'FILTRARCATEGORIA','Filtri Kategorion',3),(626,'ADICIONARCARRINHO','Aldoni al ?areto',3),(627,'FINALIZARCOMPRA','Fini A?etado',3),(628,'PRODUTOSRELACIONADOS','Rilata Produktojn',3),(629,'CARRINHO','?areto',3),(630,'PRODUTOSMAISANTIGOS','Plejantikvaj Produktoj',3),(631,'CATEGORIASMAISVENDIDAS','Categorioj Plej Vendita',3),(632,'TESTEARTESANATO','Paka?o de Artefarado',3),(633,'COMPRARPRODUTOS','A?eti Produktojn',3),(634,'GRAFICO','Grafiko',3),(635,'EVENTOS','Evento',3),(636,'PORTAL','Portalo',3),(637,'CONVITE','Invitado',3),(638,'PRESENCA','?eesto',3),(639,'COMENTARIO','Komento',3),(640,'COMENTARIOS','Komentoj',3),(641,'EVCONVITEADICIONADO','Invitado aldonata sukcese',3),(642,'EVPRESENCAMARCADA','Prezenco markata sukcese',3),(643,'EVCOMENTARIOADICIONADO','Komento aldonata sukcese',3),(644,'ENAOEHDONOCONVITE','Vi ne estas estro de tiu evento',3),(645,'ENAOPODEAUTOCONVIDAR','Vi ne povas inviti vi mem',3),(646,'BUSCAREVENTOS','Ser?i eventoj',3),(647,'CONVIDAR','Inviti',3),(648,'MARCARPRESENCA','Marki ?eesto',3),(649,'BUSCARPRODUTOS','Ser?i Produktojn',3),(650,'OBTERESTOQUE','Akiri Stokon',3),(651,'BUSCARPRODUTOSRELACIONADOS','Ser?i Rilatajn Produktojn',3),(652,'ADICIONARAOCARRINHO','Aldoni al ?areto',3),(653,'ECOMENTARIOJAREALIZADO','Vi jam komentis pri tiu evento',3),(654,'MECONVIDARAM','Oni invitis min',3),(655,'CRIADOSPORMIM','Kreita de mi',3),(656,'VOCEVAI','?u vi iros?',3),(657,'VOCEMARCOU','Vi markis',3),(658,'SIM','Jes',3),(659,'NAO','Ne',3),(660,'DESUANOTA','Donu vian komenton',3),(661,'ADICIONAR','Aldoni',3),(662,'DESMARCAR','Nemarki',3),(663,'TESTEEVENTOS','Paka?o de Eventoj',3),(664,'RECEITA','Enspezado',3),(665,'VIAGENS','Voja?o',3),(666,'ASSENTOS','Sidejo',3),(667,'RECEITATOTAL','Totala Enspezo',3),(668,'NOTOTALASSENTOS','Totala Sideja Kvanto',3),(669,'NOTOTALPASSAGEIROS','Totala Pasa?era Kvanto',3),(670,'DOTOTAL','el total',3),(671,'A','Al',3),(672,'ANO','Jaro',3),(673,'ATENDENTE','Priservisto',3),(674,'CLIENTE','Kliento',3),(675,'NORMAL','Normala',3),(676,'PUBLICIDADE','Publicidade',1),(677,'AUTOR','Autor',1),(678,'GERENTETI','Gerente TI',1),(679,'PUBLICIDADE','Advertising',2),(680,'AUTOR','Author',2),(681,'GERENTETI','TI Manager',2),(682,'PUBLICIDADE','Publikeco',3),(683,'AUTOR','A?toro',3),(684,'GERENTETI','Estro TI',3),(685,'PERMISSAOGERENCIAREMPRESA','Permissão de Gerenciar Empresa',1),(686,'PERMISSAOGERENCIARTRAJETOS','Permissão de Gerenciar Trajetos',1),(687,'PERMISSAOGERENCIARVOOS','Permissão de Gerenciar Voos',1),(688,'PERMISSAOGERENCIARHOTEIS','Permissão de Gerenciar Hotéis',1),(689,'PERMISSAOGERENCIARQUARTOS','Permissão de Gerenciar Quartos',1),(690,'PERMISSAOGERENCIARPRODUTOS','Permissão de Gerenciar Produtos',1),(691,'PERMISSAOGERENCIAREVENTOS','Permissão de Gerenciar Eventos',1),(692,'PERMISSAOGERENCIAREMPRESA','Permission to Manage Company',2),(693,'PERMISSAOGERENCIARTRAJETOS','Permission to Manage Routes',2),(694,'PERMISSAOGERENCIARVOOS','Permission to Manage Flights',2),(695,'PERMISSAOGERENCIARHOTEIS','Permission to Manage Hotels',2),(696,'PERMISSAOGERENCIARQUARTOS','Permission to Manage Rooms',2),(697,'PERMISSAOGERENCIARPRODUTOS','Permission to Manage Products',2),(698,'PERMISSAOGERENCIAREVENTOS','Permission to Manage Events',2),(699,'PERMISSAOGERENCIAREMPRESA','Permiso por Administri Kompanion',3),(700,'PERMISSAOGERENCIARTRAJETOS','Permiso por Administri Vojojn',3),(701,'PERMISSAOGERENCIARVOOS','Permiso por Administri Flugojn',3),(702,'PERMISSAOGERENCIARHOTEIS','Permiso por Administri Hotelojn',3),(703,'PERMISSAOGERENCIARQUARTOS','Permiso por Administri ?ambrojn',3),(704,'PERMISSAOGERENCIARPRODUTOS','Permiso por Administri Produktojn',3),(705,'PERMISSAOGERENCIAREVENTOS','Permiso por Administri Eventojn',3),(706,'EUSUARIOINEXISTENTE','O nome de usuário informado não existe',1),(707,'EUSUARIOINEXISTENTE','The username does not exist',2),(708,'EUSUARIOINEXISTENTE','La uzantnomo ne ekzistas',3);
/*!40000 ALTER TABLE `traducao` ENABLE KEYS */;
UNLOCK TABLES;

--
-- Table structure for table `trajeto`
--

DROP TABLE IF EXISTS `trajeto`;
/*!40101 SET @saved_cs_client     = @@character_set_client */;
/*!40101 SET character_set_client = utf8 */;
CREATE TABLE `trajeto` (
  `id` int(11) NOT NULL AUTO_INCREMENT,
  `origem` int(11) NOT NULL,
  `destino` int(11) NOT NULL,
  PRIMARY KEY (`id`),
  KEY `origem_index` (`origem`),
  KEY `destino_index` (`destino`),
  CONSTRAINT `trajeto_ibfk_1` FOREIGN KEY (`origem`) REFERENCES `aeroporto` (`id`),
  CONSTRAINT `trajeto_ibfk_2` FOREIGN KEY (`destino`) REFERENCES `aeroporto` (`id`)
) ENGINE=InnoDB AUTO_INCREMENT=381 DEFAULT CHARSET=utf8;
/*!40101 SET character_set_client = @saved_cs_client */;

--
-- Dumping data for table `trajeto`
--

LOCK TABLES `trajeto` WRITE;
/*!40000 ALTER TABLE `trajeto` DISABLE KEYS */;
INSERT INTO `trajeto` VALUES (1,37,231),(2,57,211),(3,72,22),(4,231,84),(5,145,18),(6,122,179),(7,196,181),(8,161,85),(9,83,125),(10,184,176),(11,97,31),(12,139,148),(13,167,33),(14,210,167),(15,172,94),(16,61,8),(17,232,68),(18,103,228),(19,67,61),(20,26,2),(21,179,107),(22,179,126),(23,192,228),(24,130,107),(25,178,127),(26,170,156),(27,91,109),(28,119,107),(29,83,98),(30,11,159),(31,211,204),(32,90,78),(33,55,226),(34,147,50),(35,212,49),(36,7,178),(37,81,151),(38,191,49),(39,32,96),(40,131,135),(41,85,225),(42,15,13),(43,77,83),(44,3,146),(45,99,23),(46,11,88),(47,67,118),(48,8,47),(49,93,32),(50,172,224),(51,194,213),(52,30,176),(53,36,59),(54,121,177),(55,57,136),(56,163,116),(57,160,173),(58,91,73),(59,56,55),(60,218,213),(61,173,190),(62,27,153),(63,8,102),(64,63,75),(65,125,188),(66,150,137),(67,29,170),(68,51,87),(69,143,81),(70,35,3),(71,101,50),(72,89,126),(73,41,223),(74,29,27),(75,69,12),(76,210,82),(77,173,10),(78,42,207),(79,34,22),(80,97,156),(81,52,195),(82,116,31),(83,57,100),(84,18,45),(85,135,170),(86,115,109),(87,46,78),(88,82,165),(89,126,203),(90,223,203),(91,195,38),(92,113,108),(93,105,166),(94,38,77),(95,68,40),(96,169,196),(97,124,72),(98,186,117),(99,218,114),(100,33,185),(101,226,233),(102,142,81),(103,136,62),(104,30,79),(105,20,220),(106,60,33),(107,31,37),(108,171,51),(109,134,22),(110,65,171),(111,61,118),(112,1,224),(113,140,168),(114,196,100),(115,64,14),(116,64,122),(117,79,94),(118,112,24),(119,222,223),(120,129,94),(121,77,147),(122,160,158),(123,211,18),(124,189,146),(125,54,109),(126,225,153),(127,159,88),(128,119,191),(129,174,110),(130,126,222),(131,89,36),(132,178,221),(133,81,82),(134,142,121),(135,130,118),(136,132,137),(137,143,37),(138,81,29),(139,76,89),(140,228,66),(141,73,82),(142,202,166),(143,161,111),(144,37,150),(145,215,163),(146,226,52),(147,42,33),(148,232,20),(149,127,122),(150,69,98),(151,48,161),(152,126,183),(153,176,154),(154,88,184),(155,65,41),(156,226,66),(157,52,133),(158,31,158),(159,195,22),(160,189,71),(161,53,117),(162,38,189),(163,147,104),(164,39,97),(165,33,231),(166,158,106),(167,233,45),(168,193,112),(169,98,219),(170,121,29),(171,83,13),(172,143,109),(173,83,148),(174,68,160),(175,36,144),(176,86,197),(177,46,196),(178,54,96),(179,135,124),(180,158,131),(181,36,46),(182,37,230),(183,166,74),(184,101,225),(185,227,222),(186,110,149),(187,176,205),(188,111,215),(189,175,121),(190,151,143),(191,103,21),(192,150,16),(193,108,135),(194,111,81),(195,97,133),(196,192,132),(197,53,171),(198,124,196),(199,137,28),(200,180,67),(201,153,175),(202,38,20),(203,209,143),(204,1,179),(205,40,97),(206,205,45),(207,144,95),(208,125,195),(209,6,13),(210,95,125),(211,23,104),(212,143,189),(213,74,4),(214,101,218),(215,220,81),(216,120,111),(217,160,232),(218,57,46),(219,138,205),(220,108,62),(221,82,84),(222,209,22),(223,79,124),(224,134,117),(225,105,210),(226,221,28),(227,123,67),(228,185,202),(229,105,201),(230,165,18),(231,69,178),(232,95,9),(233,32,131),(234,102,96),(235,167,45),(236,14,39),(237,47,177),(238,135,63),(239,129,78),(240,80,156),(241,40,166),(242,200,55),(243,112,151),(244,108,156),(245,135,153),(246,184,38),(247,190,157),(248,98,80),(249,81,180),(250,63,116),(251,117,169),(252,36,229),(253,112,191),(254,221,78),(255,140,113),(256,186,6),(257,214,30),(258,94,116),(259,97,91),(260,167,31),(261,91,116),(262,109,189),(263,27,65),(264,150,183),(265,126,150),(266,23,45),(267,145,75),(268,64,102),(269,210,205),(270,152,1),(271,225,155),(272,179,113),(273,187,48),(274,70,42),(275,74,115),(276,80,137),(277,89,10),(278,158,112),(279,52,30),(280,231,37),(281,211,57),(282,22,72),(283,84,231),(284,18,145),(285,179,122),(286,181,196),(287,85,161),(288,125,83),(289,176,184),(290,31,97),(291,148,139),(292,33,167),(293,167,210),(294,94,172),(295,8,61),(296,68,232),(297,228,103),(298,61,67),(299,2,26),(300,107,179),(301,126,179),(302,228,192),(303,107,130),(304,127,178),(305,156,170),(306,109,91),(307,107,119),(308,98,83),(309,159,11),(310,204,211),(311,78,90),(312,226,55),(313,50,147),(314,49,212),(315,178,7),(316,151,81),(317,49,191),(318,96,32),(319,135,131),(320,225,85),(321,13,15),(322,83,77),(323,146,3),(324,23,99),(325,88,11),(326,118,67),(327,47,8),(328,32,93),(329,224,172),(330,213,194),(331,176,30),(332,59,36),(333,177,121),(334,136,57),(335,116,163),(336,173,160),(337,73,91),(338,55,56),(339,213,218),(340,190,173),(341,153,27),(342,102,8),(343,75,63),(344,188,125),(345,137,150),(346,170,29),(347,87,51),(348,81,143),(349,3,35),(350,50,101),(351,126,89),(352,223,41),(353,27,29),(354,12,69),(355,82,210),(356,10,173),(357,207,42),(358,22,34),(359,156,97),(360,195,52),(361,31,116),(362,100,57),(363,45,18),(364,170,135),(365,109,115),(366,78,46),(367,165,82),(368,203,126),(369,203,223),(370,38,195),(371,108,113),(372,166,105),(373,77,38),(374,40,68),(375,196,169),(376,72,124),(377,117,186),(378,114,218),(379,185,33),(380,233,226);
/*!40000 ALTER TABLE `trajeto` ENABLE KEYS */;
UNLOCK TABLES;

--
-- Table structure for table `voo`
--

DROP TABLE IF EXISTS `voo`;
/*!40101 SET @saved_cs_client     = @@character_set_client */;
/*!40101 SET character_set_client = utf8 */;
CREATE TABLE `voo` (
  `id` int(11) NOT NULL AUTO_INCREMENT,
  `datapartida` datetime DEFAULT NULL,
  `datachegada` datetime DEFAULT NULL,
  `horapartida` time DEFAULT NULL,
  `horachegada` time DEFAULT NULL,
  `preco` double DEFAULT NULL,
  `aviao` int(11) NOT NULL,
  `trajeto` int(11) NOT NULL,
  PRIMARY KEY (`id`),
  KEY `aviao_index` (`aviao`),
  KEY `trajeto_index` (`trajeto`),
  CONSTRAINT `voo_ibfk_1` FOREIGN KEY (`aviao`) REFERENCES `aviao` (`id`),
  CONSTRAINT `voo_ibfk_2` FOREIGN KEY (`trajeto`) REFERENCES `trajeto` (`id`),
  CONSTRAINT `voo_ibfk_3` FOREIGN KEY (`trajeto`) REFERENCES `trajeto` (`id`)
) ENGINE=InnoDB AUTO_INCREMENT=1314 DEFAULT CHARSET=utf8;
/*!40101 SET character_set_client = @saved_cs_client */;

--
-- Dumping data for table `voo`
--

LOCK TABLES `voo` WRITE;
/*!40000 ALTER TABLE `voo` DISABLE KEYS */;
INSERT INTO `voo` VALUES (1,'2015-05-31 00:00:00','2015-05-31 00:00:00','12:46:00','14:40:00',781.7,118,236),(2,'2014-07-01 00:00:00','2014-07-01 00:00:00','10:26:00','12:03:00',764.23,66,55),(3,'2014-12-23 00:00:00','2014-12-23 00:00:00','01:28:00','03:11:00',246.74,209,188),(4,'2014-07-02 00:00:00','2014-07-02 00:00:00','09:57:00','11:47:00',600.01,66,197),(5,'2014-08-06 00:00:00','2014-08-06 00:00:00','06:38:00','08:05:00',752.93,207,165),(6,'2014-10-26 00:00:00','2014-10-26 00:00:00','14:26:00','16:27:00',435.87,110,247),(7,'2013-12-23 00:00:00','2013-12-23 00:00:00','16:08:00','17:40:00',403.47,290,71),(8,'2015-02-11 00:00:00','2015-02-11 00:00:00','09:05:00','10:21:00',437.52,150,254),(9,'2014-09-28 00:00:00','2014-09-28 00:00:00','16:54:00','18:30:00',582.82,227,181),(10,'2014-04-02 00:00:00','2014-04-02 00:00:00','20:40:00','22:17:00',777.36,156,82),(11,'2013-12-20 00:00:00','2013-12-20 00:00:00','00:51:00','02:23:00',507.87,88,102),(12,'2015-05-07 00:00:00','2015-05-07 00:00:00','06:54:00','08:29:00',182.64,199,97),(13,'2013-09-30 00:00:00','2013-09-30 00:00:00','10:05:00','11:36:00',381.28,212,204),(14,'2013-12-01 00:00:00','2013-12-01 00:00:00','05:32:00','07:27:00',533.7,96,245),(15,'2013-07-18 00:00:00','2013-07-18 00:00:00','17:30:00','18:54:00',218.06,53,189),(16,'2014-10-02 00:00:00','2014-10-02 00:00:00','14:55:00','17:08:00',661.48,208,195),(17,'2015-03-26 00:00:00','2015-03-26 00:00:00','01:09:00','02:47:00',317.42,227,224),(18,'2013-08-14 00:00:00','2013-08-14 00:00:00','06:49:00','09:11:00',203.89,278,45),(19,'2013-08-31 00:00:00','2013-08-31 00:00:00','19:11:00','20:44:00',268.4,133,206),(20,'2013-07-14 00:00:00','2013-07-14 00:00:00','04:11:00','05:41:00',339.94,64,47),(21,'2013-09-07 00:00:00','2013-09-07 00:00:00','14:49:00','16:41:00',629.08,107,1),(22,'2014-06-03 00:00:00','2014-06-03 00:00:00','16:00:00','18:01:00',278.05,284,131),(23,'2014-06-28 00:00:00','2014-06-28 00:00:00','12:30:00','13:55:00',630.46,64,249),(24,'2014-11-15 00:00:00','2014-11-15 00:00:00','03:38:00','05:19:00',323.24,12,154),(25,'2014-03-18 00:00:00','2014-03-18 00:00:00','09:21:00','11:44:00',693.77,192,59),(26,'2014-09-14 00:00:00','2014-09-14 00:00:00','11:27:00','13:39:00',570.52,265,41),(27,'2014-12-13 00:00:00','2014-12-13 00:00:00','17:19:00','18:54:00',420.06,138,135),(28,'2015-04-21 00:00:00','2015-04-21 00:00:00','11:12:00','12:27:00',135.37,226,257),(29,'2014-06-13 00:00:00','2014-06-13 00:00:00','15:44:00','17:47:00',308.76,6,140),(30,'2015-06-03 00:00:00','2015-06-03 00:00:00','08:02:00','09:53:00',189.96,179,260),(31,'2014-01-10 00:00:00','2014-01-10 00:00:00','07:28:00','09:08:00',639.88,142,231),(32,'2013-11-12 00:00:00','2013-11-12 00:00:00','19:23:00','20:47:00',185.54,244,6),(33,'2014-07-10 00:00:00','2014-07-10 00:00:00','17:51:00','20:05:00',609.43,223,156),(34,'2014-05-01 00:00:00','2014-05-01 00:00:00','12:43:00','14:43:00',106.17,152,239),(35,'2014-11-15 00:00:00','2014-11-15 00:00:00','03:42:00','05:43:00',161.37,35,266),(36,'2013-08-09 00:00:00','2013-08-09 00:00:00','13:39:00','15:37:00',271.34,234,274),(37,'2015-03-31 00:00:00','2015-03-31 00:00:00','01:38:00','03:47:00',616.08,55,59),(38,'2014-08-16 00:00:00','2014-08-16 00:00:00','16:52:00','18:39:00',209.26,294,51),(39,'2015-05-26 00:00:00','2015-05-26 00:00:00','00:00:00','02:08:00',274.33,69,140),(40,'2015-06-10 00:00:00','2015-06-10 00:00:00','13:03:00','14:58:00',695.56,281,213),(41,'2014-06-07 00:00:00','2014-06-07 00:00:00','01:39:00','03:50:00',570.38,145,276),(42,'2014-01-10 00:00:00','2014-01-10 00:00:00','07:51:00','09:25:00',509.74,204,69),(43,'2013-12-16 00:00:00','2013-12-16 00:00:00','15:12:00','17:18:00',350.55,157,76),(44,'2015-01-29 00:00:00','2015-01-29 00:00:00','10:49:00','12:09:00',158.88,119,173),(45,'2013-07-25 00:00:00','2013-07-25 00:00:00','15:25:00','17:27:00',228.04,57,199),(46,'2014-11-21 00:00:00','2014-11-21 00:00:00','20:31:00','22:38:00',457.1,33,27),(47,'2013-07-22 00:00:00','2013-07-22 00:00:00','10:39:00','12:02:00',441.03,144,34),(48,'2013-11-18 00:00:00','2013-11-18 00:00:00','10:45:00','12:27:00',413.06,186,132),(49,'2015-05-05 00:00:00','2015-05-05 00:00:00','18:35:00','20:01:00',430.66,303,61),(50,'2013-09-18 00:00:00','2013-09-18 00:00:00','02:30:00','04:42:00',182.82,149,78),(51,'2013-09-15 00:00:00','2013-09-15 00:00:00','09:12:00','10:31:00',635.36,273,183),(52,'2014-04-04 00:00:00','2014-04-04 00:00:00','09:48:00','11:44:00',679.81,245,138),(53,'2013-11-14 00:00:00','2013-11-14 00:00:00','14:59:00','17:00:00',753.15,167,108),(54,'2014-06-27 00:00:00','2014-06-27 00:00:00','05:22:00','07:26:00',476.48,102,15),(55,'2013-07-05 00:00:00','2013-07-05 00:00:00','08:53:00','10:12:00',259.85,233,209),(56,'2013-12-23 00:00:00','2013-12-23 00:00:00','16:44:00','18:35:00',219.8,281,80),(57,'2014-07-11 00:00:00','2014-07-11 00:00:00','06:14:00','08:06:00',608.44,85,195),(58,'2014-09-20 00:00:00','2014-09-20 00:00:00','14:06:00','15:53:00',396.84,67,141),(59,'2014-10-16 00:00:00','2014-10-16 00:00:00','05:34:00','07:35:00',361.46,287,115),(60,'2014-09-18 00:00:00','2014-09-18 00:00:00','07:44:00','09:39:00',254.88,13,219),(61,'2014-09-29 00:00:00','2014-09-29 00:00:00','12:40:00','14:35:00',680.35,302,8),(62,'2014-05-31 00:00:00','2014-05-31 00:00:00','16:10:00','18:16:00',259.2,6,173),(63,'2015-03-17 00:00:00','2015-03-17 00:00:00','10:07:00','12:18:00',407.43,295,75),(64,'2014-07-14 00:00:00','2014-07-14 00:00:00','01:40:00','03:43:00',682.38,143,52),(65,'2014-05-30 00:00:00','2014-05-30 00:00:00','05:51:00','07:54:00',170.1,7,266),(66,'2013-07-14 00:00:00','2013-07-14 00:00:00','19:39:00','21:06:00',483.01,169,2),(67,'2015-04-14 00:00:00','2015-04-14 00:00:00','09:25:00','11:13:00',524.24,252,22),(68,'2015-04-14 00:00:00','2015-04-14 00:00:00','18:08:00','19:57:00',499.04,92,51),(69,'2014-06-07 00:00:00','2014-06-07 00:00:00','07:21:00','09:20:00',553.17,106,61),(70,'2014-11-08 00:00:00','2014-11-08 00:00:00','16:55:00','18:52:00',739.27,267,114),(71,'2013-12-27 00:00:00','2013-12-27 00:00:00','16:55:00','18:24:00',351.74,254,270),(72,'2013-12-23 00:00:00','2013-12-23 00:00:00','15:11:00','16:46:00',635.48,153,88),(73,'2013-07-28 00:00:00','2013-07-28 00:00:00','13:08:00','15:27:00',163.47,252,83),(74,'2014-05-20 00:00:00','2014-05-20 00:00:00','13:56:00','15:17:00',225.28,201,120),(75,'2014-08-07 00:00:00','2014-08-07 00:00:00','01:38:00','03:49:00',318.36,183,15),(76,'2014-09-30 00:00:00','2014-09-30 00:00:00','08:34:00','10:05:00',729.26,245,47),(77,'2015-04-03 00:00:00','2015-04-03 00:00:00','18:50:00','20:22:00',587.19,32,113),(78,'2014-10-02 00:00:00','2014-10-02 00:00:00','17:51:00','19:41:00',395.8,130,231),(79,'2014-02-10 00:00:00','2014-02-10 00:00:00','13:39:00','15:31:00',731.13,9,259),(80,'2013-11-10 00:00:00','2013-11-10 00:00:00','15:02:00','17:19:00',122.63,209,80),(81,'2013-10-25 00:00:00','2013-10-25 00:00:00','12:43:00','14:04:00',571.68,221,26),(82,'2013-10-14 00:00:00','2013-10-14 00:00:00','02:14:00','03:32:00',458.85,92,147),(83,'2013-08-11 00:00:00','2013-08-11 00:00:00','14:23:00','16:02:00',776.29,203,51),(84,'2014-10-07 00:00:00','2014-10-07 00:00:00','00:38:00','02:53:00',599.4,175,69),(85,'2013-11-26 00:00:00','2013-11-26 00:00:00','01:00:00','03:06:00',142.96,45,179),(86,'2013-10-31 00:00:00','2013-10-31 00:00:00','06:16:00','07:54:00',331.85,83,103),(87,'2014-01-17 00:00:00','2014-01-17 00:00:00','04:57:00','06:19:00',518.39,76,260),(88,'2015-02-22 00:00:00','2015-02-22 00:00:00','02:09:00','03:55:00',379.93,284,210),(89,'2015-03-25 00:00:00','2015-03-25 00:00:00','06:42:00','08:45:00',593.4,236,166),(90,'2014-06-03 00:00:00','2014-06-03 00:00:00','00:26:00','01:42:00',670.68,169,82),(91,'2015-03-20 00:00:00','2015-03-20 00:00:00','14:47:00','16:28:00',160.47,131,140),(92,'2015-03-08 00:00:00','2015-03-08 00:00:00','00:41:00','02:33:00',734.44,56,246),(93,'2014-01-04 00:00:00','2014-01-04 00:00:00','20:39:00','22:33:00',475.18,125,218),(94,'2015-01-17 00:00:00','2015-01-17 00:00:00','18:41:00','20:19:00',558.64,209,125),(95,'2014-12-30 00:00:00','2014-12-30 00:00:00','17:25:00','18:56:00',436.67,281,233),(96,'2015-04-01 00:00:00','2015-04-01 00:00:00','13:54:00','15:47:00',172.26,69,10),(97,'2013-10-10 00:00:00','2013-10-10 00:00:00','16:08:00','18:18:00',202.8,168,130),(98,'2015-04-07 00:00:00','2015-04-07 00:00:00','16:36:00','18:27:00',545.16,276,182),(99,'2013-12-28 00:00:00','2013-12-28 00:00:00','17:14:00','18:58:00',312.64,88,227),(100,'2014-07-01 00:00:00','2014-07-01 00:00:00','00:43:00','02:15:00',415.94,195,47),(101,'2014-05-11 00:00:00','2014-05-11 00:00:00','07:13:00','08:37:00',314.67,99,68),(102,'2013-09-01 00:00:00','2013-09-01 00:00:00','05:41:00','07:44:00',290.91,57,86),(103,'2014-12-18 00:00:00','2014-12-18 00:00:00','15:29:00','16:45:00',489.92,268,111),(104,'2013-11-14 00:00:00','2013-11-14 00:00:00','00:54:00','02:26:00',549.59,258,268),(105,'2015-05-12 00:00:00','2015-05-12 00:00:00','12:53:00','14:29:00',303.04,122,267),(106,'2013-12-28 00:00:00','2013-12-28 00:00:00','15:25:00','16:54:00',195,87,5),(107,'2014-11-11 00:00:00','2014-11-11 00:00:00','09:46:00','12:08:00',275.5,171,183),(108,'2014-11-13 00:00:00','2014-11-13 00:00:00','06:08:00','07:58:00',722.67,7,45),(109,'2014-06-23 00:00:00','2014-06-23 00:00:00','03:38:00','05:56:00',738.68,70,174),(110,'2014-04-16 00:00:00','2014-04-16 00:00:00','03:42:00','05:00:00',315.01,238,41),(111,'2014-03-15 00:00:00','2014-03-15 00:00:00','06:14:00','07:45:00',720.01,299,113),(112,'2014-09-09 00:00:00','2014-09-09 00:00:00','19:52:00','21:43:00',231.14,144,166),(113,'2014-04-14 00:00:00','2014-04-14 00:00:00','02:54:00','04:36:00',675.54,290,149),(114,'2014-06-24 00:00:00','2014-06-24 00:00:00','01:34:00','03:45:00',385.3,103,96),(115,'2014-10-30 00:00:00','2014-10-30 00:00:00','13:41:00','14:58:00',510.85,142,267),(116,'2015-03-22 00:00:00','2015-03-22 00:00:00','02:10:00','04:23:00',476.52,83,126),(117,'2013-08-12 00:00:00','2013-08-12 00:00:00','00:25:00','02:09:00',138.08,199,242),(118,'2015-06-13 00:00:00','2015-06-13 00:00:00','06:54:00','09:15:00',765.21,192,258),(119,'2013-09-07 00:00:00','2013-09-07 00:00:00','15:28:00','17:47:00',478.11,262,16),(120,'2014-01-29 00:00:00','2014-01-29 00:00:00','00:09:00','01:25:00',344.21,46,161),(121,'2015-06-01 00:00:00','2015-06-01 00:00:00','08:34:00','09:56:00',545.68,240,10),(122,'2013-10-21 00:00:00','2013-10-21 00:00:00','16:24:00','18:32:00',583.28,86,202),(123,'2013-09-01 00:00:00','2013-09-01 00:00:00','02:12:00','04:12:00',581.48,235,274),(124,'2014-04-04 00:00:00','2014-04-04 00:00:00','01:10:00','02:58:00',241.73,90,91),(125,'2015-06-06 00:00:00','2015-06-06 00:00:00','11:37:00','13:57:00',388.97,50,95),(126,'2015-04-22 00:00:00','2015-04-22 00:00:00','13:04:00','15:21:00',529.97,51,141),(127,'2014-04-08 00:00:00','2014-04-08 00:00:00','14:22:00','16:26:00',750.72,283,71),(128,'2014-05-10 00:00:00','2014-05-10 00:00:00','10:41:00','12:28:00',211.94,238,159),(129,'2015-06-12 00:00:00','2015-06-12 00:00:00','14:33:00','16:23:00',106.63,150,114),(130,'2014-02-19 00:00:00','2014-02-19 00:00:00','06:40:00','09:03:00',790.11,187,65),(131,'2013-10-12 00:00:00','2013-10-12 00:00:00','02:19:00','04:15:00',147.64,154,97),(132,'2014-11-14 00:00:00','2014-11-14 00:00:00','01:07:00','03:01:00',240.09,127,247),(133,'2013-10-17 00:00:00','2013-10-17 00:00:00','18:00:00','20:09:00',238.67,205,127),(134,'2014-07-30 00:00:00','2014-07-30 00:00:00','01:38:00','03:19:00',468.78,133,256),(135,'2015-03-01 00:00:00','2015-03-01 00:00:00','18:49:00','20:03:00',463.16,198,186),(136,'2015-06-05 00:00:00','2015-06-05 00:00:00','02:00:00','03:48:00',427.66,41,270),(137,'2014-09-24 00:00:00','2014-09-24 00:00:00','18:29:00','19:59:00',459.06,190,14),(138,'2015-01-09 00:00:00','2015-01-09 00:00:00','13:16:00','15:05:00',599.35,239,243),(139,'2013-07-08 00:00:00','2013-07-08 00:00:00','21:16:00','22:41:00',494,78,155),(140,'2014-08-13 00:00:00','2014-08-13 00:00:00','03:25:00','05:02:00',673.98,180,68),(141,'2014-11-14 00:00:00','2014-11-14 00:00:00','19:22:00','21:05:00',750.77,88,9),(142,'2013-09-01 00:00:00','2013-09-01 00:00:00','16:42:00','18:31:00',613.02,129,37),(143,'2014-09-11 00:00:00','2014-09-11 00:00:00','18:02:00','20:23:00',649.95,171,80),(144,'2013-09-29 00:00:00','2013-09-29 00:00:00','12:57:00','14:52:00',239.65,231,51),(145,'2014-11-19 00:00:00','2014-11-19 00:00:00','06:18:00','08:06:00',267.18,47,250),(146,'2013-08-29 00:00:00','2013-08-29 00:00:00','02:19:00','04:03:00',789.88,28,30),(147,'2014-06-26 00:00:00','2014-06-26 00:00:00','11:54:00','14:13:00',773.6,208,131),(148,'2015-03-14 00:00:00','2015-03-14 00:00:00','03:35:00','05:26:00',458.59,257,179),(149,'2015-05-23 00:00:00','2015-05-23 00:00:00','12:00:00','13:47:00',636.21,179,117),(150,'2013-09-21 00:00:00','2013-09-21 00:00:00','01:29:00','02:59:00',109.42,185,189),(151,'2014-08-06 00:00:00','2014-08-06 00:00:00','14:23:00','16:04:00',599.3,69,39),(152,'2014-03-31 00:00:00','2014-03-31 00:00:00','18:09:00','20:16:00',575.57,146,9),(153,'2014-01-04 00:00:00','2014-01-04 00:00:00','11:06:00','12:38:00',181.91,265,11),(154,'2014-09-19 00:00:00','2014-09-19 00:00:00','10:06:00','11:19:00',577.8,91,19),(155,'2015-06-28 00:00:00','2015-06-28 00:00:00','15:02:00','17:19:00',427.8,11,69),(156,'2014-08-27 00:00:00','2014-08-27 00:00:00','20:17:00','22:17:00',619.63,184,231),(157,'2014-06-29 00:00:00','2014-06-29 00:00:00','13:15:00','15:22:00',373.05,99,220),(158,'2015-06-05 00:00:00','2015-06-05 00:00:00','10:44:00','13:07:00',777.49,5,183),(159,'2015-02-05 00:00:00','2015-02-05 00:00:00','15:44:00','17:34:00',629.16,30,2),(160,'2013-11-04 00:00:00','2013-11-04 00:00:00','02:33:00','04:23:00',458.16,186,37),(161,'2013-11-06 00:00:00','2013-11-06 00:00:00','16:45:00','18:50:00',746.81,190,56),(162,'2015-03-21 00:00:00','2015-03-21 00:00:00','04:50:00','06:27:00',579.01,15,118),(163,'2014-03-09 00:00:00','2014-03-09 00:00:00','13:37:00','15:11:00',476.88,134,256),(164,'2014-06-19 00:00:00','2014-06-19 00:00:00','09:43:00','11:24:00',797.26,157,64),(165,'2014-05-25 00:00:00','2014-05-25 00:00:00','08:47:00','10:14:00',247.84,46,163),(166,'2014-02-05 00:00:00','2014-02-05 00:00:00','15:46:00','17:29:00',462.5,141,95),(167,'2014-09-01 00:00:00','2014-09-01 00:00:00','03:21:00','04:46:00',133.63,17,81),(168,'2013-07-02 00:00:00','2013-07-02 00:00:00','14:03:00','15:50:00',421.28,156,11),(169,'2013-09-01 00:00:00','2013-09-01 00:00:00','05:52:00','07:35:00',786.38,149,89),(170,'2014-09-27 00:00:00','2014-09-27 00:00:00','18:33:00','20:04:00',255.38,113,137),(171,'2014-12-04 00:00:00','2014-12-04 00:00:00','02:16:00','04:08:00',281.96,23,5),(172,'2013-08-07 00:00:00','2013-08-07 00:00:00','12:36:00','14:31:00',622.61,46,119),(173,'2013-10-25 00:00:00','2013-10-25 00:00:00','08:25:00','10:03:00',691.8,233,102),(174,'2013-12-12 00:00:00','2013-12-12 00:00:00','08:59:00','10:51:00',678.66,16,267),(175,'2014-04-06 00:00:00','2014-04-06 00:00:00','13:47:00','15:30:00',269.13,230,238),(176,'2014-10-08 00:00:00','2014-10-08 00:00:00','15:59:00','17:41:00',389.67,40,161),(177,'2014-08-23 00:00:00','2014-08-23 00:00:00','02:16:00','04:04:00',471.43,194,214),(178,'2013-09-30 00:00:00','2013-09-30 00:00:00','18:07:00','20:20:00',776.8,220,137),(179,'2014-11-05 00:00:00','2014-11-05 00:00:00','16:20:00','18:34:00',329.03,228,254),(180,'2013-08-25 00:00:00','2013-08-25 00:00:00','02:30:00','04:22:00',173.43,172,269),(181,'2015-03-22 00:00:00','2015-03-22 00:00:00','02:10:00','04:04:00',473.1,90,174),(182,'2015-05-21 00:00:00','2015-05-21 00:00:00','10:51:00','12:43:00',266.93,15,135),(183,'2015-02-07 00:00:00','2015-02-07 00:00:00','03:25:00','04:39:00',576.01,282,174),(184,'2015-06-19 00:00:00','2015-06-19 00:00:00','15:24:00','16:57:00',784.36,22,79),(185,'2015-02-25 00:00:00','2015-02-25 00:00:00','03:42:00','05:41:00',797.23,116,20),(186,'2014-03-24 00:00:00','2014-03-24 00:00:00','07:21:00','08:49:00',158.89,194,81),(187,'2013-12-10 00:00:00','2013-12-10 00:00:00','00:17:00','02:18:00',621.93,197,177),(188,'2014-07-03 00:00:00','2014-07-03 00:00:00','05:08:00','06:35:00',593.43,69,52),(189,'2014-12-26 00:00:00','2014-12-26 00:00:00','16:27:00','18:26:00',301.83,216,72),(190,'2014-10-22 00:00:00','2014-10-22 00:00:00','14:13:00','16:01:00',787.05,125,58),(191,'2015-04-08 00:00:00','2015-04-08 00:00:00','01:42:00','02:58:00',613.8,130,158),(192,'2015-01-02 00:00:00','2015-01-02 00:00:00','08:57:00','11:12:00',708.69,224,225),(193,'2015-04-01 00:00:00','2015-04-01 00:00:00','11:23:00','12:44:00',153.59,222,206),(194,'2015-01-10 00:00:00','2015-01-10 00:00:00','14:30:00','15:44:00',263.87,298,115),(195,'2013-12-21 00:00:00','2013-12-21 00:00:00','10:37:00','12:55:00',159.08,173,18),(196,'2015-03-15 00:00:00','2015-03-15 00:00:00','02:08:00','04:03:00',743.62,22,184),(197,'2014-11-09 00:00:00','2014-11-09 00:00:00','12:57:00','14:54:00',303.3,220,99),(198,'2015-03-31 00:00:00','2015-03-31 00:00:00','17:02:00','19:07:00',152.61,150,81),(199,'2014-06-27 00:00:00','2014-06-27 00:00:00','02:05:00','03:51:00',109.3,213,112),(200,'2015-03-10 00:00:00','2015-03-10 00:00:00','01:51:00','03:14:00',402.83,257,234),(201,'2014-04-05 00:00:00','2014-04-05 00:00:00','20:31:00','22:45:00',480.74,180,6),(202,'2014-11-05 00:00:00','2014-11-05 00:00:00','02:30:00','04:31:00',347.92,30,165),(203,'2014-10-22 00:00:00','2014-10-22 00:00:00','13:10:00','14:46:00',127.59,285,203),(204,'2014-04-01 00:00:00','2014-04-01 00:00:00','17:47:00','19:12:00',642.23,195,188),(205,'2014-04-21 00:00:00','2014-04-21 00:00:00','16:37:00','18:05:00',686.18,294,214),(206,'2014-10-10 00:00:00','2014-10-10 00:00:00','20:19:00','21:46:00',334.46,194,263),(207,'2015-04-05 00:00:00','2015-04-05 00:00:00','01:34:00','03:05:00',280.21,155,42),(208,'2013-07-18 00:00:00','2013-07-18 00:00:00','01:08:00','03:16:00',345.3,248,255),(209,'2015-03-05 00:00:00','2015-03-05 00:00:00','18:02:00','20:17:00',639.88,145,181),(210,'2015-05-18 00:00:00','2015-05-18 00:00:00','07:46:00','09:40:00',156,230,151),(211,'2014-12-24 00:00:00','2014-12-24 00:00:00','01:03:00','02:59:00',742.06,28,89),(212,'2013-08-23 00:00:00','2013-08-23 00:00:00','07:31:00','09:26:00',543.67,98,276),(213,'2013-09-13 00:00:00','2013-09-13 00:00:00','04:11:00','06:28:00',591.65,228,268),(214,'2014-12-21 00:00:00','2014-12-21 00:00:00','16:47:00','18:14:00',417.36,303,39),(215,'2014-07-12 00:00:00','2014-07-12 00:00:00','04:49:00','06:30:00',750.84,278,269),(216,'2014-06-18 00:00:00','2014-06-18 00:00:00','16:40:00','18:32:00',338.43,37,75),(217,'2014-05-09 00:00:00','2014-05-09 00:00:00','11:47:00','13:04:00',461.7,122,60),(218,'2015-03-29 00:00:00','2015-03-29 00:00:00','00:29:00','02:19:00',595.7,50,194),(219,'2015-02-16 00:00:00','2015-02-16 00:00:00','05:34:00','07:25:00',302.79,100,87),(220,'2013-10-23 00:00:00','2013-10-23 00:00:00','02:12:00','03:54:00',141.83,274,109),(221,'2014-12-19 00:00:00','2014-12-19 00:00:00','11:16:00','13:24:00',470.7,39,245),(222,'2013-09-16 00:00:00','2013-09-16 00:00:00','07:36:00','09:49:00',369.77,286,216),(223,'2014-09-16 00:00:00','2014-09-16 00:00:00','06:04:00','07:23:00',777.72,282,257),(224,'2014-05-14 00:00:00','2014-05-14 00:00:00','01:27:00','03:12:00',680.64,291,17),(225,'2013-12-10 00:00:00','2013-12-10 00:00:00','14:46:00','16:17:00',593.48,85,148),(226,'2015-03-10 00:00:00','2015-03-10 00:00:00','03:30:00','05:29:00',340.7,104,254),(227,'2014-09-23 00:00:00','2014-09-23 00:00:00','01:24:00','03:21:00',671.85,35,140),(228,'2013-11-21 00:00:00','2013-11-21 00:00:00','11:49:00','13:30:00',286.88,220,225),(229,'2014-06-21 00:00:00','2014-06-21 00:00:00','17:53:00','20:01:00',283.2,265,62),(230,'2013-09-13 00:00:00','2013-09-13 00:00:00','16:41:00','18:52:00',691.2,120,136),(231,'2015-03-12 00:00:00','2015-03-12 00:00:00','04:38:00','05:52:00',659.17,177,275),(232,'2015-01-19 00:00:00','2015-01-19 00:00:00','04:03:00','06:19:00',543.74,196,6),(233,'2013-12-18 00:00:00','2013-12-18 00:00:00','12:44:00','14:07:00',173.07,13,23),(234,'2014-01-14 00:00:00','2014-01-14 00:00:00','11:44:00','13:22:00',388.6,43,172),(235,'2015-01-29 00:00:00','2015-01-29 00:00:00','19:08:00','21:07:00',685.1,73,165),(236,'2015-02-17 00:00:00','2015-02-17 00:00:00','14:09:00','16:12:00',470.35,87,111),(237,'2015-02-09 00:00:00','2015-02-09 00:00:00','00:46:00','02:17:00',484.07,127,3),(238,'2013-10-04 00:00:00','2013-10-04 00:00:00','08:59:00','10:59:00',537.41,64,237),(239,'2015-03-16 00:00:00','2015-03-16 00:00:00','06:25:00','08:05:00',147.63,156,178),(240,'2014-03-22 00:00:00','2014-03-22 00:00:00','06:37:00','08:27:00',551.23,53,38),(241,'2014-12-29 00:00:00','2014-12-29 00:00:00','04:26:00','06:02:00',216.53,262,91),(242,'2013-11-16 00:00:00','2013-11-16 00:00:00','16:01:00','18:13:00',700.78,179,227),(243,'2015-06-28 00:00:00','2015-06-28 00:00:00','05:55:00','08:17:00',466.78,224,233),(244,'2014-04-12 00:00:00','2014-04-12 00:00:00','09:58:00','11:50:00',531.42,22,213),(245,'2014-03-03 00:00:00','2014-03-03 00:00:00','07:19:00','09:42:00',621.84,139,94),(246,'2014-06-25 00:00:00','2014-06-25 00:00:00','01:56:00','03:13:00',594.32,77,202),(247,'2014-01-22 00:00:00','2014-01-22 00:00:00','13:28:00','14:52:00',786.54,120,53),(248,'2014-05-20 00:00:00','2014-05-20 00:00:00','21:26:00','23:19:00',241.79,143,194),(249,'2015-05-18 00:00:00','2015-05-18 00:00:00','15:51:00','17:49:00',145.33,293,118),(250,'2014-12-21 00:00:00','2014-12-21 00:00:00','02:30:00','04:32:00',475.22,59,50),(251,'2014-04-11 00:00:00','2014-04-11 00:00:00','01:24:00','03:10:00',528.3,68,208),(252,'2015-03-16 00:00:00','2015-03-16 00:00:00','17:45:00','20:07:00',419.08,119,195),(253,'2014-11-05 00:00:00','2014-11-05 00:00:00','05:39:00','07:03:00',308.39,276,216),(254,'2014-11-21 00:00:00','2014-11-21 00:00:00','09:31:00','11:55:00',613.6,116,141),(255,'2014-08-20 00:00:00','2014-08-20 00:00:00','17:25:00','19:01:00',148.85,97,29),(256,'2013-08-02 00:00:00','2013-08-02 00:00:00','07:54:00','09:19:00',428.34,50,205),(257,'2014-09-10 00:00:00','2014-09-10 00:00:00','21:20:00','23:43:00',737.75,155,235),(258,'2013-07-29 00:00:00','2013-07-29 00:00:00','21:18:00','22:56:00',190.06,52,270),(259,'2013-11-10 00:00:00','2013-11-10 00:00:00','05:32:00','07:39:00',300.89,84,193),(260,'2014-10-03 00:00:00','2014-10-03 00:00:00','06:56:00','08:50:00',637.38,238,258),(261,'2013-08-07 00:00:00','2013-08-07 00:00:00','01:53:00','03:22:00',599.58,180,78),(262,'2014-11-14 00:00:00','2014-11-14 00:00:00','12:54:00','14:39:00',385.81,295,130),(263,'2015-01-01 00:00:00','2015-01-01 00:00:00','01:20:00','02:59:00',745.68,45,26),(264,'2013-07-07 00:00:00','2013-07-07 00:00:00','13:05:00','14:29:00',314.28,263,108),(265,'2014-05-08 00:00:00','2014-05-08 00:00:00','05:53:00','07:42:00',394.38,162,207),(266,'2015-06-22 00:00:00','2015-06-22 00:00:00','16:37:00','18:38:00',186.7,276,81),(267,'2013-11-03 00:00:00','2013-11-03 00:00:00','00:17:00','02:33:00',266.41,179,121),(268,'2013-10-09 00:00:00','2013-10-09 00:00:00','08:48:00','10:37:00',298.79,33,255),(269,'2014-08-17 00:00:00','2014-08-17 00:00:00','00:09:00','01:30:00',229,181,67),(270,'2014-04-04 00:00:00','2014-04-04 00:00:00','19:47:00','21:48:00',292.46,50,71),(271,'2014-03-27 00:00:00','2014-03-27 00:00:00','16:10:00','17:29:00',427.33,282,238),(272,'2015-04-22 00:00:00','2015-04-22 00:00:00','08:05:00','09:53:00',716.91,137,30),(273,'2013-09-26 00:00:00','2013-09-26 00:00:00','01:52:00','03:22:00',690.19,52,88),(274,'2013-12-13 00:00:00','2013-12-13 00:00:00','00:25:00','01:42:00',672.98,123,206),(275,'2013-11-11 00:00:00','2013-11-11 00:00:00','18:44:00','20:04:00',434.4,270,18),(276,'2015-01-23 00:00:00','2015-01-23 00:00:00','02:01:00','03:19:00',716.07,153,135),(277,'2015-05-20 00:00:00','2015-05-20 00:00:00','01:15:00','02:59:00',790.86,97,142),(278,'2015-03-05 00:00:00','2015-03-05 00:00:00','09:05:00','11:09:00',151.15,260,164),(279,'2014-07-02 00:00:00','2014-07-02 00:00:00','19:09:00','21:08:00',569.68,258,215),(280,'2015-04-22 00:00:00','2015-04-22 00:00:00','16:48:00','18:49:00',249.73,227,50),(281,'2013-12-17 00:00:00','2013-12-17 00:00:00','17:49:00','19:32:00',692.8,61,104),(282,'2014-10-15 00:00:00','2014-10-15 00:00:00','09:07:00','10:32:00',529.37,249,113),(283,'2015-01-10 00:00:00','2015-01-10 00:00:00','09:42:00','11:47:00',546.67,109,268),(284,'2014-01-28 00:00:00','2014-01-28 00:00:00','01:36:00','03:36:00',606.19,47,205),(285,'2015-03-13 00:00:00','2015-03-13 00:00:00','18:27:00','19:42:00',496.29,53,175),(286,'2015-03-14 00:00:00','2015-03-14 00:00:00','18:04:00','19:41:00',694.09,248,66),(287,'2013-09-11 00:00:00','2013-09-11 00:00:00','21:22:00','22:57:00',735.93,223,211),(288,'2014-05-10 00:00:00','2014-05-10 00:00:00','19:11:00','20:34:00',797.65,1,159),(289,'2014-02-13 00:00:00','2014-02-13 00:00:00','19:18:00','20:36:00',714.14,102,67),(290,'2014-09-07 00:00:00','2014-09-07 00:00:00','05:57:00','07:59:00',504.13,200,238),(291,'2014-03-26 00:00:00','2014-03-26 00:00:00','20:51:00','22:58:00',644.98,92,243),(292,'2015-02-22 00:00:00','2015-02-22 00:00:00','00:01:00','01:25:00',232.58,224,120),(293,'2014-03-18 00:00:00','2014-03-18 00:00:00','19:17:00','20:52:00',125.64,126,63),(294,'2013-07-19 00:00:00','2013-07-19 00:00:00','09:40:00','11:30:00',571.6,84,266),(295,'2014-03-19 00:00:00','2014-03-19 00:00:00','08:09:00','09:46:00',565.87,278,72),(296,'2014-10-22 00:00:00','2014-10-22 00:00:00','09:27:00','10:42:00',379.62,288,201),(297,'2013-07-13 00:00:00','2013-07-13 00:00:00','20:09:00','21:46:00',732.67,122,227),(298,'2013-10-16 00:00:00','2013-10-16 00:00:00','17:21:00','19:42:00',287.05,203,169),(299,'2014-06-05 00:00:00','2014-06-05 00:00:00','21:30:00','23:20:00',118.45,204,88),(300,'2014-11-21 00:00:00','2014-11-21 00:00:00','13:11:00','15:33:00',198.74,110,24),(301,'2015-01-18 00:00:00','2015-01-18 00:00:00','03:45:00','05:21:00',459.11,79,87),(302,'2014-06-19 00:00:00','2014-06-19 00:00:00','18:44:00','20:11:00',341.11,17,264),(303,'2014-09-25 00:00:00','2014-09-25 00:00:00','09:13:00','11:19:00',388.62,283,41),(304,'2013-07-30 00:00:00','2013-07-30 00:00:00','16:33:00','17:49:00',171.54,59,129),(305,'2013-10-16 00:00:00','2013-10-16 00:00:00','05:41:00','07:04:00',679.84,229,254),(306,'2014-07-27 00:00:00','2014-07-27 00:00:00','20:05:00','22:28:00',249.23,185,114),(307,'2015-04-18 00:00:00','2015-04-18 00:00:00','21:22:00','22:45:00',742.35,159,25),(308,'2015-01-26 00:00:00','2015-01-26 00:00:00','18:58:00','21:21:00',516.4,114,218),(309,'2014-09-10 00:00:00','2014-09-10 00:00:00','12:19:00','13:45:00',211.51,51,242),(310,'2014-06-20 00:00:00','2014-06-20 00:00:00','18:44:00','20:39:00',198.15,159,96),(311,'2014-11-26 00:00:00','2014-11-26 00:00:00','00:51:00','02:47:00',313.08,82,121),(312,'2014-10-26 00:00:00','2014-10-26 00:00:00','18:58:00','21:11:00',304.29,184,191),(313,'2014-04-11 00:00:00','2014-04-11 00:00:00','02:10:00','04:24:00',624.07,49,206),(314,'2013-11-14 00:00:00','2013-11-14 00:00:00','20:52:00','22:55:00',499.86,201,19),(315,'2014-02-04 00:00:00','2014-02-04 00:00:00','00:23:00','01:40:00',214.65,289,121),(316,'2014-03-12 00:00:00','2014-03-12 00:00:00','01:34:00','02:47:00',519.76,53,15),(317,'2014-05-29 00:00:00','2014-05-29 00:00:00','21:05:00','23:14:00',122.66,58,151),(318,'2014-02-16 00:00:00','2014-02-16 00:00:00','21:21:00','23:06:00',282.73,224,275),(319,'2014-12-03 00:00:00','2014-12-03 00:00:00','01:26:00','02:51:00',495.71,281,23),(320,'2013-09-07 00:00:00','2013-09-07 00:00:00','07:59:00','09:40:00',593.94,139,11),(321,'2014-11-11 00:00:00','2014-11-11 00:00:00','02:59:00','04:23:00',779.46,164,234),(322,'2015-04-10 00:00:00','2015-04-10 00:00:00','16:12:00','18:17:00',375.84,137,234),(323,'2014-02-08 00:00:00','2014-02-08 00:00:00','07:40:00','09:32:00',178.84,175,12),(324,'2014-04-12 00:00:00','2014-04-12 00:00:00','15:13:00','17:29:00',608.82,261,245),(325,'2014-01-17 00:00:00','2014-01-17 00:00:00','01:02:00','03:14:00',501.25,60,90),(326,'2015-06-13 00:00:00','2015-06-13 00:00:00','14:20:00','16:07:00',120.28,124,130),(327,'2014-05-22 00:00:00','2014-05-22 00:00:00','06:24:00','08:37:00',371.08,265,220),(328,'2015-05-13 00:00:00','2015-05-13 00:00:00','07:24:00','09:32:00',104.1,269,211),(329,'2013-11-27 00:00:00','2013-11-27 00:00:00','10:06:00','12:07:00',681.37,293,109),(330,'2013-07-31 00:00:00','2013-07-31 00:00:00','02:02:00','03:53:00',218.64,106,226),(331,'2015-05-08 00:00:00','2015-05-08 00:00:00','01:30:00','03:00:00',626.17,230,152),(332,'2014-07-16 00:00:00','2014-07-16 00:00:00','03:42:00','05:30:00',685.6,114,24),(333,'2014-07-20 00:00:00','2014-07-20 00:00:00','17:11:00','19:04:00',108.22,194,24),(334,'2015-03-05 00:00:00','2015-03-05 00:00:00','04:06:00','06:24:00',326.96,193,245),(335,'2014-09-03 00:00:00','2014-09-03 00:00:00','07:56:00','09:51:00',785.43,56,56),(336,'2013-08-13 00:00:00','2013-08-13 00:00:00','01:07:00','02:51:00',216.78,129,12),(337,'2015-06-17 00:00:00','2015-06-17 00:00:00','08:07:00','09:47:00',398.15,143,75),(338,'2014-11-27 00:00:00','2014-11-27 00:00:00','02:13:00','03:36:00',647.67,19,47),(339,'2013-12-09 00:00:00','2013-12-09 00:00:00','18:55:00','20:35:00',145.99,69,212),(340,'2014-08-24 00:00:00','2014-08-24 00:00:00','08:37:00','10:57:00',317.21,141,110),(341,'2014-04-17 00:00:00','2014-04-17 00:00:00','00:48:00','03:00:00',101.76,100,48),(342,'2014-10-22 00:00:00','2014-10-22 00:00:00','14:09:00','15:24:00',511.43,104,222),(343,'2014-12-09 00:00:00','2014-12-09 00:00:00','11:41:00','13:47:00',449.36,178,123),(344,'2015-04-05 00:00:00','2015-04-05 00:00:00','02:41:00','04:50:00',137.15,42,240),(345,'2014-09-07 00:00:00','2014-09-07 00:00:00','00:32:00','01:51:00',657.71,285,152),(346,'2014-08-04 00:00:00','2014-08-04 00:00:00','09:50:00','12:00:00',414.1,251,137),(347,'2014-08-16 00:00:00','2014-08-16 00:00:00','01:48:00','03:29:00',447.18,35,251),(348,'2014-03-04 00:00:00','2014-03-04 00:00:00','03:09:00','05:21:00',482.32,101,163),(349,'2014-03-15 00:00:00','2014-03-15 00:00:00','06:58:00','08:33:00',794.24,88,120),(350,'2015-05-12 00:00:00','2015-05-12 00:00:00','02:48:00','04:07:00',176.43,294,251),(351,'2015-04-05 00:00:00','2015-04-05 00:00:00','03:01:00','04:24:00',777.09,140,164),(352,'2013-10-02 00:00:00','2013-10-02 00:00:00','00:17:00','01:29:00',129.88,236,185),(353,'2013-09-02 00:00:00','2013-09-02 00:00:00','13:48:00','16:11:00',130.03,228,101),(354,'2013-07-10 00:00:00','2013-07-10 00:00:00','15:51:00','17:54:00',195.58,253,55),(355,'2014-11-03 00:00:00','2014-11-03 00:00:00','07:31:00','09:53:00',428.85,64,23),(356,'2013-09-21 00:00:00','2013-09-21 00:00:00','14:42:00','16:38:00',468.86,32,144),(357,'2013-10-18 00:00:00','2013-10-18 00:00:00','09:22:00','10:54:00',455.31,159,62),(358,'2014-09-19 00:00:00','2014-09-19 00:00:00','16:51:00','18:35:00',579.68,258,213),(359,'2014-07-28 00:00:00','2014-07-28 00:00:00','18:10:00','19:43:00',697.5,82,229),(360,'2013-10-12 00:00:00','2013-10-12 00:00:00','13:49:00','15:20:00',719.2,70,146),(361,'2013-10-04 00:00:00','2013-10-04 00:00:00','01:29:00','03:22:00',546.2,270,67),(362,'2013-08-25 00:00:00','2013-08-25 00:00:00','02:12:00','04:28:00',705.84,4,45),(363,'2015-05-12 00:00:00','2015-05-12 00:00:00','09:21:00','10:59:00',536.01,32,157),(364,'2014-03-06 00:00:00','2014-03-06 00:00:00','10:25:00','12:38:00',341.15,143,244),(365,'2015-04-25 00:00:00','2015-04-25 00:00:00','08:39:00','10:20:00',184.54,118,234),(366,'2013-07-10 00:00:00','2013-07-10 00:00:00','11:54:00','14:12:00',571.95,47,126),(367,'2014-08-03 00:00:00','2014-08-03 00:00:00','01:06:00','02:25:00',661.78,231,105),(368,'2013-11-01 00:00:00','2013-11-01 00:00:00','00:32:00','02:50:00',356.59,254,248),(369,'2014-12-30 00:00:00','2014-12-30 00:00:00','04:22:00','06:27:00',387.34,88,161),(370,'2013-08-16 00:00:00','2013-08-16 00:00:00','14:40:00','16:12:00',501.8,68,172),(371,'2014-08-29 00:00:00','2014-08-29 00:00:00','21:21:00','22:53:00',494,154,84),(372,'2013-10-03 00:00:00','2013-10-03 00:00:00','16:05:00','18:23:00',711.32,239,8),(373,'2014-05-09 00:00:00','2014-05-09 00:00:00','12:24:00','13:47:00',735.68,247,60),(374,'2014-01-23 00:00:00','2014-01-23 00:00:00','12:50:00','14:27:00',782.94,265,241),(375,'2014-05-26 00:00:00','2014-05-26 00:00:00','07:14:00','08:55:00',438.5,250,225),(376,'2014-10-05 00:00:00','2014-10-05 00:00:00','11:18:00','12:56:00',203.63,175,40),(377,'2013-12-19 00:00:00','2013-12-19 00:00:00','13:48:00','15:09:00',667.55,170,36),(378,'2015-06-17 00:00:00','2015-06-17 00:00:00','00:00:00','02:06:00',668.81,127,219),(379,'2015-05-29 00:00:00','2015-05-29 00:00:00','04:14:00','05:43:00',720.78,243,167),(380,'2014-01-27 00:00:00','2014-01-27 00:00:00','06:57:00','08:20:00',787.42,165,66),(381,'2013-10-22 00:00:00','2013-10-22 00:00:00','00:36:00','02:18:00',699.12,172,154),(382,'2014-08-17 00:00:00','2014-08-17 00:00:00','20:27:00','22:24:00',566.12,236,225),(383,'2013-12-05 00:00:00','2013-12-05 00:00:00','14:40:00','16:20:00',423.41,214,117),(384,'2013-12-18 00:00:00','2013-12-18 00:00:00','00:41:00','02:50:00',495.86,125,64),(385,'2015-06-19 00:00:00','2015-06-19 00:00:00','18:27:00','20:11:00',269.63,187,237),(386,'2015-05-18 00:00:00','2015-05-18 00:00:00','18:27:00','19:53:00',611.56,164,216),(387,'2013-12-08 00:00:00','2013-12-08 00:00:00','16:58:00','19:17:00',257.97,46,207),(388,'2014-05-26 00:00:00','2014-05-26 00:00:00','10:05:00','11:34:00',525.44,207,257),(389,'2013-10-31 00:00:00','2013-10-31 00:00:00','18:32:00','20:17:00',794.01,143,28),(390,'2014-11-08 00:00:00','2014-11-08 00:00:00','02:11:00','03:51:00',535.1,299,170),(391,'2015-06-19 00:00:00','2015-06-19 00:00:00','03:34:00','05:22:00',761.43,205,276),(392,'2013-11-20 00:00:00','2013-11-20 00:00:00','10:19:00','11:57:00',103.49,259,253),(393,'2013-10-03 00:00:00','2013-10-03 00:00:00','10:59:00','13:05:00',268.4,219,183),(394,'2014-09-27 00:00:00','2014-09-27 00:00:00','03:10:00','04:46:00',226.32,125,183),(395,'2015-04-22 00:00:00','2015-04-22 00:00:00','02:44:00','04:04:00',495.49,209,234),(396,'2014-11-21 00:00:00','2014-11-21 00:00:00','16:18:00','18:27:00',294.13,119,155),(397,'2014-01-05 00:00:00','2014-01-05 00:00:00','08:47:00','10:19:00',798.59,299,255),(398,'2014-10-09 00:00:00','2014-10-09 00:00:00','06:26:00','08:46:00',764.98,225,187),(399,'2015-03-26 00:00:00','2015-03-26 00:00:00','12:24:00','13:55:00',562.66,51,69),(400,'2015-04-09 00:00:00','2015-04-09 00:00:00','18:46:00','20:25:00',625.11,78,14),(401,'2015-06-22 00:00:00','2015-06-22 00:00:00','09:35:00','10:54:00',354.58,220,193),(402,'2013-11-17 00:00:00','2013-11-17 00:00:00','21:04:00','22:21:00',359.45,13,95),(403,'2015-06-27 00:00:00','2015-06-27 00:00:00','13:03:00','15:04:00',787.42,250,65),(404,'2014-08-13 00:00:00','2014-08-13 00:00:00','14:34:00','15:59:00',301.83,239,101),(405,'2013-08-08 00:00:00','2013-08-08 00:00:00','15:09:00','16:46:00',594.36,72,164),(406,'2013-12-15 00:00:00','2013-12-15 00:00:00','03:19:00','05:36:00',222.65,210,167),(407,'2015-04-06 00:00:00','2015-04-06 00:00:00','14:51:00','16:22:00',201.63,71,172),(408,'2014-08-15 00:00:00','2014-08-15 00:00:00','01:59:00','03:38:00',665.21,38,261),(409,'2014-03-16 00:00:00','2014-03-16 00:00:00','01:02:00','03:11:00',358.82,229,97),(410,'2014-06-23 00:00:00','2014-06-23 00:00:00','09:15:00','11:04:00',472.91,111,32),(411,'2014-05-22 00:00:00','2014-05-22 00:00:00','17:18:00','19:31:00',415.85,302,209),(412,'2014-09-03 00:00:00','2014-09-03 00:00:00','16:48:00','18:44:00',621.76,278,80),(413,'2014-10-31 00:00:00','2014-10-31 00:00:00','06:36:00','08:00:00',790.08,129,205),(414,'2014-02-05 00:00:00','2014-02-05 00:00:00','05:54:00','07:42:00',784.25,194,156),(415,'2014-09-26 00:00:00','2014-09-26 00:00:00','10:34:00','11:53:00',673.71,161,158),(416,'2013-08-02 00:00:00','2013-08-02 00:00:00','09:58:00','11:26:00',438.34,188,241),(417,'2014-08-28 00:00:00','2014-08-28 00:00:00','15:39:00','17:30:00',591.74,158,231),(418,'2014-05-08 00:00:00','2014-05-08 00:00:00','13:44:00','15:56:00',291.01,212,238),(419,'2014-03-23 00:00:00','2014-03-23 00:00:00','02:09:00','03:45:00',540.19,42,244),(420,'2014-10-05 00:00:00','2014-10-05 00:00:00','01:31:00','03:15:00',332.76,79,20),(421,'2014-05-18 00:00:00','2014-05-18 00:00:00','12:32:00','14:26:00',758.95,81,146),(422,'2014-09-17 00:00:00','2014-09-17 00:00:00','15:42:00','17:26:00',258.99,60,8),(423,'2014-08-30 00:00:00','2014-08-30 00:00:00','12:21:00','13:53:00',798.31,233,153),(424,'2014-12-10 00:00:00','2014-12-10 00:00:00','09:33:00','11:38:00',586.16,243,6),(425,'2014-09-05 00:00:00','2014-09-05 00:00:00','01:17:00','03:29:00',102.7,165,79),(426,'2013-07-06 00:00:00','2013-07-06 00:00:00','01:34:00','03:31:00',187.05,223,77),(427,'2013-10-30 00:00:00','2013-10-30 00:00:00','08:28:00','10:40:00',278.14,161,58),(428,'2014-08-08 00:00:00','2014-08-08 00:00:00','07:51:00','10:08:00',311.39,91,129),(429,'2015-02-05 00:00:00','2015-02-05 00:00:00','02:00:00','03:25:00',417.89,269,102),(430,'2014-07-12 00:00:00','2014-07-12 00:00:00','05:34:00','07:00:00',660.23,74,270),(431,'2015-02-28 00:00:00','2015-02-28 00:00:00','10:01:00','12:05:00',171.61,181,190),(432,'2014-07-18 00:00:00','2014-07-18 00:00:00','13:10:00','15:24:00',354.66,25,62),(433,'2014-04-18 00:00:00','2014-04-18 00:00:00','04:42:00','06:28:00',621.52,230,12),(434,'2015-05-16 00:00:00','2015-05-16 00:00:00','16:51:00','18:04:00',132.64,174,40),(435,'2014-06-30 00:00:00','2014-06-30 00:00:00','19:43:00','21:32:00',299.92,254,103),(436,'2014-01-13 00:00:00','2014-01-13 00:00:00','04:59:00','06:41:00',731.54,298,213),(437,'2014-08-15 00:00:00','2014-08-15 00:00:00','13:41:00','15:46:00',188.15,75,245),(438,'2013-09-23 00:00:00','2013-09-23 00:00:00','02:18:00','03:57:00',415.97,149,154),(439,'2015-01-16 00:00:00','2015-01-16 00:00:00','06:31:00','08:01:00',380.39,191,184),(440,'2015-05-23 00:00:00','2015-05-23 00:00:00','08:02:00','09:32:00',296.06,261,59),(441,'2014-06-09 00:00:00','2014-06-09 00:00:00','15:00:00','16:34:00',351.8,261,136),(442,'2014-08-27 00:00:00','2014-08-27 00:00:00','05:07:00','07:31:00',592.73,20,179),(443,'2013-12-13 00:00:00','2013-12-13 00:00:00','12:42:00','13:57:00',184.97,161,50),(444,'2015-01-27 00:00:00','2015-01-27 00:00:00','06:56:00','08:27:00',397.77,119,129),(445,'2014-07-16 00:00:00','2014-07-16 00:00:00','00:07:00','01:28:00',692.58,122,120),(446,'2015-06-14 00:00:00','2015-06-14 00:00:00','13:20:00','15:02:00',549.17,273,4),(447,'2014-09-25 00:00:00','2014-09-25 00:00:00','05:48:00','08:01:00',755.77,69,190),(448,'2013-09-02 00:00:00','2013-09-02 00:00:00','08:10:00','09:46:00',354.79,50,102),(449,'2014-04-26 00:00:00','2014-04-26 00:00:00','02:33:00','04:11:00',162.82,225,72),(450,'2014-10-15 00:00:00','2014-10-15 00:00:00','12:31:00','14:04:00',561.69,46,275),(451,'2015-02-10 00:00:00','2015-02-10 00:00:00','08:30:00','10:12:00',329.49,184,244),(452,'2013-10-26 00:00:00','2013-10-26 00:00:00','05:12:00','06:49:00',152.31,185,166),(453,'2014-02-13 00:00:00','2014-02-13 00:00:00','10:39:00','12:38:00',407.13,268,199),(454,'2014-08-26 00:00:00','2014-08-26 00:00:00','08:09:00','10:09:00',702.15,215,162),(455,'2015-05-03 00:00:00','2015-05-03 00:00:00','18:38:00','20:38:00',615.66,162,197),(456,'2013-12-03 00:00:00','2013-12-03 00:00:00','01:10:00','03:25:00',167.08,120,96),(457,'2014-09-07 00:00:00','2014-09-07 00:00:00','12:41:00','14:25:00',554.73,158,173),(458,'2014-10-23 00:00:00','2014-10-23 00:00:00','09:15:00','10:47:00',680.61,167,274),(459,'2013-08-07 00:00:00','2013-08-07 00:00:00','00:27:00','02:26:00',535.61,274,182),(460,'2013-09-11 00:00:00','2013-09-11 00:00:00','04:15:00','05:54:00',465.61,6,36),(461,'2015-05-18 00:00:00','2015-05-18 00:00:00','09:10:00','10:27:00',565.06,168,199),(462,'2015-01-07 00:00:00','2015-01-07 00:00:00','00:26:00','02:11:00',420.45,281,249),(463,'2014-10-31 00:00:00','2014-10-31 00:00:00','05:44:00','07:33:00',727.2,254,136),(464,'2014-10-17 00:00:00','2014-10-17 00:00:00','17:59:00','20:01:00',164.09,119,60),(465,'2013-10-09 00:00:00','2013-10-09 00:00:00','16:11:00','17:56:00',435.94,185,275),(466,'2013-09-08 00:00:00','2013-09-08 00:00:00','08:41:00','10:38:00',401.82,107,147),(467,'2013-11-22 00:00:00','2013-11-22 00:00:00','00:02:00','01:40:00',228.15,103,272),(468,'2014-10-15 00:00:00','2014-10-15 00:00:00','02:26:00','04:42:00',504.19,3,209),(469,'2014-09-07 00:00:00','2014-09-07 00:00:00','12:31:00','14:44:00',711.75,164,60),(470,'2014-09-26 00:00:00','2014-09-26 00:00:00','10:23:00','12:46:00',165.88,284,82),(471,'2014-08-05 00:00:00','2014-08-05 00:00:00','15:29:00','16:43:00',336.62,168,41),(472,'2015-05-03 00:00:00','2015-05-03 00:00:00','14:29:00','15:46:00',182.99,49,46),(473,'2013-07-10 00:00:00','2013-07-10 00:00:00','02:11:00','03:58:00',382.17,261,173),(474,'2014-03-13 00:00:00','2014-03-13 00:00:00','01:06:00','03:06:00',499.7,74,210),(475,'2014-10-25 00:00:00','2014-10-25 00:00:00','09:50:00','11:21:00',644.67,51,214),(476,'2015-01-09 00:00:00','2015-01-09 00:00:00','01:16:00','02:46:00',581.42,125,41),(477,'2014-03-11 00:00:00','2014-03-11 00:00:00','05:54:00','07:56:00',630.25,56,65),(478,'2013-08-07 00:00:00','2013-08-07 00:00:00','10:20:00','12:02:00',305.6,8,257),(479,'2014-10-12 00:00:00','2014-10-12 00:00:00','15:35:00','17:54:00',638.82,147,223),(480,'2015-05-12 00:00:00','2015-05-12 00:00:00','17:00:00','19:16:00',601.32,117,18),(481,'2013-11-23 00:00:00','2013-11-23 00:00:00','08:56:00','10:56:00',336.3,236,28),(482,'2013-12-28 00:00:00','2013-12-28 00:00:00','11:58:00','14:15:00',544.87,116,58),(483,'2013-10-12 00:00:00','2013-10-12 00:00:00','12:27:00','14:35:00',456.13,53,269),(484,'2014-03-03 00:00:00','2014-03-03 00:00:00','12:23:00','13:50:00',654.94,29,70),(485,'2015-03-19 00:00:00','2015-03-19 00:00:00','00:56:00','02:31:00',464.81,84,109),(486,'2013-08-03 00:00:00','2013-08-03 00:00:00','02:42:00','04:21:00',179.48,25,43),(487,'2015-06-06 00:00:00','2015-06-06 00:00:00','20:59:00','23:07:00',294.82,64,171),(488,'2014-10-07 00:00:00','2014-10-07 00:00:00','09:47:00','11:12:00',731.34,252,213),(489,'2015-04-20 00:00:00','2015-04-20 00:00:00','15:41:00','17:29:00',571.98,246,270),(490,'2013-08-06 00:00:00','2013-08-06 00:00:00','08:02:00','09:21:00',685,36,130),(491,'2015-04-09 00:00:00','2015-04-09 00:00:00','01:34:00','03:39:00',375.8,180,31),(492,'2014-04-07 00:00:00','2014-04-07 00:00:00','10:54:00','12:22:00',452.66,148,38),(493,'2015-05-24 00:00:00','2015-05-24 00:00:00','16:01:00','17:48:00',278.63,81,77),(494,'2013-11-07 00:00:00','2013-11-07 00:00:00','06:28:00','08:13:00',133.49,96,278),(495,'2014-10-14 00:00:00','2014-10-14 00:00:00','10:22:00','11:46:00',452.11,214,95),(496,'2014-05-31 00:00:00','2014-05-31 00:00:00','14:01:00','15:23:00',132.21,187,82),(497,'2014-05-13 00:00:00','2014-05-13 00:00:00','17:49:00','19:34:00',267.88,302,262),(498,'2013-10-22 00:00:00','2013-10-22 00:00:00','17:36:00','18:54:00',754.36,50,140),(499,'2014-10-10 00:00:00','2014-10-10 00:00:00','05:40:00','07:02:00',334.94,130,58),(500,'2013-12-12 00:00:00','2013-12-12 00:00:00','03:03:00','04:48:00',658.51,166,78),(501,'2015-01-26 00:00:00','2015-01-26 00:00:00','17:46:00','19:51:00',460.77,222,159),(502,'2014-08-04 00:00:00','2014-08-04 00:00:00','15:42:00','17:39:00',672.96,269,277),(503,'2014-05-29 00:00:00','2014-05-29 00:00:00','01:44:00','03:41:00',320.67,33,75),(504,'2015-05-18 00:00:00','2015-05-18 00:00:00','01:33:00','03:41:00',706.74,257,252),(505,'2014-06-29 00:00:00','2014-06-29 00:00:00','13:41:00','15:39:00',677.48,79,12),(506,'2014-08-08 00:00:00','2014-08-08 00:00:00','16:47:00','18:09:00',250.84,218,54),(507,'2015-06-13 00:00:00','2015-06-13 00:00:00','05:02:00','06:54:00',318.72,256,118),(508,'2014-12-19 00:00:00','2014-12-19 00:00:00','02:53:00','04:24:00',725.38,133,241),(509,'2015-06-25 00:00:00','2015-06-25 00:00:00','04:02:00','05:17:00',701.19,34,248),(510,'2014-12-24 00:00:00','2014-12-24 00:00:00','00:32:00','02:05:00',151.55,230,259),(511,'2014-12-10 00:00:00','2014-12-10 00:00:00','03:37:00','05:53:00',455.01,190,256),(512,'2013-10-10 00:00:00','2013-10-10 00:00:00','01:14:00','02:46:00',517.49,42,8),(513,'2014-02-22 00:00:00','2014-02-22 00:00:00','10:48:00','12:06:00',674.36,70,24),(514,'2014-07-04 00:00:00','2014-07-04 00:00:00','08:41:00','10:57:00',663.28,99,220),(515,'2015-01-28 00:00:00','2015-01-28 00:00:00','01:41:00','03:49:00',725.95,242,68),(516,'2014-11-06 00:00:00','2014-11-06 00:00:00','14:35:00','15:56:00',753.6,91,84),(517,'2015-04-15 00:00:00','2015-04-15 00:00:00','17:25:00','19:46:00',389.16,108,240),(518,'2014-04-02 00:00:00','2014-04-02 00:00:00','19:15:00','20:30:00',390.06,249,174),(519,'2015-02-17 00:00:00','2015-02-17 00:00:00','07:00:00','08:41:00',668.7,238,53),(520,'2014-01-13 00:00:00','2014-01-13 00:00:00','11:51:00','13:40:00',671.53,211,217),(521,'2014-04-08 00:00:00','2014-04-08 00:00:00','17:18:00','19:29:00',426.25,60,258),(522,'2014-05-25 00:00:00','2014-05-25 00:00:00','08:01:00','09:57:00',493.03,82,146),(523,'2013-07-10 00:00:00','2013-07-10 00:00:00','13:32:00','14:49:00',529.98,160,98),(524,'2015-05-21 00:00:00','2015-05-21 00:00:00','03:54:00','05:18:00',392.29,102,235),(525,'2014-03-28 00:00:00','2014-03-28 00:00:00','04:11:00','06:32:00',408.16,42,266),(526,'2014-12-25 00:00:00','2014-12-25 00:00:00','02:06:00','03:39:00',736.12,249,209),(527,'2014-12-10 00:00:00','2014-12-10 00:00:00','00:56:00','02:14:00',555.12,283,151),(528,'2014-05-24 00:00:00','2014-05-24 00:00:00','11:59:00','14:15:00',443.61,300,11),(529,'2014-03-13 00:00:00','2014-03-13 00:00:00','14:21:00','15:46:00',145.69,262,138),(530,'2013-07-04 00:00:00','2013-07-04 00:00:00','01:30:00','03:38:00',501.22,145,119),(531,'2014-10-03 00:00:00','2014-10-03 00:00:00','00:22:00','01:42:00',513.3,119,206),(532,'2015-05-09 00:00:00','2015-05-09 00:00:00','12:26:00','14:45:00',346.59,254,160),(533,'2014-07-09 00:00:00','2014-07-09 00:00:00','21:07:00','22:38:00',451.49,25,15),(534,'2015-02-08 00:00:00','2015-02-08 00:00:00','01:58:00','04:09:00',317.18,9,131),(535,'2014-05-07 00:00:00','2014-05-07 00:00:00','08:38:00','10:55:00',322.52,42,15),(536,'2014-11-20 00:00:00','2014-11-20 00:00:00','20:57:00','23:04:00',677.2,104,144),(537,'2014-04-26 00:00:00','2014-04-26 00:00:00','00:32:00','01:55:00',530.93,163,65),(538,'2015-02-28 00:00:00','2015-02-28 00:00:00','00:11:00','02:20:00',770.29,25,131),(539,'2014-10-20 00:00:00','2014-10-20 00:00:00','04:20:00','05:42:00',579.93,161,92),(540,'2013-12-16 00:00:00','2013-12-16 00:00:00','13:29:00','15:45:00',107.46,151,105),(541,'2013-12-04 00:00:00','2013-12-04 00:00:00','15:44:00','17:36:00',771.76,78,43),(542,'2014-05-04 00:00:00','2014-05-04 00:00:00','17:02:00','18:17:00',261.09,110,160),(543,'2015-01-12 00:00:00','2015-01-12 00:00:00','11:01:00','12:49:00',327.54,143,238),(544,'2013-10-09 00:00:00','2013-10-09 00:00:00','12:26:00','14:41:00',355.4,262,277),(545,'2014-01-17 00:00:00','2014-01-17 00:00:00','14:55:00','16:11:00',777.5,181,184),(546,'2014-08-28 00:00:00','2014-08-28 00:00:00','21:06:00','23:03:00',234.35,226,165),(547,'2015-03-11 00:00:00','2015-03-11 00:00:00','20:58:00','22:46:00',747.17,17,61),(548,'2014-11-07 00:00:00','2014-11-07 00:00:00','05:26:00','07:28:00',530.8,252,96),(549,'2013-11-23 00:00:00','2013-11-23 00:00:00','18:48:00','20:35:00',717.21,55,59),(550,'2014-06-25 00:00:00','2014-06-25 00:00:00','18:51:00','21:04:00',726.63,150,27),(551,'2014-04-26 00:00:00','2014-04-26 00:00:00','19:02:00','21:19:00',459.13,127,22),(552,'2015-04-07 00:00:00','2015-04-07 00:00:00','12:06:00','14:20:00',696.55,201,220),(553,'2014-10-31 00:00:00','2014-10-31 00:00:00','21:11:00','23:12:00',526.96,98,12),(554,'2014-12-07 00:00:00','2014-12-07 00:00:00','11:13:00','12:30:00',413.47,248,157),(555,'2014-01-31 00:00:00','2014-01-31 00:00:00','16:06:00','17:57:00',555.88,5,271),(556,'2014-06-25 00:00:00','2014-06-25 00:00:00','03:38:00','05:20:00',167.52,154,162),(557,'2015-01-30 00:00:00','2015-01-30 00:00:00','09:26:00','11:18:00',307.04,44,116),(558,'2013-08-19 00:00:00','2013-08-19 00:00:00','04:24:00','06:11:00',669.59,127,157),(559,'2014-05-21 00:00:00','2014-05-21 00:00:00','10:12:00','12:03:00',580.81,19,85),(560,'2014-01-30 00:00:00','2014-01-30 00:00:00','06:19:00','08:00:00',136.52,85,229),(561,'2013-11-04 00:00:00','2013-11-04 00:00:00','04:28:00','06:49:00',793.08,270,211),(562,'2015-04-08 00:00:00','2015-04-08 00:00:00','02:23:00','04:14:00',269.44,260,163),(563,'2015-01-29 00:00:00','2015-01-29 00:00:00','01:18:00','02:34:00',304.63,88,76),(564,'2013-10-23 00:00:00','2013-10-23 00:00:00','04:35:00','06:48:00',729.76,239,173),(565,'2015-04-06 00:00:00','2015-04-06 00:00:00','08:36:00','10:49:00',575.8,165,71),(566,'2014-11-02 00:00:00','2014-11-02 00:00:00','20:55:00','22:28:00',147.17,226,123),(567,'2014-03-25 00:00:00','2014-03-25 00:00:00','17:29:00','18:46:00',198.7,98,260),(568,'2013-10-24 00:00:00','2013-10-24 00:00:00','08:07:00','09:55:00',163.23,79,11),(569,'2014-04-12 00:00:00','2014-04-12 00:00:00','01:13:00','03:12:00',407.39,147,236),(570,'2014-11-30 00:00:00','2014-11-30 00:00:00','20:48:00','22:18:00',709.85,72,200),(571,'2015-05-03 00:00:00','2015-05-03 00:00:00','03:53:00','06:13:00',354.26,254,40),(572,'2014-03-17 00:00:00','2014-03-17 00:00:00','01:35:00','03:20:00',596.66,138,221),(573,'2015-03-02 00:00:00','2015-03-02 00:00:00','14:49:00','16:04:00',354.97,191,138),(574,'2014-02-03 00:00:00','2014-02-03 00:00:00','14:04:00','16:00:00',324.11,180,117),(575,'2014-03-04 00:00:00','2014-03-04 00:00:00','13:22:00','14:53:00',398.73,159,123),(576,'2015-05-01 00:00:00','2015-05-01 00:00:00','01:32:00','02:49:00',695.7,237,86),(577,'2015-01-25 00:00:00','2015-01-25 00:00:00','03:30:00','04:51:00',657.02,207,40),(578,'2014-11-05 00:00:00','2014-11-05 00:00:00','08:08:00','10:25:00',302.94,123,247),(579,'2013-08-07 00:00:00','2013-08-07 00:00:00','11:46:00','14:03:00',327.3,49,12),(580,'2014-09-01 00:00:00','2014-09-01 00:00:00','17:42:00','19:40:00',247.33,218,122),(581,'2013-07-12 00:00:00','2013-07-12 00:00:00','19:30:00','20:58:00',490.19,215,260),(582,'2015-04-23 00:00:00','2015-04-23 00:00:00','03:41:00','05:46:00',592.81,241,38),(583,'2015-05-08 00:00:00','2015-05-08 00:00:00','01:17:00','03:00:00',299.88,165,235),(584,'2014-11-14 00:00:00','2014-11-14 00:00:00','20:32:00','22:40:00',750,25,48),(585,'2015-03-22 00:00:00','2015-03-22 00:00:00','21:35:00','22:57:00',660.68,118,96),(586,'2013-07-11 00:00:00','2013-07-11 00:00:00','20:04:00','22:01:00',311.9,257,140),(587,'2014-04-28 00:00:00','2014-04-28 00:00:00','05:22:00','07:38:00',758.13,249,7),(588,'2014-04-27 00:00:00','2014-04-27 00:00:00','18:54:00','21:16:00',274.15,86,24),(589,'2014-04-03 00:00:00','2014-04-03 00:00:00','14:44:00','16:28:00',530.2,113,207),(590,'2015-02-18 00:00:00','2015-02-18 00:00:00','05:33:00','07:10:00',776.73,157,111),(591,'2014-10-13 00:00:00','2014-10-13 00:00:00','14:30:00','16:46:00',248.35,281,46),(592,'2014-12-25 00:00:00','2014-12-25 00:00:00','16:11:00','17:45:00',204.49,112,19),(593,'2013-11-28 00:00:00','2013-11-28 00:00:00','03:31:00','05:21:00',497.99,238,205),(594,'2013-12-24 00:00:00','2013-12-24 00:00:00','14:18:00','15:36:00',467.04,190,45),(595,'2015-04-06 00:00:00','2015-04-06 00:00:00','20:12:00','22:34:00',696.99,293,186),(596,'2015-05-18 00:00:00','2015-05-18 00:00:00','08:41:00','10:21:00',511.09,280,56),(597,'2014-01-04 00:00:00','2014-01-04 00:00:00','18:48:00','20:25:00',181.97,97,77),(598,'2014-09-05 00:00:00','2014-09-05 00:00:00','13:51:00','15:33:00',696.8,21,156),(599,'2014-11-17 00:00:00','2014-11-17 00:00:00','03:49:00','05:32:00',254.66,257,135),(600,'2015-02-21 00:00:00','2015-02-21 00:00:00','09:51:00','11:23:00',154.77,1,53),(601,'2014-05-20 00:00:00','2014-05-20 00:00:00','07:49:00','09:38:00',745.14,241,213),(602,'2014-08-13 00:00:00','2014-08-13 00:00:00','10:11:00','11:39:00',333.2,185,251),(603,'2015-01-16 00:00:00','2015-01-16 00:00:00','12:25:00','14:34:00',545.13,291,20),(604,'2013-07-10 00:00:00','2013-07-10 00:00:00','00:34:00','02:37:00',291.06,171,175),(605,'2015-03-04 00:00:00','2015-03-04 00:00:00','16:13:00','18:05:00',285.95,12,168),(606,'2014-02-05 00:00:00','2014-02-05 00:00:00','18:40:00','20:55:00',628.91,296,245),(607,'2015-01-06 00:00:00','2015-01-06 00:00:00','21:01:00','22:39:00',425.06,88,230),(608,'2013-12-02 00:00:00','2013-12-02 00:00:00','01:47:00','03:51:00',635.69,144,112),(609,'2014-06-20 00:00:00','2014-06-20 00:00:00','01:23:00','03:17:00',246.99,270,85),(610,'2014-12-13 00:00:00','2014-12-13 00:00:00','17:31:00','19:48:00',644.13,299,161),(611,'2015-03-15 00:00:00','2015-03-15 00:00:00','13:50:00','16:02:00',112.69,257,175),(612,'2014-01-09 00:00:00','2014-01-09 00:00:00','10:41:00','12:14:00',527.17,283,191),(613,'2014-08-05 00:00:00','2014-08-05 00:00:00','02:39:00','04:22:00',586.34,33,148),(614,'2014-03-14 00:00:00','2014-03-14 00:00:00','09:48:00','12:09:00',124.46,284,54),(615,'2015-01-15 00:00:00','2015-01-15 00:00:00','12:07:00','14:01:00',280.3,182,15),(616,'2013-12-14 00:00:00','2013-12-14 00:00:00','14:46:00','16:01:00',782.79,203,83),(617,'2014-08-18 00:00:00','2014-08-18 00:00:00','20:03:00','22:08:00',271.71,108,187),(618,'2014-05-17 00:00:00','2014-05-17 00:00:00','00:35:00','02:31:00',206.67,41,273),(619,'2014-08-11 00:00:00','2014-08-11 00:00:00','15:45:00','18:06:00',383.16,281,84),(620,'2013-08-22 00:00:00','2013-08-22 00:00:00','15:54:00','17:19:00',114.6,23,110),(621,'2014-07-08 00:00:00','2014-07-08 00:00:00','12:47:00','14:57:00',691.62,112,60),(622,'2014-01-29 00:00:00','2014-01-29 00:00:00','06:56:00','08:47:00',224.21,21,191),(623,'2015-04-28 00:00:00','2015-04-28 00:00:00','09:52:00','11:47:00',202.62,118,72),(624,'2015-03-04 00:00:00','2015-03-04 00:00:00','20:57:00','23:19:00',633.7,37,152),(625,'2013-11-26 00:00:00','2013-11-26 00:00:00','18:55:00','20:09:00',183.41,155,262),(626,'2013-10-21 00:00:00','2013-10-21 00:00:00','13:25:00','15:19:00',413.59,186,236),(627,'2014-06-18 00:00:00','2014-06-18 00:00:00','16:15:00','18:31:00',256.66,31,162),(628,'2013-07-15 00:00:00','2013-07-15 00:00:00','02:21:00','04:28:00',419.64,27,201),(629,'2014-03-22 00:00:00','2014-03-22 00:00:00','19:16:00','20:38:00',182.36,161,3),(630,'2015-05-29 00:00:00','2015-05-29 00:00:00','13:17:00','15:17:00',746.35,96,14),(631,'2014-05-15 00:00:00','2014-05-15 00:00:00','08:54:00','10:53:00',495.86,205,65),(632,'2013-12-05 00:00:00','2013-12-05 00:00:00','12:41:00','14:39:00',116.64,170,109),(633,'2015-05-12 00:00:00','2015-05-12 00:00:00','13:52:00','15:41:00',460.88,87,29),(634,'2015-05-20 00:00:00','2015-05-20 00:00:00','17:16:00','18:44:00',770.1,287,53),(635,'2014-05-18 00:00:00','2014-05-18 00:00:00','18:31:00','20:21:00',372.76,293,277),(636,'2015-02-27 00:00:00','2015-02-27 00:00:00','00:29:00','02:30:00',503.83,31,160),(637,'2014-04-03 00:00:00','2014-04-03 00:00:00','08:45:00','11:04:00',359.44,157,43),(638,'2014-04-18 00:00:00','2014-04-18 00:00:00','00:09:00','01:37:00',496.02,32,13),(639,'2015-01-26 00:00:00','2015-01-26 00:00:00','04:57:00','06:43:00',369.28,208,177),(640,'2014-07-29 00:00:00','2014-07-29 00:00:00','02:17:00','03:44:00',375.63,188,271),(641,'2014-12-06 00:00:00','2014-12-06 00:00:00','15:03:00','16:24:00',352.1,252,172),(642,'2014-12-02 00:00:00','2014-12-02 00:00:00','02:56:00','04:22:00',652.79,139,237),(643,'2014-02-26 00:00:00','2014-02-26 00:00:00','10:35:00','12:03:00',506.21,159,19),(644,'2014-07-25 00:00:00','2014-07-25 00:00:00','01:22:00','03:12:00',191.7,224,153),(645,'2014-08-26 00:00:00','2014-08-26 00:00:00','00:39:00','01:52:00',144.07,162,266),(646,'2014-12-16 00:00:00','2014-12-16 00:00:00','09:14:00','11:09:00',172.99,38,118),(647,'2014-08-11 00:00:00','2014-08-11 00:00:00','14:20:00','15:56:00',441.87,141,45),(648,'2013-11-24 00:00:00','2013-11-24 00:00:00','00:20:00','01:38:00',460.26,232,268),(649,'2014-05-02 00:00:00','2014-05-02 00:00:00','12:14:00','14:06:00',172.67,298,203),(650,'2014-01-12 00:00:00','2014-01-12 00:00:00','09:19:00','11:09:00',524.99,196,153),(651,'2014-12-15 00:00:00','2014-12-15 00:00:00','21:33:00','23:50:00',404.2,16,62),(652,'2014-11-21 00:00:00','2014-11-21 00:00:00','07:50:00','10:07:00',538.01,286,173),(653,'2013-07-20 00:00:00','2013-07-20 00:00:00','13:06:00','15:19:00',550.33,19,181),(654,'2014-01-18 00:00:00','2014-01-18 00:00:00','12:15:00','14:30:00',453.66,232,167),(655,'2014-04-20 00:00:00','2014-04-20 00:00:00','01:22:00','03:44:00',793.28,291,252),(656,'2013-12-02 00:00:00','2013-12-02 00:00:00','19:03:00','20:48:00',238.82,225,211),(657,'2013-11-10 00:00:00','2013-11-10 00:00:00','03:07:00','04:37:00',367.7,31,228),(658,'2015-02-23 00:00:00','2015-02-23 00:00:00','00:18:00','01:39:00',179.01,54,91),(659,'2014-09-14 00:00:00','2014-09-14 00:00:00','16:28:00','18:02:00',251.43,275,256),(660,'2014-06-13 00:00:00','2014-06-13 00:00:00','12:54:00','14:35:00',638.61,210,222),(661,'2014-07-21 00:00:00','2014-07-21 00:00:00','12:37:00','14:58:00',129.7,191,214),(662,'2015-04-16 00:00:00','2015-04-16 00:00:00','12:16:00','13:41:00',657.89,125,219),(663,'2014-09-02 00:00:00','2014-09-02 00:00:00','20:51:00','22:16:00',479.25,297,69),(664,'2013-11-14 00:00:00','2013-11-14 00:00:00','09:14:00','10:53:00',155.19,221,47),(665,'2014-06-02 00:00:00','2014-06-02 00:00:00','02:43:00','03:56:00',655.13,292,180),(666,'2014-10-31 00:00:00','2014-10-31 00:00:00','08:23:00','10:24:00',293.32,256,13),(667,'2014-11-07 00:00:00','2014-11-07 00:00:00','04:42:00','06:34:00',520.24,87,173),(668,'2014-06-28 00:00:00','2014-06-28 00:00:00','11:43:00','12:56:00',658.68,300,263),(669,'2014-04-07 00:00:00','2014-04-07 00:00:00','15:46:00','17:55:00',721.75,132,32),(670,'2013-07-16 00:00:00','2013-07-16 00:00:00','17:33:00','18:56:00',447.05,44,59),(671,'2014-07-30 00:00:00','2014-07-30 00:00:00','16:31:00','17:55:00',265.41,252,164),(672,'2015-05-26 00:00:00','2015-05-26 00:00:00','16:34:00','18:04:00',170.97,154,79),(673,'2015-03-19 00:00:00','2015-03-19 00:00:00','06:28:00','08:37:00',583,302,61),(674,'2014-08-12 00:00:00','2014-08-12 00:00:00','06:25:00','08:04:00',320.91,85,183),(675,'2013-08-01 00:00:00','2013-08-01 00:00:00','09:11:00','11:30:00',672.94,196,204),(676,'2015-06-26 00:00:00','2015-06-26 00:00:00','19:40:00','21:28:00',614.75,173,215),(677,'2014-12-06 00:00:00','2014-12-06 00:00:00','02:03:00','03:26:00',485.83,194,60),(678,'2014-02-28 00:00:00','2014-02-28 00:00:00','07:05:00','09:21:00',187.81,253,60),(679,'2013-09-26 00:00:00','2013-09-26 00:00:00','00:42:00','02:14:00',666.17,211,184),(680,'2013-12-17 00:00:00','2013-12-17 00:00:00','18:13:00','19:53:00',594.54,143,131),(681,'2014-03-28 00:00:00','2014-03-28 00:00:00','20:58:00','23:03:00',368.32,45,229),(682,'2014-02-09 00:00:00','2014-02-09 00:00:00','19:07:00','20:56:00',665.37,39,279),(683,'2014-04-03 00:00:00','2014-04-03 00:00:00','01:49:00','03:19:00',308.82,248,82),(684,'2014-01-16 00:00:00','2014-01-16 00:00:00','10:15:00','11:49:00',207.06,98,236),(685,'2015-02-04 00:00:00','2015-02-04 00:00:00','07:27:00','09:28:00',648.41,249,273),(686,'2015-04-17 00:00:00','2015-04-17 00:00:00','04:35:00','05:47:00',666.09,232,210),(687,'2013-08-18 00:00:00','2013-08-18 00:00:00','16:20:00','17:32:00',447.44,19,153),(688,'2015-06-07 00:00:00','2015-06-07 00:00:00','01:11:00','03:09:00',369.97,238,178),(689,'2014-04-22 00:00:00','2014-04-22 00:00:00','15:40:00','16:53:00',387.96,44,221),(690,'2013-10-16 00:00:00','2013-10-16 00:00:00','15:06:00','17:01:00',284.49,230,64),(691,'2013-10-27 00:00:00','2013-10-27 00:00:00','10:36:00','12:51:00',186.55,300,44),(692,'2015-05-03 00:00:00','2015-05-03 00:00:00','06:08:00','07:29:00',365.92,274,268),(693,'2013-08-25 00:00:00','2013-08-25 00:00:00','14:06:00','15:39:00',299.39,73,121),(694,'2015-05-20 00:00:00','2015-05-20 00:00:00','11:41:00','13:56:00',287.07,82,214),(695,'2014-04-24 00:00:00','2014-04-24 00:00:00','02:25:00','04:26:00',325.11,230,181),(696,'2015-06-09 00:00:00','2015-06-09 00:00:00','01:34:00','03:35:00',457.85,205,29),(697,'2013-11-17 00:00:00','2013-11-17 00:00:00','06:17:00','08:32:00',546.7,169,15),(698,'2014-09-16 00:00:00','2014-09-16 00:00:00','14:48:00','16:14:00',179.83,58,274),(699,'2014-05-29 00:00:00','2014-05-29 00:00:00','02:47:00','04:16:00',606.98,124,4),(700,'2014-02-07 00:00:00','2014-02-07 00:00:00','20:56:00','22:19:00',798.63,140,50),(701,'2015-05-18 00:00:00','2015-05-18 00:00:00','05:59:00','07:38:00',186.42,202,203),(702,'2013-08-23 00:00:00','2013-08-23 00:00:00','08:13:00','09:27:00',506.62,40,211),(703,'2013-08-17 00:00:00','2013-08-17 00:00:00','12:17:00','13:52:00',261.76,174,61),(704,'2014-12-19 00:00:00','2014-12-19 00:00:00','20:28:00','22:01:00',421.49,229,107),(705,'2015-05-23 00:00:00','2015-05-23 00:00:00','00:40:00','02:17:00',688.47,198,265),(706,'2014-12-24 00:00:00','2014-12-24 00:00:00','01:46:00','04:00:00',484.51,123,254),(707,'2015-01-22 00:00:00','2015-01-22 00:00:00','09:56:00','11:15:00',554.09,174,190),(708,'2015-01-31 00:00:00','2015-01-31 00:00:00','04:32:00','05:54:00',161.55,115,69),(709,'2014-08-21 00:00:00','2014-08-21 00:00:00','14:44:00','16:35:00',143.85,262,69),(710,'2014-11-28 00:00:00','2014-11-28 00:00:00','14:35:00','16:40:00',638.24,149,117),(711,'2014-12-20 00:00:00','2014-12-20 00:00:00','08:52:00','10:24:00',600.52,99,88),(712,'2014-07-02 00:00:00','2014-07-02 00:00:00','16:21:00','18:38:00',619.31,71,242),(713,'2014-09-01 00:00:00','2014-09-01 00:00:00','08:50:00','10:30:00',243.51,224,6),(714,'2014-04-06 00:00:00','2014-04-06 00:00:00','05:03:00','06:51:00',127.09,286,7),(715,'2015-03-22 00:00:00','2015-03-22 00:00:00','04:20:00','06:34:00',457.92,60,142),(716,'2014-10-29 00:00:00','2014-10-29 00:00:00','17:57:00','19:16:00',183.9,186,255),(717,'2014-11-01 00:00:00','2014-11-01 00:00:00','12:04:00','13:58:00',326,189,213),(718,'2014-02-21 00:00:00','2014-02-21 00:00:00','00:44:00','03:05:00',659.53,274,136),(719,'2014-11-21 00:00:00','2014-11-21 00:00:00','19:30:00','20:46:00',580.26,164,234),(720,'2015-05-30 00:00:00','2015-05-30 00:00:00','06:44:00','09:04:00',245.43,58,47),(721,'2015-02-08 00:00:00','2015-02-08 00:00:00','07:53:00','09:37:00',343.4,8,219),(722,'2013-10-14 00:00:00','2013-10-14 00:00:00','20:01:00','21:35:00',757.43,48,179),(723,'2014-11-02 00:00:00','2014-11-02 00:00:00','18:53:00','20:17:00',180.25,185,242),(724,'2014-09-12 00:00:00','2014-09-12 00:00:00','13:40:00','15:04:00',327.28,167,76),(725,'2015-06-18 00:00:00','2015-06-18 00:00:00','14:17:00','15:57:00',124.71,268,65),(726,'2014-10-03 00:00:00','2014-10-03 00:00:00','00:39:00','02:25:00',607.06,86,27),(727,'2014-01-01 00:00:00','2014-01-01 00:00:00','02:00:00','03:27:00',136.33,45,125),(728,'2014-06-08 00:00:00','2014-06-08 00:00:00','00:05:00','01:35:00',412.68,37,69),(729,'2013-07-30 00:00:00','2013-07-30 00:00:00','02:24:00','03:42:00',295.65,76,80),(730,'2014-04-28 00:00:00','2014-04-28 00:00:00','04:46:00','06:59:00',312.1,195,200),(731,'2013-07-03 00:00:00','2013-07-03 00:00:00','14:57:00','16:22:00',750.73,30,160),(732,'2015-01-24 00:00:00','2015-01-24 00:00:00','21:10:00','22:43:00',101,68,151),(733,'2013-10-19 00:00:00','2013-10-19 00:00:00','18:23:00','20:28:00',502.94,46,236),(734,'2014-06-01 00:00:00','2014-06-01 00:00:00','00:47:00','02:38:00',393.78,53,129),(735,'2013-08-23 00:00:00','2013-08-23 00:00:00','12:44:00','14:03:00',385.39,290,123),(736,'2014-01-08 00:00:00','2014-01-08 00:00:00','00:58:00','03:16:00',739.63,34,152),(737,'2015-06-13 00:00:00','2015-06-13 00:00:00','20:22:00','22:40:00',344.46,205,5),(738,'2014-06-22 00:00:00','2014-06-22 00:00:00','04:58:00','06:29:00',398.82,265,98),(739,'2014-09-07 00:00:00','2014-09-07 00:00:00','05:03:00','06:37:00',424.11,119,37),(740,'2014-03-12 00:00:00','2014-03-12 00:00:00','04:29:00','06:19:00',632.98,190,155),(741,'2015-02-03 00:00:00','2015-02-03 00:00:00','02:47:00','05:02:00',192.5,255,274),(742,'2014-07-24 00:00:00','2014-07-24 00:00:00','03:11:00','05:07:00',425.5,239,252),(743,'2013-11-19 00:00:00','2013-11-19 00:00:00','01:13:00','03:27:00',309.06,166,51),(744,'2015-06-23 00:00:00','2015-06-23 00:00:00','16:13:00','18:33:00',543.15,65,2),(745,'2013-07-19 00:00:00','2013-07-19 00:00:00','15:57:00','18:10:00',255.27,165,32),(746,'2014-10-09 00:00:00','2014-10-09 00:00:00','20:34:00','22:37:00',106.91,46,41),(747,'2014-08-21 00:00:00','2014-08-21 00:00:00','00:00:00','01:42:00',295.58,19,36),(748,'2014-07-30 00:00:00','2014-07-30 00:00:00','02:15:00','04:21:00',509.03,98,98),(749,'2013-09-03 00:00:00','2013-09-03 00:00:00','20:32:00','22:15:00',547.03,162,216),(750,'2014-04-05 00:00:00','2014-04-05 00:00:00','14:43:00','16:28:00',777.6,65,221),(751,'2015-02-26 00:00:00','2015-02-26 00:00:00','20:46:00','22:08:00',597.42,54,188),(752,'2015-02-02 00:00:00','2015-02-02 00:00:00','20:20:00','22:25:00',373.8,131,205),(753,'2014-02-01 00:00:00','2014-02-01 00:00:00','08:08:00','10:12:00',513.31,10,83),(754,'2013-11-18 00:00:00','2013-11-18 00:00:00','04:07:00','05:35:00',505.51,296,177),(755,'2013-12-25 00:00:00','2013-12-25 00:00:00','21:13:00','22:39:00',678.26,208,226),(756,'2014-09-26 00:00:00','2014-09-26 00:00:00','10:44:00','12:05:00',503.64,173,5),(757,'2014-06-08 00:00:00','2014-06-08 00:00:00','06:02:00','08:25:00',390.62,24,185),(758,'2015-03-16 00:00:00','2015-03-16 00:00:00','02:34:00','04:50:00',277.39,256,163),(759,'2015-06-20 00:00:00','2015-06-20 00:00:00','10:49:00','12:28:00',722.21,28,163),(760,'2014-12-25 00:00:00','2014-12-25 00:00:00','07:55:00','10:13:00',760.92,212,29),(761,'2014-05-22 00:00:00','2014-05-22 00:00:00','11:15:00','13:32:00',370.31,211,61),(762,'2014-04-11 00:00:00','2014-04-11 00:00:00','11:56:00','13:52:00',591.74,244,110),(763,'2014-05-20 00:00:00','2014-05-20 00:00:00','13:41:00','16:00:00',357.54,33,4),(764,'2013-07-11 00:00:00','2013-07-11 00:00:00','20:18:00','22:11:00',129.6,187,57),(765,'2015-06-02 00:00:00','2015-06-02 00:00:00','19:13:00','20:36:00',715.5,83,209),(766,'2015-03-19 00:00:00','2015-03-19 00:00:00','07:06:00','08:38:00',129.61,236,85),(767,'2015-01-28 00:00:00','2015-01-28 00:00:00','07:54:00','09:13:00',654.57,292,224),(768,'2015-04-01 00:00:00','2015-04-01 00:00:00','13:25:00','14:47:00',393.11,132,180),(769,'2014-01-04 00:00:00','2014-01-04 00:00:00','03:56:00','05:46:00',270.24,260,42),(770,'2013-12-30 00:00:00','2013-12-30 00:00:00','14:00:00','15:59:00',134.1,129,35),(771,'2014-12-08 00:00:00','2014-12-08 00:00:00','18:30:00','20:17:00',622.71,283,271),(772,'2013-07-16 00:00:00','2013-07-16 00:00:00','03:18:00','04:35:00',525.93,206,110),(773,'2015-04-29 00:00:00','2015-04-29 00:00:00','01:46:00','03:42:00',457.91,7,8),(774,'2015-04-17 00:00:00','2015-04-17 00:00:00','15:32:00','17:00:00',142.34,240,260),(775,'2015-04-08 00:00:00','2015-04-08 00:00:00','02:16:00','03:32:00',560.07,94,214),(776,'2013-11-19 00:00:00','2013-11-19 00:00:00','07:16:00','09:02:00',133.84,248,91),(777,'2013-08-07 00:00:00','2013-08-07 00:00:00','02:37:00','03:53:00',387.98,51,153),(778,'2013-07-28 00:00:00','2013-07-28 00:00:00','08:02:00','10:06:00',529.06,89,71),(779,'2014-01-21 00:00:00','2014-01-21 00:00:00','10:54:00','12:16:00',740.4,212,213),(780,'2014-07-17 00:00:00','2014-07-17 00:00:00','01:03:00','02:23:00',432.35,125,149),(781,'2013-09-18 00:00:00','2013-09-18 00:00:00','16:49:00','19:03:00',529.67,33,201),(782,'2014-05-14 00:00:00','2014-05-14 00:00:00','09:49:00','11:42:00',119.64,289,157),(783,'2015-06-27 00:00:00','2015-06-27 00:00:00','11:58:00','14:20:00',787.43,287,28),(784,'2014-06-24 00:00:00','2014-06-24 00:00:00','19:01:00','20:40:00',747.04,164,15),(785,'2014-11-18 00:00:00','2014-11-18 00:00:00','00:55:00','02:13:00',486.06,187,56),(786,'2014-07-27 00:00:00','2014-07-27 00:00:00','16:34:00','18:03:00',402.8,152,110),(787,'2013-07-04 00:00:00','2013-07-04 00:00:00','18:14:00','20:35:00',399.2,242,70),(788,'2015-04-10 00:00:00','2015-04-10 00:00:00','20:38:00','22:02:00',665.48,296,265),(789,'2014-09-22 00:00:00','2014-09-22 00:00:00','14:45:00','16:11:00',572.09,122,43),(790,'2014-07-20 00:00:00','2014-07-20 00:00:00','19:58:00','21:11:00',536.65,244,196),(791,'2014-10-09 00:00:00','2014-10-09 00:00:00','10:53:00','12:59:00',741.13,225,46),(792,'2014-06-16 00:00:00','2014-06-16 00:00:00','08:55:00','10:34:00',377.53,159,21),(793,'2015-04-07 00:00:00','2015-04-07 00:00:00','19:37:00','21:34:00',798.51,259,41),(794,'2014-06-13 00:00:00','2014-06-13 00:00:00','01:32:00','03:08:00',389.57,196,177),(795,'2014-02-03 00:00:00','2014-02-03 00:00:00','10:36:00','12:57:00',621.72,127,212),(796,'2014-01-26 00:00:00','2014-01-26 00:00:00','21:20:00','23:40:00',286.86,97,99),(797,'2014-10-29 00:00:00','2014-10-29 00:00:00','09:09:00','11:30:00',715.12,33,94),(798,'2014-12-17 00:00:00','2014-12-17 00:00:00','12:45:00','14:20:00',763.13,131,232),(799,'2013-11-22 00:00:00','2013-11-22 00:00:00','06:54:00','08:19:00',446.59,270,71),(800,'2015-03-08 00:00:00','2015-03-08 00:00:00','20:35:00','22:26:00',672.27,103,194),(801,'2014-05-17 00:00:00','2014-05-17 00:00:00','04:23:00','05:56:00',782.76,141,130),(802,'2015-03-22 00:00:00','2015-03-22 00:00:00','02:09:00','03:54:00',348.15,72,2),(803,'2015-06-12 00:00:00','2015-06-12 00:00:00','13:25:00','15:22:00',297.24,132,75),(804,'2014-03-15 00:00:00','2014-03-15 00:00:00','08:40:00','11:00:00',571.33,88,115),(805,'2013-12-29 00:00:00','2013-12-29 00:00:00','19:38:00','21:25:00',629.42,154,242),(806,'2014-09-14 00:00:00','2014-09-14 00:00:00','02:59:00','04:24:00',602.47,232,141),(807,'2014-09-12 00:00:00','2014-09-12 00:00:00','20:55:00','22:17:00',328.35,90,50),(808,'2013-08-04 00:00:00','2013-08-04 00:00:00','14:51:00','16:49:00',702.53,21,107),(809,'2015-05-05 00:00:00','2015-05-05 00:00:00','00:12:00','01:38:00',676.93,189,100),(810,'2015-01-18 00:00:00','2015-01-18 00:00:00','18:56:00','21:07:00',596.13,150,40),(811,'2013-12-21 00:00:00','2013-12-21 00:00:00','19:47:00','21:13:00',281.78,181,62),(812,'2014-06-09 00:00:00','2014-06-09 00:00:00','08:24:00','09:41:00',443.04,165,221),(813,'2013-11-18 00:00:00','2013-11-18 00:00:00','12:28:00','14:52:00',797.76,186,179),(814,'2014-12-05 00:00:00','2014-12-05 00:00:00','07:52:00','09:28:00',435.27,285,174),(815,'2014-12-25 00:00:00','2014-12-25 00:00:00','07:53:00','10:13:00',313.54,193,176),(816,'2014-02-22 00:00:00','2014-02-22 00:00:00','10:34:00','11:52:00',212.43,85,4),(817,'2014-09-24 00:00:00','2014-09-24 00:00:00','00:37:00','02:23:00',424.81,198,171),(818,'2014-02-28 00:00:00','2014-02-28 00:00:00','10:09:00','11:34:00',547.81,299,52),(819,'2013-10-21 00:00:00','2013-10-21 00:00:00','14:39:00','17:01:00',472.45,176,242),(820,'2015-03-07 00:00:00','2015-03-07 00:00:00','16:39:00','18:19:00',523.28,43,161),(821,'2015-06-06 00:00:00','2015-06-06 00:00:00','15:13:00','17:05:00',401.47,164,72),(822,'2015-02-19 00:00:00','2015-02-19 00:00:00','02:14:00','04:37:00',113.13,151,36),(823,'2014-05-21 00:00:00','2014-05-21 00:00:00','00:30:00','01:45:00',727.05,148,131),(824,'2015-06-17 00:00:00','2015-06-17 00:00:00','21:08:00','23:12:00',609.68,268,46),(825,'2015-03-24 00:00:00','2015-03-24 00:00:00','16:23:00','18:34:00',334.53,210,221),(826,'2014-06-29 00:00:00','2014-06-29 00:00:00','16:08:00','18:22:00',170.33,228,2),(827,'2014-01-27 00:00:00','2014-01-27 00:00:00','04:28:00','06:33:00',149.29,197,223),(828,'2013-12-06 00:00:00','2013-12-06 00:00:00','20:56:00','22:30:00',690.18,289,275),(829,'2014-04-02 00:00:00','2014-04-02 00:00:00','11:13:00','12:30:00',209.85,266,188),(830,'2015-05-12 00:00:00','2015-05-12 00:00:00','00:42:00','02:16:00',322.49,82,245),(831,'2014-06-09 00:00:00','2014-06-09 00:00:00','04:36:00','06:55:00',463.77,128,240),(832,'2013-09-24 00:00:00','2013-09-24 00:00:00','08:17:00','10:26:00',236.48,267,55),(833,'2014-03-06 00:00:00','2014-03-06 00:00:00','09:51:00','11:38:00',457.13,266,85),(834,'2014-07-02 00:00:00','2014-07-02 00:00:00','14:50:00','16:55:00',177.41,238,158),(835,'2015-05-14 00:00:00','2015-05-14 00:00:00','09:17:00','11:06:00',732.27,72,261),(836,'2014-02-02 00:00:00','2014-02-02 00:00:00','19:10:00','21:07:00',478.53,37,63),(837,'2014-12-31 00:00:00','2014-12-31 00:00:00','02:11:00','03:54:00',502.94,59,265),(838,'2014-01-18 00:00:00','2014-01-18 00:00:00','09:46:00','11:24:00',657.4,40,15),(839,'2015-01-08 00:00:00','2015-01-08 00:00:00','07:30:00','09:02:00',773.01,132,277),(840,'2014-10-26 00:00:00','2014-10-26 00:00:00','18:52:00','20:12:00',205.14,106,118),(841,'2015-01-07 00:00:00','2015-01-07 00:00:00','21:26:00','23:40:00',520.32,91,60),(842,'2015-05-09 00:00:00','2015-05-09 00:00:00','12:32:00','14:15:00',149.94,187,13),(843,'2013-10-19 00:00:00','2013-10-19 00:00:00','16:30:00','17:56:00',634.95,237,165),(844,'2015-04-23 00:00:00','2015-04-23 00:00:00','16:29:00','17:49:00',797.43,200,228),(845,'2015-02-21 00:00:00','2015-02-21 00:00:00','07:38:00','09:38:00',318.38,257,17),(846,'2014-05-24 00:00:00','2014-05-24 00:00:00','01:40:00','03:07:00',137,237,145),(847,'2014-03-12 00:00:00','2014-03-12 00:00:00','19:27:00','21:23:00',249.54,268,19),(848,'2014-10-20 00:00:00','2014-10-20 00:00:00','18:45:00','20:46:00',242.54,169,36),(849,'2014-05-05 00:00:00','2014-05-05 00:00:00','07:15:00','08:27:00',362.76,174,139),(850,'2013-09-28 00:00:00','2013-09-28 00:00:00','04:44:00','06:39:00',166.94,16,73),(851,'2013-11-28 00:00:00','2013-11-28 00:00:00','03:11:00','05:04:00',698.79,50,135),(852,'2014-01-24 00:00:00','2014-01-24 00:00:00','02:05:00','03:24:00',336.66,169,169),(853,'2014-11-18 00:00:00','2014-11-18 00:00:00','14:39:00','17:02:00',708.64,127,252),(854,'2013-09-18 00:00:00','2013-09-18 00:00:00','17:23:00','19:27:00',130.59,137,5),(855,'2014-11-15 00:00:00','2014-11-15 00:00:00','05:29:00','06:56:00',103.85,203,62),(856,'2013-11-17 00:00:00','2013-11-17 00:00:00','14:22:00','15:34:00',396.66,18,166),(857,'2014-09-19 00:00:00','2014-09-19 00:00:00','09:53:00','11:54:00',679.6,198,241),(858,'2014-03-18 00:00:00','2014-03-18 00:00:00','04:58:00','06:11:00',333.57,45,279),(859,'2014-12-29 00:00:00','2014-12-29 00:00:00','07:13:00','09:28:00',269.67,299,165),(860,'2014-09-27 00:00:00','2014-09-27 00:00:00','01:55:00','03:52:00',566.44,78,150),(861,'2015-01-11 00:00:00','2015-01-11 00:00:00','00:36:00','02:58:00',717.22,230,207),(862,'2014-02-04 00:00:00','2014-02-04 00:00:00','03:08:00','04:37:00',305.55,173,32),(863,'2013-11-17 00:00:00','2013-11-17 00:00:00','16:19:00','18:14:00',656.64,279,152),(864,'2015-01-21 00:00:00','2015-01-21 00:00:00','06:21:00','07:45:00',446.56,171,238),(865,'2014-01-12 00:00:00','2014-01-12 00:00:00','01:32:00','03:50:00',184.05,185,128),(866,'2013-12-27 00:00:00','2013-12-27 00:00:00','01:30:00','02:43:00',383.47,233,99),(867,'2014-12-01 00:00:00','2014-12-01 00:00:00','15:19:00','17:15:00',790.25,192,138),(868,'2013-09-02 00:00:00','2013-09-02 00:00:00','07:25:00','08:39:00',449.7,159,203),(869,'2014-10-03 00:00:00','2014-10-03 00:00:00','09:59:00','11:43:00',289.32,69,179),(870,'2015-04-03 00:00:00','2015-04-03 00:00:00','16:51:00','19:10:00',148.61,224,196),(871,'2015-06-07 00:00:00','2015-06-07 00:00:00','00:40:00','01:57:00',499.73,156,132),(872,'2013-08-31 00:00:00','2013-08-31 00:00:00','08:13:00','10:10:00',325.4,165,81),(873,'2015-01-18 00:00:00','2015-01-18 00:00:00','20:12:00','21:26:00',499.48,49,182),(874,'2013-09-28 00:00:00','2013-09-28 00:00:00','00:40:00','02:17:00',437.62,2,97),(875,'2014-07-07 00:00:00','2014-07-07 00:00:00','03:17:00','04:37:00',261.29,274,170),(876,'2014-04-26 00:00:00','2014-04-26 00:00:00','05:39:00','07:24:00',705.01,192,101),(877,'2013-11-19 00:00:00','2013-11-19 00:00:00','01:39:00','03:47:00',649.89,269,126),(878,'2013-09-03 00:00:00','2013-09-03 00:00:00','18:09:00','19:25:00',355.57,272,19),(879,'2014-08-06 00:00:00','2014-08-06 00:00:00','09:20:00','11:38:00',194.82,92,171),(880,'2015-01-16 00:00:00','2015-01-16 00:00:00','01:37:00','03:57:00',559.84,65,276),(881,'2014-09-05 00:00:00','2014-09-05 00:00:00','21:34:00','23:15:00',396.4,173,235),(882,'2015-02-03 00:00:00','2015-02-03 00:00:00','09:58:00','11:30:00',356.98,172,249),(883,'2013-11-25 00:00:00','2013-11-25 00:00:00','17:18:00','19:03:00',319.25,208,106),(884,'2015-01-23 00:00:00','2015-01-23 00:00:00','15:55:00','17:18:00',101.8,286,44),(885,'2014-10-16 00:00:00','2014-10-16 00:00:00','00:24:00','02:38:00',264.62,276,11),(886,'2014-05-21 00:00:00','2014-05-21 00:00:00','14:09:00','16:24:00',771.65,103,94),(887,'2014-07-30 00:00:00','2014-07-30 00:00:00','07:55:00','10:07:00',123.35,146,127),(888,'2015-01-12 00:00:00','2015-01-12 00:00:00','13:13:00','15:14:00',571.15,86,256),(889,'2014-11-13 00:00:00','2014-11-13 00:00:00','00:48:00','02:44:00',792,209,175),(890,'2014-10-01 00:00:00','2014-10-01 00:00:00','01:10:00','03:13:00',173.99,68,230),(891,'2014-04-26 00:00:00','2014-04-26 00:00:00','05:43:00','07:51:00',252.15,286,221),(892,'2015-05-16 00:00:00','2015-05-16 00:00:00','11:19:00','12:40:00',138.99,117,112),(893,'2013-12-22 00:00:00','2013-12-22 00:00:00','06:35:00','08:00:00',320.17,12,81),(894,'2013-09-06 00:00:00','2013-09-06 00:00:00','09:23:00','11:33:00',280.96,121,164),(895,'2014-01-26 00:00:00','2014-01-26 00:00:00','07:58:00','09:50:00',525.97,245,77),(896,'2014-06-01 00:00:00','2014-06-01 00:00:00','05:03:00','06:23:00',643.06,192,72),(897,'2013-12-19 00:00:00','2013-12-19 00:00:00','06:24:00','07:59:00',127.95,151,200),(898,'2013-09-10 00:00:00','2013-09-10 00:00:00','02:50:00','04:29:00',353.98,244,104),(899,'2014-03-17 00:00:00','2014-03-17 00:00:00','06:56:00','08:13:00',779.85,116,40),(900,'2014-04-15 00:00:00','2014-04-15 00:00:00','04:24:00','06:40:00',258.02,62,127),(901,'2014-09-25 00:00:00','2014-09-25 00:00:00','16:00:00','17:43:00',280.19,105,109),(902,'2014-06-28 00:00:00','2014-06-28 00:00:00','01:18:00','02:47:00',528.55,94,144),(903,'2014-08-27 00:00:00','2014-08-27 00:00:00','11:29:00','13:13:00',287.7,217,219),(904,'2015-06-01 00:00:00','2015-06-01 00:00:00','00:54:00','02:19:00',693.24,155,242),(905,'2013-12-18 00:00:00','2013-12-18 00:00:00','06:30:00','07:42:00',718.67,191,221),(906,'2014-12-10 00:00:00','2014-12-10 00:00:00','06:49:00','08:41:00',763.39,90,169),(907,'2013-10-12 00:00:00','2013-10-12 00:00:00','03:58:00','06:09:00',202.29,134,64),(908,'2013-11-29 00:00:00','2013-11-29 00:00:00','10:24:00','12:43:00',143.93,159,56),(909,'2015-06-20 00:00:00','2015-06-20 00:00:00','19:24:00','21:20:00',343.03,108,14),(910,'2014-01-05 00:00:00','2014-01-05 00:00:00','17:55:00','19:11:00',646.4,150,80),(911,'2013-08-15 00:00:00','2013-08-15 00:00:00','19:01:00','20:15:00',123.65,257,42),(912,'2014-07-02 00:00:00','2014-07-02 00:00:00','14:58:00','16:14:00',545.03,299,110),(913,'2015-03-14 00:00:00','2015-03-14 00:00:00','02:28:00','03:52:00',138.46,172,216),(914,'2014-05-07 00:00:00','2014-05-07 00:00:00','07:35:00','09:23:00',322.21,105,264),(915,'2014-12-02 00:00:00','2014-12-02 00:00:00','09:32:00','11:25:00',637.43,33,193),(916,'2014-05-19 00:00:00','2014-05-19 00:00:00','05:22:00','07:17:00',711.88,179,183),(917,'2014-12-19 00:00:00','2014-12-19 00:00:00','08:13:00','09:49:00',237.19,284,43),(918,'2014-07-17 00:00:00','2014-07-17 00:00:00','11:17:00','13:05:00',606.77,80,201),(919,'2014-12-12 00:00:00','2014-12-12 00:00:00','02:02:00','03:25:00',743.12,292,274),(920,'2013-09-14 00:00:00','2013-09-14 00:00:00','13:40:00','15:34:00',278.6,214,207),(921,'2014-11-01 00:00:00','2014-11-01 00:00:00','20:11:00','22:30:00',464.99,178,64),(922,'2014-06-16 00:00:00','2014-06-16 00:00:00','16:32:00','18:00:00',412.01,183,142),(923,'2014-07-01 00:00:00','2014-07-01 00:00:00','02:38:00','04:42:00',738.63,121,37),(924,'2014-12-01 00:00:00','2014-12-01 00:00:00','04:56:00','06:44:00',495.09,301,192),(925,'2015-01-13 00:00:00','2015-01-13 00:00:00','21:31:00','22:48:00',351.25,197,99),(926,'2014-10-10 00:00:00','2014-10-10 00:00:00','09:31:00','11:42:00',282.35,138,218),(927,'2015-04-23 00:00:00','2015-04-23 00:00:00','13:52:00','15:53:00',390.63,265,111),(928,'2014-09-30 00:00:00','2014-09-30 00:00:00','00:19:00','01:32:00',596.57,301,156),(929,'2014-08-11 00:00:00','2014-08-11 00:00:00','14:54:00','16:06:00',741,14,166),(930,'2013-12-03 00:00:00','2013-12-03 00:00:00','06:03:00','07:41:00',573.89,255,100),(931,'2013-11-07 00:00:00','2013-11-07 00:00:00','09:29:00','11:14:00',455.04,57,180),(932,'2014-07-30 00:00:00','2014-07-30 00:00:00','08:37:00','09:50:00',594.19,38,210),(933,'2014-08-27 00:00:00','2014-08-27 00:00:00','09:58:00','11:42:00',194.68,208,163),(934,'2015-05-26 00:00:00','2015-05-26 00:00:00','06:24:00','08:07:00',696.49,12,188),(935,'2015-01-01 00:00:00','2015-01-01 00:00:00','01:45:00','03:33:00',555.85,95,160),(936,'2013-08-28 00:00:00','2013-08-28 00:00:00','21:08:00','23:21:00',189.6,126,97),(937,'2014-09-11 00:00:00','2014-09-11 00:00:00','09:02:00','10:28:00',329.1,250,70),(938,'2013-10-30 00:00:00','2013-10-30 00:00:00','11:14:00','13:00:00',406.02,211,250),(939,'2013-09-26 00:00:00','2013-09-26 00:00:00','08:54:00','10:52:00',577.22,49,275),(940,'2014-01-15 00:00:00','2014-01-15 00:00:00','00:56:00','02:15:00',495.86,65,231),(941,'2014-05-07 00:00:00','2014-05-07 00:00:00','19:30:00','21:00:00',537.17,272,146),(942,'2015-05-07 00:00:00','2015-05-07 00:00:00','00:35:00','01:47:00',164.39,85,44),(943,'2015-03-04 00:00:00','2015-03-04 00:00:00','09:53:00','12:07:00',329.97,191,137),(944,'2013-07-29 00:00:00','2013-07-29 00:00:00','11:24:00','13:34:00',756.93,295,56),(945,'2014-05-16 00:00:00','2014-05-16 00:00:00','00:22:00','02:14:00',710.28,68,206),(946,'2015-02-21 00:00:00','2015-02-21 00:00:00','21:03:00','22:35:00',504.96,66,183),(947,'2015-04-15 00:00:00','2015-04-15 00:00:00','00:26:00','02:16:00',165.84,78,224),(948,'2014-03-05 00:00:00','2014-03-05 00:00:00','19:10:00','20:36:00',716.77,150,55),(949,'2015-01-24 00:00:00','2015-01-24 00:00:00','11:16:00','13:15:00',766.93,78,223),(950,'2013-07-06 00:00:00','2013-07-06 00:00:00','03:09:00','05:03:00',341.77,127,71),(951,'2014-02-24 00:00:00','2014-02-24 00:00:00','00:36:00','02:28:00',375.31,37,194),(952,'2014-03-21 00:00:00','2014-03-21 00:00:00','14:31:00','16:39:00',618.4,291,236),(953,'2013-08-18 00:00:00','2013-08-18 00:00:00','10:38:00','12:27:00',151.5,172,136),(954,'2014-02-07 00:00:00','2014-02-07 00:00:00','06:09:00','08:15:00',550.15,51,228),(955,'2015-05-27 00:00:00','2015-05-27 00:00:00','02:28:00','03:52:00',183.91,20,135),(956,'2014-06-06 00:00:00','2014-06-06 00:00:00','00:16:00','02:30:00',456.75,210,48),(957,'2014-08-16 00:00:00','2014-08-16 00:00:00','02:23:00','04:13:00',746.28,213,98),(958,'2013-12-27 00:00:00','2013-12-27 00:00:00','08:38:00','10:57:00',478.56,27,9),(959,'2013-09-29 00:00:00','2013-09-29 00:00:00','01:21:00','03:04:00',126.41,276,236),(960,'2014-02-18 00:00:00','2014-02-18 00:00:00','00:12:00','02:11:00',617.35,145,274),(961,'2013-09-09 00:00:00','2013-09-09 00:00:00','14:20:00','16:44:00',691.84,90,180),(962,'2014-06-24 00:00:00','2014-06-24 00:00:00','14:25:00','16:22:00',629.55,145,131),(963,'2013-12-04 00:00:00','2013-12-04 00:00:00','09:44:00','11:42:00',273.74,153,15),(964,'2014-11-21 00:00:00','2014-11-21 00:00:00','01:38:00','03:05:00',647.6,221,115),(965,'2013-12-25 00:00:00','2013-12-25 00:00:00','04:22:00','06:38:00',612.86,179,20),(966,'2015-04-13 00:00:00','2015-04-13 00:00:00','08:59:00','11:17:00',211.88,291,189),(967,'2014-10-24 00:00:00','2014-10-24 00:00:00','18:58:00','20:34:00',765.32,103,102),(968,'2014-07-04 00:00:00','2014-07-04 00:00:00','03:31:00','04:43:00',127.11,138,247),(969,'2013-10-05 00:00:00','2013-10-05 00:00:00','17:21:00','19:33:00',484.62,101,274),(970,'2014-02-22 00:00:00','2014-02-22 00:00:00','08:18:00','09:57:00',534.42,288,249),(971,'2014-01-18 00:00:00','2014-01-18 00:00:00','14:04:00','15:32:00',417,63,62),(972,'2014-02-18 00:00:00','2014-02-18 00:00:00','00:06:00','02:08:00',389.79,293,216),(973,'2015-06-19 00:00:00','2015-06-19 00:00:00','00:37:00','01:57:00',217.39,167,104),(974,'2013-12-20 00:00:00','2013-12-20 00:00:00','11:41:00','13:41:00',259.26,185,196),(975,'2014-06-01 00:00:00','2014-06-01 00:00:00','21:20:00','23:22:00',194.48,191,207),(976,'2014-02-11 00:00:00','2014-02-11 00:00:00','06:38:00','08:16:00',338.73,299,109),(977,'2014-01-04 00:00:00','2014-01-04 00:00:00','04:10:00','06:09:00',186.08,251,213),(978,'2014-06-16 00:00:00','2014-06-16 00:00:00','00:54:00','02:10:00',565.35,221,112),(979,'2013-12-28 00:00:00','2013-12-28 00:00:00','00:16:00','02:04:00',277.9,50,144),(980,'2013-07-07 00:00:00','2013-07-07 00:00:00','21:33:00','23:13:00',619.71,290,121),(981,'2013-09-17 00:00:00','2013-09-17 00:00:00','05:12:00','06:51:00',380.69,79,62),(982,'2013-12-30 00:00:00','2013-12-30 00:00:00','08:57:00','10:23:00',112.88,297,179),(983,'2014-12-03 00:00:00','2014-12-03 00:00:00','10:59:00','13:16:00',379.45,67,236),(984,'2014-04-23 00:00:00','2014-04-23 00:00:00','00:34:00','02:57:00',791.14,176,60),(985,'2015-05-11 00:00:00','2015-05-11 00:00:00','20:44:00','22:27:00',435.43,190,116),(986,'2013-07-11 00:00:00','2013-07-11 00:00:00','05:14:00','07:33:00',381.47,293,7),(987,'2015-06-18 00:00:00','2015-06-18 00:00:00','06:25:00','08:33:00',715.67,262,85),(988,'2013-09-09 00:00:00','2013-09-09 00:00:00','18:18:00','20:09:00',445.52,277,171),(989,'2015-05-12 00:00:00','2015-05-12 00:00:00','16:44:00','18:43:00',125.8,198,117),(990,'2014-02-23 00:00:00','2014-02-23 00:00:00','11:37:00','13:03:00',132.75,114,77),(991,'2014-10-01 00:00:00','2014-10-01 00:00:00','08:47:00','10:35:00',603.26,113,210),(992,'2014-10-25 00:00:00','2014-10-25 00:00:00','05:09:00','07:15:00',767.7,50,191),(993,'2013-12-20 00:00:00','2013-12-20 00:00:00','12:35:00','13:54:00',498.77,135,130),(994,'2014-05-22 00:00:00','2014-05-22 00:00:00','12:24:00','14:33:00',475.93,41,211),(995,'2015-01-17 00:00:00','2015-01-17 00:00:00','05:22:00','07:23:00',477.9,5,220),(996,'2014-11-05 00:00:00','2014-11-05 00:00:00','12:36:00','14:33:00',759.76,57,146),(997,'2014-04-04 00:00:00','2014-04-04 00:00:00','05:21:00','06:57:00',226.45,85,121),(998,'2014-04-19 00:00:00','2014-04-19 00:00:00','15:06:00','17:17:00',145.95,195,50),(999,'2015-05-29 00:00:00','2015-05-29 00:00:00','04:33:00','06:20:00',514.04,128,217),(1000,'2013-07-17 00:00:00','2013-07-17 00:00:00','18:21:00','19:41:00',391.25,151,67),(1001,'2013-12-12 00:00:00','2013-12-12 00:00:00','18:17:00','20:40:00',770.46,186,98),(1002,'2015-05-28 00:00:00','2015-05-28 00:00:00','08:25:00','10:36:00',475.7,134,222),(1003,'2014-08-02 00:00:00','2014-08-02 00:00:00','00:10:00','01:31:00',715.75,14,8),(1004,'2015-02-12 00:00:00','2015-02-12 00:00:00','11:19:00','12:47:00',437.38,63,20),(1005,'2014-04-10 00:00:00','2014-04-10 00:00:00','09:39:00','11:00:00',125.25,204,175),(1006,'2013-11-29 00:00:00','2013-11-29 00:00:00','21:31:00','23:35:00',142.23,182,260),(1007,'2014-05-24 00:00:00','2014-05-24 00:00:00','00:33:00','02:40:00',161.44,197,57),(1008,'2013-12-19 00:00:00','2013-12-19 00:00:00','21:20:00','22:57:00',186.4,64,91),(1009,'2013-10-13 00:00:00','2013-10-13 00:00:00','18:56:00','20:41:00',325.24,77,44),(1010,'2015-06-15 00:00:00','2015-06-15 00:00:00','21:16:00','23:18:00',697.01,77,162),(1011,'2013-07-08 00:00:00','2013-07-08 00:00:00','13:19:00','15:39:00',102.46,98,169),(1012,'2013-12-12 00:00:00','2013-12-12 00:00:00','01:04:00','03:03:00',701.52,227,215),(1013,'2014-02-06 00:00:00','2014-02-06 00:00:00','14:17:00','16:14:00',582.42,53,48),(1014,'2015-06-06 00:00:00','2015-06-06 00:00:00','01:52:00','03:07:00',295.15,90,254),(1015,'2014-02-21 00:00:00','2014-02-21 00:00:00','20:39:00','22:22:00',780.66,149,186),(1016,'2014-05-19 00:00:00','2014-05-19 00:00:00','03:58:00','06:07:00',270.93,13,180),(1017,'2013-12-16 00:00:00','2013-12-16 00:00:00','18:10:00','20:23:00',397.6,262,21),(1018,'2014-12-05 00:00:00','2014-12-05 00:00:00','00:30:00','01:53:00',102.4,52,145),(1019,'2015-01-10 00:00:00','2015-01-10 00:00:00','16:44:00','18:37:00',252.9,259,29),(1020,'2013-11-14 00:00:00','2013-11-14 00:00:00','03:57:00','05:29:00',754.09,257,207),(1021,'2014-06-05 00:00:00','2014-06-05 00:00:00','10:40:00','12:01:00',141.07,237,128),(1022,'2015-03-23 00:00:00','2015-03-23 00:00:00','10:41:00','12:39:00',759.23,36,190),(1023,'2014-08-20 00:00:00','2014-08-20 00:00:00','09:20:00','11:03:00',747.1,69,234),(1024,'2013-08-08 00:00:00','2013-08-08 00:00:00','00:53:00','02:37:00',223.82,71,169),(1025,'2013-07-28 00:00:00','2013-07-28 00:00:00','01:50:00','03:39:00',467.95,147,190),(1026,'2014-11-22 00:00:00','2014-11-22 00:00:00','01:08:00','03:06:00',115.21,271,26),(1027,'2014-05-25 00:00:00','2014-05-25 00:00:00','01:10:00','03:14:00',469.81,121,30),(1028,'2013-08-26 00:00:00','2013-08-26 00:00:00','21:35:00','22:52:00',355.48,27,72),(1029,'2013-11-05 00:00:00','2013-11-05 00:00:00','15:47:00','17:07:00',165.21,102,206),(1030,'2015-02-06 00:00:00','2015-02-06 00:00:00','02:01:00','04:18:00',619.65,284,79),(1031,'2014-12-03 00:00:00','2014-12-03 00:00:00','04:21:00','06:19:00',276.26,33,116),(1032,'2014-07-14 00:00:00','2014-07-14 00:00:00','15:49:00','17:53:00',676.81,8,62),(1033,'2013-12-03 00:00:00','2013-12-03 00:00:00','01:20:00','03:35:00',643.41,114,43),(1034,'2014-05-27 00:00:00','2014-05-27 00:00:00','02:16:00','03:59:00',401.39,169,59),(1035,'2013-09-16 00:00:00','2013-09-16 00:00:00','20:41:00','22:54:00',379.11,155,151),(1036,'2015-01-11 00:00:00','2015-01-11 00:00:00','10:04:00','11:52:00',763.86,65,76),(1037,'2013-08-01 00:00:00','2013-08-01 00:00:00','04:54:00','07:13:00',428.15,42,95),(1038,'2015-04-20 00:00:00','2015-04-20 00:00:00','20:47:00','22:27:00',367.7,172,111),(1039,'2015-05-24 00:00:00','2015-05-24 00:00:00','05:48:00','07:46:00',101.03,79,41),(1040,'2014-09-28 00:00:00','2014-09-28 00:00:00','00:42:00','02:09:00',694.94,166,134),(1041,'2015-06-01 00:00:00','2015-06-01 00:00:00','04:57:00','06:28:00',507.19,84,20),(1042,'2015-02-01 00:00:00','2015-02-01 00:00:00','12:58:00','14:20:00',403.8,217,261),(1043,'2014-08-01 00:00:00','2014-08-01 00:00:00','19:29:00','21:51:00',432.43,281,189),(1044,'2014-05-26 00:00:00','2014-05-26 00:00:00','12:20:00','14:39:00',553.3,112,181),(1045,'2014-04-20 00:00:00','2014-04-20 00:00:00','01:28:00','02:43:00',281.28,127,21),(1046,'2013-10-21 00:00:00','2013-10-21 00:00:00','19:32:00','20:51:00',245.93,159,275),(1047,'2014-08-05 00:00:00','2014-08-05 00:00:00','11:16:00','12:57:00',540.41,51,185),(1048,'2015-02-28 00:00:00','2015-02-28 00:00:00','07:29:00','09:47:00',407.52,184,137),(1049,'2015-02-19 00:00:00','2015-02-19 00:00:00','04:30:00','06:48:00',160.85,298,25),(1050,'2014-02-25 00:00:00','2014-02-25 00:00:00','01:03:00','03:20:00',141.37,288,229),(1051,'2013-11-16 00:00:00','2013-11-16 00:00:00','16:52:00','19:13:00',303.3,178,66),(1052,'2015-02-23 00:00:00','2015-02-23 00:00:00','07:29:00','09:14:00',383.93,4,153),(1053,'2014-08-15 00:00:00','2014-08-15 00:00:00','20:26:00','22:30:00',418.9,159,246),(1054,'2014-04-15 00:00:00','2014-04-15 00:00:00','02:20:00','04:39:00',571.69,36,124),(1055,'2014-09-14 00:00:00','2014-09-14 00:00:00','07:06:00','08:54:00',480.56,155,22),(1056,'2014-03-21 00:00:00','2014-03-21 00:00:00','13:44:00','15:14:00',698.04,98,261),(1057,'2013-09-09 00:00:00','2013-09-09 00:00:00','03:45:00','05:26:00',266.34,55,245),(1058,'2013-09-20 00:00:00','2013-09-20 00:00:00','00:41:00','02:19:00',353.22,29,158),(1059,'2014-04-29 00:00:00','2014-04-29 00:00:00','01:52:00','03:46:00',449.85,134,61),(1060,'2014-04-03 00:00:00','2014-04-03 00:00:00','13:12:00','15:25:00',756.86,202,117),(1061,'2014-06-24 00:00:00','2014-06-24 00:00:00','08:04:00','09:53:00',261.94,31,100),(1062,'2015-02-25 00:00:00','2015-02-25 00:00:00','13:31:00','14:53:00',698.3,164,119),(1063,'2013-10-03 00:00:00','2013-10-03 00:00:00','13:32:00','15:38:00',462.84,47,179),(1064,'2013-10-21 00:00:00','2013-10-21 00:00:00','05:41:00','07:22:00',141.23,2,171),(1065,'2013-09-24 00:00:00','2013-09-24 00:00:00','03:34:00','05:55:00',479.78,96,85),(1066,'2014-03-01 00:00:00','2014-03-01 00:00:00','06:04:00','07:19:00',640.59,23,55),(1067,'2013-07-28 00:00:00','2013-07-28 00:00:00','07:41:00','09:00:00',768.99,77,118),(1068,'2013-10-30 00:00:00','2013-10-30 00:00:00','11:51:00','13:04:00',380.79,163,143),(1069,'2014-09-25 00:00:00','2014-09-25 00:00:00','09:02:00','10:19:00',109.05,65,229),(1070,'2015-01-18 00:00:00','2015-01-18 00:00:00','00:01:00','01:17:00',267.25,265,67),(1071,'2014-06-26 00:00:00','2014-06-26 00:00:00','04:21:00','05:36:00',228,166,250),(1072,'2015-02-26 00:00:00','2015-02-26 00:00:00','19:43:00','21:03:00',748.25,178,152),(1073,'2015-03-02 00:00:00','2015-03-02 00:00:00','21:23:00','22:37:00',648.04,252,56),(1074,'2013-08-01 00:00:00','2013-08-01 00:00:00','09:24:00','10:36:00',617.74,43,220),(1075,'2013-09-28 00:00:00','2013-09-28 00:00:00','15:32:00','17:28:00',360.69,129,216),(1076,'2013-11-09 00:00:00','2013-11-09 00:00:00','20:13:00','21:44:00',413.99,113,205),(1077,'2015-06-09 00:00:00','2015-06-09 00:00:00','01:47:00','04:09:00',614.52,300,145),(1078,'2013-08-11 00:00:00','2013-08-11 00:00:00','02:10:00','03:55:00',207.64,247,80),(1079,'2015-06-04 00:00:00','2015-06-04 00:00:00','05:40:00','07:01:00',434.4,125,96),(1080,'2013-08-10 00:00:00','2013-08-10 00:00:00','10:03:00','11:27:00',471.56,80,50),(1081,'2014-09-13 00:00:00','2014-09-13 00:00:00','05:38:00','07:11:00',729.94,218,259),(1082,'2013-10-13 00:00:00','2013-10-13 00:00:00','03:30:00','05:12:00',412.53,232,268),(1083,'2013-08-30 00:00:00','2013-08-30 00:00:00','13:29:00','15:25:00',563.11,292,268),(1084,'2014-04-03 00:00:00','2014-04-03 00:00:00','16:15:00','18:06:00',402.95,88,172),(1085,'2014-05-29 00:00:00','2014-05-29 00:00:00','19:50:00','21:16:00',276.43,199,80),(1086,'2014-01-22 00:00:00','2014-01-22 00:00:00','05:39:00','07:40:00',400.22,224,104),(1087,'2014-11-16 00:00:00','2014-11-16 00:00:00','05:13:00','06:44:00',266.91,259,195),(1088,'2013-10-20 00:00:00','2013-10-20 00:00:00','19:00:00','20:38:00',145.42,174,182),(1089,'2014-09-30 00:00:00','2014-09-30 00:00:00','19:45:00','21:25:00',691.93,107,34),(1090,'2014-06-21 00:00:00','2014-06-21 00:00:00','15:53:00','17:45:00',638.28,212,277),(1091,'2014-10-24 00:00:00','2014-10-24 00:00:00','00:34:00','02:12:00',472.62,296,199),(1092,'2014-10-28 00:00:00','2014-10-28 00:00:00','04:14:00','05:44:00',737.95,150,173),(1093,'2014-10-05 00:00:00','2014-10-05 00:00:00','02:55:00','05:11:00',773.34,106,68),(1094,'2015-05-07 00:00:00','2015-05-07 00:00:00','18:04:00','19:22:00',643.56,12,49),(1095,'2014-03-13 00:00:00','2014-03-13 00:00:00','00:32:00','02:41:00',791.45,75,120),(1096,'2014-09-14 00:00:00','2014-09-14 00:00:00','10:59:00','12:41:00',724.09,176,106),(1097,'2014-03-21 00:00:00','2014-03-21 00:00:00','02:11:00','03:57:00',395.35,53,182),(1098,'2014-02-17 00:00:00','2014-02-17 00:00:00','13:03:00','15:03:00',375.86,8,183),(1099,'2013-07-07 00:00:00','2013-07-07 00:00:00','18:47:00','20:23:00',597.82,90,124),(1100,'2013-07-18 00:00:00','2013-07-18 00:00:00','08:29:00','10:49:00',181.77,44,252),(1101,'2014-07-04 00:00:00','2014-07-04 00:00:00','16:28:00','17:44:00',133.69,111,199),(1102,'2014-08-14 00:00:00','2014-08-14 00:00:00','11:36:00','13:58:00',585.99,52,218),(1103,'2014-12-12 00:00:00','2014-12-12 00:00:00','00:51:00','02:59:00',126.18,59,276),(1104,'2015-05-13 00:00:00','2015-05-13 00:00:00','11:37:00','12:59:00',672.73,302,200),(1105,'2014-12-31 00:00:00','2014-12-31 00:00:00','10:30:00','12:30:00',578.93,62,16),(1106,'2013-07-21 00:00:00','2013-07-21 00:00:00','12:08:00','14:16:00',219.2,106,222),(1107,'2013-06-30 00:00:00','2013-06-30 00:00:00','14:42:00','16:00:00',289.03,113,43),(1108,'2015-03-03 00:00:00','2015-03-03 00:00:00','06:45:00','08:41:00',693.17,61,188),(1109,'2015-06-23 00:00:00','2015-06-23 00:00:00','04:03:00','05:54:00',363.63,204,258),(1110,'2013-07-13 00:00:00','2013-07-13 00:00:00','11:29:00','13:12:00',394.54,149,99),(1111,'2013-12-31 00:00:00','2013-12-31 00:00:00','02:36:00','03:54:00',393.37,156,206),(1112,'2015-03-20 00:00:00','2015-03-20 00:00:00','01:22:00','03:02:00',119.72,8,181),(1113,'2015-01-24 00:00:00','2015-01-24 00:00:00','19:37:00','20:57:00',612.16,10,132),(1114,'2014-09-16 00:00:00','2014-09-16 00:00:00','02:09:00','03:30:00',335.08,195,83),(1115,'2015-02-03 00:00:00','2015-02-03 00:00:00','08:53:00','10:55:00',749.46,46,118),(1116,'2014-09-09 00:00:00','2014-09-09 00:00:00','03:47:00','05:40:00',742.87,266,138),(1117,'2014-11-30 00:00:00','2014-11-30 00:00:00','20:47:00','22:28:00',172.83,207,159),(1118,'2014-07-28 00:00:00','2014-07-28 00:00:00','00:09:00','02:26:00',195.58,206,229),(1119,'2013-12-04 00:00:00','2013-12-04 00:00:00','11:26:00','13:10:00',696.35,24,143),(1120,'2015-06-25 00:00:00','2015-06-25 00:00:00','00:56:00','02:41:00',782.68,165,38),(1121,'2014-05-09 00:00:00','2014-05-09 00:00:00','12:37:00','14:40:00',791.92,42,101),(1122,'2013-12-24 00:00:00','2013-12-24 00:00:00','14:37:00','16:04:00',246.68,116,192),(1123,'2014-04-20 00:00:00','2014-04-20 00:00:00','04:20:00','06:37:00',549.4,74,114),(1124,'2014-05-14 00:00:00','2014-05-14 00:00:00','00:16:00','02:02:00',535.44,4,178),(1125,'2013-12-25 00:00:00','2013-12-25 00:00:00','09:05:00','10:52:00',727.38,73,89),(1126,'2015-02-19 00:00:00','2015-02-19 00:00:00','14:32:00','16:48:00',305,95,56),(1127,'2014-04-17 00:00:00','2014-04-17 00:00:00','03:38:00','05:58:00',791.95,26,68),(1129,'2013-08-26 00:00:00','2013-08-26 00:00:00','00:46:00','02:32:00',764.83,17,34),(1130,'2013-09-17 00:00:00','2013-09-17 00:00:00','02:19:00','03:57:00',292.96,76,136),(1131,'2014-02-01 00:00:00','2014-02-01 00:00:00','18:20:00','20:00:00',204.33,64,74),(1132,'2014-06-08 00:00:00','2014-06-08 00:00:00','02:37:00','04:31:00',472.96,45,241),(1133,'2015-02-09 00:00:00','2015-02-09 00:00:00','05:25:00','06:48:00',707.7,144,206),(1134,'2014-03-27 00:00:00','2014-03-27 00:00:00','16:40:00','18:23:00',117.22,257,28),(1135,'2014-01-04 00:00:00','2014-01-04 00:00:00','05:23:00','07:23:00',165.82,1,102),(1136,'2013-12-18 00:00:00','2013-12-18 00:00:00','14:39:00','16:25:00',151.66,71,113),(1137,'2013-09-30 00:00:00','2013-09-30 00:00:00','04:06:00','05:24:00',713.82,112,225),(1138,'2014-10-13 00:00:00','2014-10-13 00:00:00','20:51:00','22:16:00',429.27,245,181),(1139,'2014-12-04 00:00:00','2014-12-04 00:00:00','06:43:00','08:15:00',279.81,65,23),(1140,'2013-10-16 00:00:00','2013-10-16 00:00:00','12:20:00','13:55:00',507.45,89,57),(1141,'2014-04-29 00:00:00','2014-04-29 00:00:00','16:57:00','19:06:00',625.45,23,170),(1142,'2013-08-28 00:00:00','2013-08-28 00:00:00','19:15:00','20:28:00',778.85,99,165),(1143,'2013-11-09 00:00:00','2013-11-09 00:00:00','11:40:00','13:19:00',574.46,281,215),(1144,'2013-12-28 00:00:00','2013-12-28 00:00:00','07:23:00','08:56:00',475.63,101,196),(1145,'2013-07-02 00:00:00','2013-07-02 00:00:00','07:35:00','09:58:00',435.78,46,128),(1146,'2015-03-21 00:00:00','2015-03-21 00:00:00','00:14:00','01:59:00',231.52,34,276),(1147,'2013-10-25 00:00:00','2013-10-25 00:00:00','21:13:00','22:46:00',250.04,67,155),(1148,'2014-07-03 00:00:00','2014-07-03 00:00:00','16:10:00','17:56:00',452.61,133,110),(1149,'2013-08-14 00:00:00','2013-08-14 00:00:00','19:32:00','20:45:00',695.95,77,172),(1150,'2015-02-21 00:00:00','2015-02-21 00:00:00','10:55:00','12:56:00',287.72,76,214),(1151,'2015-05-28 00:00:00','2015-05-28 00:00:00','16:32:00','18:10:00',236.63,11,147),(1152,'2014-01-21 00:00:00','2014-01-21 00:00:00','08:27:00','10:16:00',293.07,132,238),(1153,'2013-09-30 00:00:00','2013-09-30 00:00:00','21:33:00','22:54:00',635.82,104,63),(1154,'2014-11-30 00:00:00','2014-11-30 00:00:00','07:14:00','09:18:00',155.15,204,77),(1155,'2013-07-19 00:00:00','2013-07-19 00:00:00','00:22:00','01:48:00',258.95,235,229),(1156,'2015-06-05 00:00:00','2015-06-05 00:00:00','02:03:00','03:48:00',770.34,6,274),(1157,'2014-09-01 00:00:00','2014-09-01 00:00:00','05:14:00','06:57:00',750.99,43,229),(1158,'2013-08-13 00:00:00','2013-08-13 00:00:00','02:25:00','04:23:00',408.74,33,261),(1159,'2014-10-27 00:00:00','2014-10-27 00:00:00','00:36:00','02:05:00',518.22,45,7),(1160,'2013-08-12 00:00:00','2013-08-12 00:00:00','15:24:00','16:41:00',779.97,59,73),(1161,'2014-04-08 00:00:00','2014-04-08 00:00:00','20:26:00','22:21:00',322.12,265,213),(1162,'2013-09-20 00:00:00','2013-09-20 00:00:00','15:06:00','16:24:00',344.37,73,244),(1163,'2015-04-02 00:00:00','2015-04-02 00:00:00','06:29:00','08:18:00',343.46,181,266),(1164,'2013-10-11 00:00:00','2013-10-11 00:00:00','08:39:00','10:49:00',150.37,257,17),(1165,'2014-05-04 00:00:00','2014-05-04 00:00:00','13:11:00','15:12:00',383.8,255,12),(1166,'2013-08-15 00:00:00','2013-08-15 00:00:00','05:05:00','06:45:00',721.34,31,204),(1167,'2014-10-17 00:00:00','2014-10-17 00:00:00','19:31:00','21:54:00',314.68,197,19),(1168,'2014-03-30 00:00:00','2014-03-30 00:00:00','03:07:00','05:13:00',791.43,130,203),(1169,'2014-08-29 00:00:00','2014-08-29 00:00:00','00:23:00','02:35:00',357.88,54,62),(1170,'2013-11-23 00:00:00','2013-11-23 00:00:00','20:09:00','22:18:00',381.12,76,38),(1171,'2013-09-08 00:00:00','2013-09-08 00:00:00','07:16:00','08:44:00',290.11,70,190),(1172,'2014-01-10 00:00:00','2014-01-10 00:00:00','04:42:00','05:59:00',391.2,137,243),(1173,'2014-03-16 00:00:00','2014-03-16 00:00:00','13:37:00','15:00:00',372.56,149,200),(1174,'2014-01-15 00:00:00','2014-01-15 00:00:00','14:08:00','15:35:00',591.98,228,77),(1175,'2014-04-10 00:00:00','2014-04-10 00:00:00','02:17:00','04:34:00',390.48,182,127),(1176,'2015-03-26 00:00:00','2015-03-26 00:00:00','13:29:00','15:47:00',746.61,10,120),(1177,'2014-08-17 00:00:00','2014-08-17 00:00:00','02:08:00','04:19:00',572.35,289,202),(1178,'2014-05-10 00:00:00','2014-05-10 00:00:00','15:24:00','17:20:00',103.34,97,49),(1179,'2014-12-08 00:00:00','2014-12-08 00:00:00','09:22:00','11:33:00',260.68,62,59),(1180,'2014-12-29 00:00:00','2014-12-29 00:00:00','20:29:00','22:32:00',313.17,81,135),(1181,'2014-04-15 00:00:00','2014-04-15 00:00:00','05:42:00','07:08:00',341.02,39,57),(1182,'2015-06-02 00:00:00','2015-06-02 00:00:00','17:56:00','19:25:00',352.76,3,109),(1183,'2015-03-29 00:00:00','2015-03-29 00:00:00','01:27:00','02:44:00',699.41,121,172),(1184,'2015-05-30 00:00:00','2015-05-30 00:00:00','14:47:00','16:42:00',727.94,45,117),(1185,'2013-11-09 00:00:00','2013-11-09 00:00:00','02:08:00','04:17:00',109.13,211,275),(1186,'2013-11-09 00:00:00','2013-11-09 00:00:00','05:54:00','07:16:00',199.14,229,50),(1187,'2014-02-06 00:00:00','2014-02-06 00:00:00','01:40:00','03:02:00',683.42,19,88),(1188,'2013-11-24 00:00:00','2013-11-24 00:00:00','01:36:00','03:40:00',336.42,161,223),(1189,'2015-01-03 00:00:00','2015-01-03 00:00:00','02:05:00','03:31:00',177.75,291,47),(1190,'2014-03-04 00:00:00','2014-03-04 00:00:00','20:41:00','22:06:00',564.95,121,61),(1191,'2014-09-28 00:00:00','2014-09-28 00:00:00','03:56:00','05:22:00',500.92,152,238),(1192,'2015-05-23 00:00:00','2015-05-23 00:00:00','06:29:00','08:21:00',606.13,237,3),(1193,'2014-02-09 00:00:00','2014-02-09 00:00:00','07:00:00','08:42:00',246.76,155,153),(1194,'2013-11-13 00:00:00','2013-11-13 00:00:00','00:38:00','02:18:00',504.69,235,81),(1195,'2014-11-25 00:00:00','2014-11-25 00:00:00','01:36:00','03:55:00',216.97,220,267),(1196,'2014-06-26 00:00:00','2014-06-26 00:00:00','08:54:00','10:52:00',673.43,206,11),(1197,'2014-09-29 00:00:00','2014-09-29 00:00:00','00:46:00','02:47:00',184.2,54,136),(1198,'2013-08-01 00:00:00','2013-08-01 00:00:00','20:06:00','21:45:00',798.44,207,121),(1199,'2013-11-08 00:00:00','2013-11-08 00:00:00','11:22:00','13:08:00',542.16,45,223),(1200,'2014-05-23 00:00:00','2014-05-23 00:00:00','16:14:00','17:37:00',153.93,155,98),(1201,'2014-09-24 00:00:00','2014-09-24 00:00:00','17:43:00','19:01:00',350.96,50,101),(1202,'2014-10-20 00:00:00','2014-10-20 00:00:00','07:35:00','08:49:00',419.09,221,8),(1203,'2014-12-14 00:00:00','2014-12-14 00:00:00','19:21:00','21:25:00',229.28,195,242),(1204,'2013-11-02 00:00:00','2013-11-02 00:00:00','00:36:00','02:15:00',185.8,296,125),(1205,'2014-03-07 00:00:00','2014-03-07 00:00:00','00:17:00','02:10:00',181.94,86,147),(1206,'2014-08-20 00:00:00','2014-08-20 00:00:00','14:15:00','16:09:00',113.68,153,94),(1207,'2013-09-01 00:00:00','2013-09-01 00:00:00','06:02:00','07:29:00',562.68,253,277),(1208,'2015-02-19 00:00:00','2015-02-19 00:00:00','13:31:00','15:11:00',632.91,31,93),(1209,'2015-04-15 00:00:00','2015-04-15 00:00:00','09:55:00','11:34:00',641.95,17,148),(1210,'2013-08-14 00:00:00','2013-08-14 00:00:00','13:57:00','16:10:00',188.27,194,153),(1211,'2014-09-06 00:00:00','2014-09-06 00:00:00','12:25:00','13:54:00',124.41,57,202),(1212,'2014-11-13 00:00:00','2014-11-13 00:00:00','16:54:00','18:44:00',733.63,180,98),(1213,'2014-06-04 00:00:00','2014-06-04 00:00:00','07:06:00','08:30:00',568.16,14,87),(1214,'2014-08-05 00:00:00','2014-08-05 00:00:00','06:36:00','08:03:00',472.42,151,43),(1215,'2013-11-28 00:00:00','2013-11-28 00:00:00','18:32:00','20:56:00',438.06,40,89),(1216,'2013-09-21 00:00:00','2013-09-21 00:00:00','11:07:00','12:49:00',545.67,76,4),(1217,'2015-01-26 00:00:00','2015-01-26 00:00:00','20:49:00','23:12:00',588.85,217,70),(1218,'2015-05-07 00:00:00','2015-05-07 00:00:00','15:31:00','16:55:00',413.79,129,197),(1219,'2014-04-10 00:00:00','2014-04-10 00:00:00','00:49:00','02:40:00',371.93,19,244),(1220,'2013-12-24 00:00:00','2013-12-24 00:00:00','19:19:00','20:34:00',356.05,209,46),(1221,'2014-01-25 00:00:00','2014-01-25 00:00:00','14:53:00','16:12:00',774.72,24,174),(1222,'2013-11-20 00:00:00','2013-11-20 00:00:00','05:50:00','08:02:00',763.86,86,48),(1223,'2014-08-16 00:00:00','2014-08-16 00:00:00','07:16:00','08:46:00',199.35,218,166),(1224,'2015-03-09 00:00:00','2015-03-09 00:00:00','02:06:00','03:30:00',485.04,244,103),(1225,'2013-08-25 00:00:00','2013-08-25 00:00:00','13:08:00','15:21:00',583.63,248,226),(1226,'2013-06-28 00:00:00','2013-06-28 00:00:00','11:57:00','14:18:00',664.17,243,252),(1227,'2014-04-17 00:00:00','2014-04-17 00:00:00','21:14:00','22:48:00',437.01,131,74),(1228,'2013-09-05 00:00:00','2013-09-05 00:00:00','21:26:00','23:49:00',514.03,26,82),(1229,'2014-11-13 00:00:00','2014-11-13 00:00:00','07:42:00','09:56:00',512.85,257,229),(1230,'2015-02-28 00:00:00','2015-02-28 00:00:00','08:26:00','10:27:00',543.04,56,56),(1231,'2014-10-14 00:00:00','2014-10-14 00:00:00','16:23:00','17:39:00',631.95,214,86),(1232,'2013-09-22 00:00:00','2013-09-22 00:00:00','21:05:00','22:20:00',106.75,26,172),(1233,'2014-06-19 00:00:00','2014-06-19 00:00:00','11:05:00','12:51:00',604.53,108,152),(1234,'2014-07-03 00:00:00','2014-07-03 00:00:00','00:45:00','02:18:00',559.52,23,183),(1235,'2014-05-14 00:00:00','2014-05-14 00:00:00','13:24:00','15:43:00',174.64,27,52),(1236,'2015-04-13 00:00:00','2015-04-13 00:00:00','10:15:00','12:10:00',194.81,298,212),(1237,'2015-01-30 00:00:00','2015-01-30 00:00:00','15:19:00','16:37:00',366.55,293,60),(1238,'2013-10-22 00:00:00','2013-10-22 00:00:00','17:58:00','20:18:00',397.5,133,145),(1239,'2013-10-17 00:00:00','2013-10-17 00:00:00','00:39:00','01:57:00',320.51,27,241),(1240,'2015-03-26 00:00:00','2015-03-26 00:00:00','04:45:00','06:49:00',595.83,164,95),(1241,'2015-06-06 00:00:00','2015-06-06 00:00:00','21:24:00','22:37:00',516.27,12,122),(1242,'2014-04-13 00:00:00','2014-04-13 00:00:00','00:11:00','01:26:00',107.18,181,255),(1243,'2013-09-21 00:00:00','2013-09-21 00:00:00','16:37:00','18:34:00',308.77,234,121),(1244,'2014-11-29 00:00:00','2014-11-29 00:00:00','00:45:00','02:38:00',456.04,55,206),(1245,'2014-04-24 00:00:00','2014-04-24 00:00:00','00:16:00','01:39:00',324.04,64,35),(1246,'2014-05-08 00:00:00','2014-05-08 00:00:00','05:38:00','07:28:00',588.72,35,139),(1247,'2014-07-05 00:00:00','2014-07-05 00:00:00','02:04:00','03:43:00',282.19,64,257),(1248,'2015-03-13 00:00:00','2015-03-13 00:00:00','13:42:00','15:37:00',241.25,181,202),(1249,'2013-12-08 00:00:00','2013-12-08 00:00:00','10:57:00','12:53:00',453.97,93,134),(1250,'2013-10-05 00:00:00','2013-10-05 00:00:00','00:50:00','02:53:00',153.6,176,96),(1251,'2014-04-24 00:00:00','2014-04-24 00:00:00','14:35:00','16:12:00',229.25,45,269),(1252,'2014-01-31 00:00:00','2014-01-31 00:00:00','15:16:00','17:29:00',125.26,60,59),(1253,'2013-08-09 00:00:00','2013-08-09 00:00:00','09:33:00','11:46:00',613.07,266,208),(1254,'2014-06-07 00:00:00','2014-06-07 00:00:00','04:00:00','05:48:00',116.39,102,63),(1255,'2013-08-23 00:00:00','2013-08-23 00:00:00','20:15:00','22:01:00',663.52,171,272),(1256,'2013-11-10 00:00:00','2013-11-10 00:00:00','21:16:00','23:31:00',295.63,16,113),(1257,'2014-05-30 00:00:00','2014-05-30 00:00:00','09:02:00','11:25:00',190.49,127,102),(1258,'2013-08-11 00:00:00','2013-08-11 00:00:00','18:16:00','19:42:00',587.46,264,48),(1259,'2013-10-12 00:00:00','2013-10-12 00:00:00','09:25:00','11:34:00',456.55,70,247),(1260,'2015-01-28 00:00:00','2015-01-28 00:00:00','02:40:00','04:55:00',456.25,37,242),(1261,'2014-11-14 00:00:00','2014-11-14 00:00:00','14:05:00','16:19:00',235.55,143,202),(1262,'2015-02-01 00:00:00','2015-02-01 00:00:00','14:05:00','15:58:00',401.77,111,254),(1263,'2015-06-12 00:00:00','2015-06-12 00:00:00','21:29:00','22:48:00',737.81,130,126),(1264,'2014-09-19 00:00:00','2014-09-19 00:00:00','03:38:00','05:28:00',768.45,232,168),(1265,'2014-08-20 00:00:00','2014-08-20 00:00:00','02:06:00','03:40:00',797.06,127,264),(1266,'2014-02-03 00:00:00','2014-02-03 00:00:00','19:22:00','21:20:00',555.86,10,248),(1267,'2015-01-29 00:00:00','2015-01-29 00:00:00','15:57:00','17:26:00',263.31,257,162),(1268,'2014-09-20 00:00:00','2014-09-20 00:00:00','20:08:00','21:53:00',493.3,229,184),(1269,'2014-07-28 00:00:00','2014-07-28 00:00:00','07:41:00','09:33:00',666.05,73,226),(1270,'2013-11-01 00:00:00','2013-11-01 00:00:00','20:29:00','22:01:00',532.08,68,32),(1271,'2014-08-05 00:00:00','2014-08-05 00:00:00','09:32:00','10:53:00',276.51,11,111),(1272,'2014-06-08 00:00:00','2014-06-08 00:00:00','18:04:00','19:57:00',144.15,246,197),(1273,'2014-01-01 00:00:00','2014-01-01 00:00:00','09:42:00','12:00:00',283.94,48,53),(1274,'2013-12-03 00:00:00','2013-12-03 00:00:00','08:47:00','11:01:00',280.12,195,13),(1275,'2013-10-14 00:00:00','2013-10-14 00:00:00','00:11:00','01:31:00',498.84,127,210),(1276,'2014-07-17 00:00:00','2014-07-17 00:00:00','06:42:00','08:19:00',735.28,204,213),(1277,'2013-11-07 00:00:00','2013-11-07 00:00:00','18:55:00','21:12:00',667.92,143,130),(1278,'2013-07-20 00:00:00','2013-07-20 00:00:00','05:27:00','07:35:00',659.18,54,12),(1279,'2015-02-28 00:00:00','2015-02-28 00:00:00','19:02:00','21:04:00',416.56,162,223),(1280,'2014-09-29 00:00:00','2014-09-29 00:00:00','10:27:00','12:21:00',762.67,111,36),(1281,'2013-08-04 00:00:00','2013-08-04 00:00:00','19:25:00','20:56:00',396.39,172,230),(1282,'2014-06-01 00:00:00','2014-06-01 00:00:00','17:24:00','19:29:00',663.42,19,95),(1283,'2014-07-23 00:00:00','2014-07-23 00:00:00','12:51:00','14:55:00',308.52,182,60),(1284,'2015-01-06 00:00:00','2015-01-06 00:00:00','20:16:00','22:31:00',794.54,16,272),(1285,'2014-08-02 00:00:00','2014-08-02 00:00:00','01:00:00','02:55:00',308.09,288,26),(1286,'2015-04-02 00:00:00','2015-04-02 00:00:00','13:56:00','15:46:00',508.08,29,40),(1287,'2013-08-26 00:00:00','2013-08-26 00:00:00','14:07:00','15:36:00',198.03,5,196),(1288,'2014-01-05 00:00:00','2014-01-05 00:00:00','08:09:00','09:37:00',508.36,21,73),(1290,'2013-11-29 00:00:00','2013-11-29 00:00:00','16:58:00','18:51:00',681.37,20,171),(1291,'2015-02-26 00:00:00','2015-02-26 00:00:00','01:52:00','03:39:00',599.36,258,253),(1292,'2014-12-24 00:00:00','2014-12-24 00:00:00','00:05:00','02:08:00',391.16,45,183),(1293,'2014-11-12 00:00:00','2014-11-12 00:00:00','00:57:00','02:31:00',182.68,262,91),(1294,'2015-04-30 00:00:00','2015-04-30 00:00:00','02:14:00','04:25:00',198.93,110,254),(1295,'2014-09-02 00:00:00','2014-09-02 00:00:00','04:40:00','06:30:00',702.12,262,137),(1296,'2013-09-20 00:00:00','2013-09-20 00:00:00','02:17:00','03:39:00',778.66,120,186),(1297,'2014-12-06 00:00:00','2014-12-06 00:00:00','02:43:00','04:30:00',501.75,161,242),(1298,'2014-02-07 00:00:00','2014-02-07 00:00:00','08:16:00','09:48:00',184.7,25,272),(1299,'2014-10-28 00:00:00','2014-10-28 00:00:00','10:37:00','12:28:00',320.2,78,2),(1300,'2014-08-07 00:00:00','2014-08-07 00:00:00','08:14:00','10:30:00',196.65,52,33),(1301,'2015-06-14 00:00:00','2015-06-14 00:00:00','05:14:00','07:14:00',535.8,152,59),(1302,'2014-02-13 00:00:00','2014-02-13 00:00:00','00:07:00','01:50:00',252.13,216,226),(1303,'2013-08-15 00:00:00','2013-08-15 00:00:00','20:02:00','22:17:00',434.86,176,27),(1304,'2015-02-07 00:00:00','2015-02-07 00:00:00','10:57:00','12:57:00',666.18,112,92),(1305,'2013-07-08 00:00:00','2013-07-08 00:00:00','14:38:00','16:08:00',447.84,287,127),(1306,'2015-06-14 00:00:00','2015-06-14 00:00:00','15:09:00','16:44:00',577.26,105,108),(1307,'2014-01-13 00:00:00','2014-01-13 00:00:00','09:08:00','10:48:00',110.42,197,42),(1308,'2014-02-18 00:00:00','2014-02-18 00:00:00','05:00:00','06:37:00',694.54,74,238),(1309,'2014-08-31 00:00:00','2014-08-31 00:00:00','02:20:00','04:06:00',771.04,2,206),(1310,'2014-11-10 00:00:00','2014-11-10 00:00:00','01:46:00','03:47:00',523.02,227,158),(1311,'2014-06-17 00:00:00','2014-06-17 00:00:00','07:29:00','09:37:00',751.85,76,181),(1312,'2014-08-05 00:00:00','2014-08-05 00:00:00','02:26:00','03:38:00',347.59,85,82),(1313,'2014-01-06 00:00:00','2014-01-06 00:00:00','00:03:00','01:35:00',287.82,125,153);
/*!40000 ALTER TABLE `voo` ENABLE KEYS */;
UNLOCK TABLES;
/*!40103 SET TIME_ZONE=@OLD_TIME_ZONE */;

/*!40101 SET SQL_MODE=@OLD_SQL_MODE */;
/*!40014 SET FOREIGN_KEY_CHECKS=@OLD_FOREIGN_KEY_CHECKS */;
/*!40014 SET UNIQUE_CHECKS=@OLD_UNIQUE_CHECKS */;
/*!40101 SET CHARACTER_SET_CLIENT=@OLD_CHARACTER_SET_CLIENT */;
/*!40101 SET CHARACTER_SET_RESULTS=@OLD_CHARACTER_SET_RESULTS */;
/*!40101 SET COLLATION_CONNECTION=@OLD_COLLATION_CONNECTION */;
/*!40111 SET SQL_NOTES=@OLD_SQL_NOTES */;

-- Dump completed on 2015-01-20 10:58:03
